-- MySQL Script generated by MySQL Workbench
-- Wed Mar 24 13:47:28 2021
-- Model: FIP-OP    Version: 
-- MySQL Workbench Forward Engineering

SET @OLD_UNIQUE_CHECKS=@@UNIQUE_CHECKS, UNIQUE_CHECKS=0;
SET @OLD_FOREIGN_KEY_CHECKS=@@FOREIGN_KEY_CHECKS, FOREIGN_KEY_CHECKS=0;
SET @OLD_SQL_MODE=@@SQL_MODE, SQL_MODE='TRADITIONAL,ALLOW_INVALID_DATES';

-- -----------------------------------------------------
-- Schema FIPOP
-- -----------------------------------------------------

-- -----------------------------------------------------
-- Schema FIPOP
-- -----------------------------------------------------
CREATE SCHEMA IF NOT EXISTS `FIPOP` DEFAULT CHARACTER SET utf8 ;
USE `FIPOP` ;

-- -----------------------------------------------------
-- Table `FIPOP`.`actor`
-- -----------------------------------------------------
CREATE TABLE IF NOT EXISTS `FIPOP`.`actor` (
  `id` INT NOT NULL AUTO_INCREMENT,
  `actor_type_id` INT NOT NULL,
  `display_name_actor_name_id` INT NULL,
  `birth_name_actor_name_id` INT NULL,
  `primary_address_id` INT NULL,
  `primary_email_address_id` INT NULL,
  `primary_phone_number_id` INT NULL,
  `created_by_user_account_id` INT NOT NULL,
  `last_edited_by_user_account_id` INT NULL,
  `is_fictional` TINYINT(1) NULL,
  `created_at` TIMESTAMP NOT NULL DEFAULT CURRENT_TIMESTAMP,
  `last_edited_at` TIMESTAMP NULL,
  PRIMARY KEY (`id`),
  CONSTRAINT `fk_actor_user_account1`
    FOREIGN KEY (`created_by_user_account_id`)
    REFERENCES `FIPOP`.`user_account` (`id`)
    ON DELETE NO ACTION
    ON UPDATE NO ACTION,
  CONSTRAINT `fk_actor_user_account2`
    FOREIGN KEY (`last_edited_by_user_account_id`)
    REFERENCES `FIPOP`.`user_account` (`id`)
    ON DELETE NO ACTION
    ON UPDATE NO ACTION,
  CONSTRAINT `fk_actor_actor_name1`
    FOREIGN KEY (`birth_name_actor_name_id`)
    REFERENCES `FIPOP`.`actor_name` (`id`)
    ON DELETE SET NULL
    ON UPDATE NO ACTION,
  CONSTRAINT `fk_actor_phone_number1`
    FOREIGN KEY (`primary_phone_number_id`)
    REFERENCES `FIPOP`.`phone_number` (`id`)
    ON DELETE NO ACTION
    ON UPDATE NO ACTION,
  CONSTRAINT `fk_actor_email_address1`
    FOREIGN KEY (`primary_email_address_id`)
    REFERENCES `FIPOP`.`email_address` (`id`)
    ON DELETE NO ACTION
    ON UPDATE NO ACTION,
  CONSTRAINT `fk_actor_address1`
    FOREIGN KEY (`primary_address_id`)
    REFERENCES `FIPOP`.`address` (`id`)
    ON DELETE NO ACTION
    ON UPDATE NO ACTION,
  CONSTRAINT `fk_actor_actor_type1`
    FOREIGN KEY (`actor_type_id`)
    REFERENCES `FIPOP`.`actor_type` (`id`)
    ON DELETE NO ACTION
    ON UPDATE NO ACTION,
  CONSTRAINT `fk_actor_actor_name2`
    FOREIGN KEY (`display_name_actor_name_id`)
    REFERENCES `FIPOP`.`actor_name` (`id`)
    ON DELETE SET NULL
    ON UPDATE NO ACTION)
ENGINE = InnoDB;

CREATE INDEX `fk_actor_user_account1_idx` ON `FIPOP`.`actor` (`created_by_user_account_id` ASC);

CREATE INDEX `fk_actor_user_account2_idx` ON `FIPOP`.`actor` (`last_edited_by_user_account_id` ASC);

CREATE INDEX `fk_actor_actor_name1_idx` ON `FIPOP`.`actor` (`birth_name_actor_name_id` ASC);

CREATE INDEX `fk_actor_phone_number1_idx` ON `FIPOP`.`actor` (`primary_phone_number_id` ASC);

CREATE INDEX `fk_actor_email_address1_idx` ON `FIPOP`.`actor` (`primary_email_address_id` ASC);

CREATE INDEX `fk_actor_address1_idx` ON `FIPOP`.`actor` (`primary_address_id` ASC);

CREATE INDEX `fk_actor_actor_type1_idx` ON `FIPOP`.`actor` (`actor_type_id` ASC);

CREATE INDEX `fk_actor_actor_name2_idx` ON `FIPOP`.`actor` (`display_name_actor_name_id` ASC);


-- -----------------------------------------------------
-- Table `FIPOP`.`actor_actor_relationship_type`
-- -----------------------------------------------------
CREATE TABLE IF NOT EXISTS `FIPOP`.`actor_actor_relationship_type` (
  `id` INT NOT NULL AUTO_INCREMENT,
  PRIMARY KEY (`id`))
ENGINE = InnoDB;


-- -----------------------------------------------------
-- Table `FIPOP`.`actor_actor_relationship_type_translation`
-- -----------------------------------------------------
CREATE TABLE IF NOT EXISTS `FIPOP`.`actor_actor_relationship_type_translation` (
  `id` INT NOT NULL AUTO_INCREMENT,
  `actor_actor_relationship_type_id` INT NOT NULL,
  `language_id` INT NOT NULL,
  `type` VARCHAR(45) NOT NULL,
  PRIMARY KEY (`id`),
  CONSTRAINT `fk_actor_actor_relationship_type_translation_actor_actor_relat1`
    FOREIGN KEY (`actor_actor_relationship_type_id`)
    REFERENCES `FIPOP`.`actor_actor_relationship_type` (`id`)
    ON DELETE CASCADE
    ON UPDATE NO ACTION,
  CONSTRAINT `fk_actor_actor_relationship_type_translation_language1`
    FOREIGN KEY (`language_id`)
    REFERENCES `FIPOP`.`language` (`id`)
    ON DELETE NO ACTION
    ON UPDATE NO ACTION)
ENGINE = InnoDB;

CREATE INDEX `fk_actor_actor_relationship_type_translation_actor_actor_r1_idx` ON `FIPOP`.`actor_actor_relationship_type_translation` (`actor_actor_relationship_type_id` ASC);

CREATE INDEX `fk_actor_actor_relationship_type_translation_language1_idx` ON `FIPOP`.`actor_actor_relationship_type_translation` (`language_id` ASC);


-- -----------------------------------------------------
-- Table `FIPOP`.`actor_collective`
-- -----------------------------------------------------
CREATE TABLE IF NOT EXISTS `FIPOP`.`actor_collective` (
  `actor_id` INT NOT NULL,
  `founded` DATE NULL,
  `disbanded` DATE NULL,
  PRIMARY KEY (`actor_id`),
  CONSTRAINT `fk_actor_collective_actor1`
    FOREIGN KEY (`actor_id`)
    REFERENCES `FIPOP`.`actor` (`id`)
    ON DELETE CASCADE
    ON UPDATE NO ACTION)
ENGINE = InnoDB;


-- -----------------------------------------------------
-- Table `FIPOP`.`actor_has_address`
-- -----------------------------------------------------
CREATE TABLE IF NOT EXISTS `FIPOP`.`actor_has_address` (
  `actor_id` INT NOT NULL,
  `address_id` INT NOT NULL,
  `address_type_id` INT NULL,
  `used_from` DATE NULL,
  `used_until` DATE NULL,
  PRIMARY KEY (`actor_id`, `address_id`),
  CONSTRAINT `fk_actor_has_address_actor1`
    FOREIGN KEY (`actor_id`)
    REFERENCES `FIPOP`.`actor` (`id`)
    ON DELETE CASCADE
    ON UPDATE NO ACTION,
  CONSTRAINT `fk_actor_has_address_address1`
    FOREIGN KEY (`address_id`)
    REFERENCES `FIPOP`.`address` (`id`)
    ON DELETE CASCADE
    ON UPDATE NO ACTION,
  CONSTRAINT `fk_actor_has_address_address_type1`
    FOREIGN KEY (`address_type_id`)
    REFERENCES `FIPOP`.`address_type` (`id`)
    ON DELETE NO ACTION
    ON UPDATE NO ACTION)
ENGINE = InnoDB;

CREATE INDEX `fk_actor_has_address_address1_idx` ON `FIPOP`.`actor_has_address` (`address_id` ASC);

CREATE INDEX `fk_actor_has_address_actor1_idx` ON `FIPOP`.`actor_has_address` (`actor_id` ASC);

CREATE INDEX `fk_actor_has_address_address_type1_idx` ON `FIPOP`.`actor_has_address` (`address_type_id` ASC);


-- -----------------------------------------------------
-- Table `FIPOP`.`actor_has_email_address`
-- -----------------------------------------------------
CREATE TABLE IF NOT EXISTS `FIPOP`.`actor_has_email_address` (
  `actor_id` INT NOT NULL,
  `email_address_id` INT NOT NULL,
  `email_address_type_id` INT NULL,
  PRIMARY KEY (`actor_id`, `email_address_id`),
  CONSTRAINT `fk_actor_has_email_address_actor1`
    FOREIGN KEY (`actor_id`)
    REFERENCES `FIPOP`.`actor` (`id`)
    ON DELETE CASCADE
    ON UPDATE NO ACTION,
  CONSTRAINT `fk_actor_has_email_address_email_address1`
    FOREIGN KEY (`email_address_id`)
    REFERENCES `FIPOP`.`email_address` (`id`)
    ON DELETE CASCADE
    ON UPDATE NO ACTION,
  CONSTRAINT `fk_actor_has_email_address_email_address_type1`
    FOREIGN KEY (`email_address_type_id`)
    REFERENCES `FIPOP`.`email_address_type` (`id`)
    ON DELETE NO ACTION
    ON UPDATE NO ACTION)
ENGINE = InnoDB;

CREATE INDEX `fk_actor_has_email_address_email_address1_idx` ON `FIPOP`.`actor_has_email_address` (`email_address_id` ASC);

CREATE INDEX `fk_actor_has_email_address_actor1_idx` ON `FIPOP`.`actor_has_email_address` (`actor_id` ASC);

CREATE INDEX `fk_actor_has_email_address_email_address_type1_idx` ON `FIPOP`.`actor_has_email_address` (`email_address_type_id` ASC);


-- -----------------------------------------------------
-- Table `FIPOP`.`actor_has_medium_image`
-- -----------------------------------------------------
CREATE TABLE IF NOT EXISTS `FIPOP`.`actor_has_medium_image` (
  `actor_id` INT NOT NULL,
  `medium_image_medium_id` INT NOT NULL,
  PRIMARY KEY (`actor_id`, `medium_image_medium_id`),
  CONSTRAINT `fk_actor_has_medium_image_actor1`
    FOREIGN KEY (`actor_id`)
    REFERENCES `FIPOP`.`actor` (`id`)
    ON DELETE CASCADE
    ON UPDATE NO ACTION,
  CONSTRAINT `fk_actor_has_medium_image_medium_image1`
    FOREIGN KEY (`medium_image_medium_id`)
    REFERENCES `FIPOP`.`medium_image` (`medium_id`)
    ON DELETE CASCADE
    ON UPDATE NO ACTION)
ENGINE = InnoDB;

CREATE INDEX `fk_actor_has_medium_image_medium_image1_idx` ON `FIPOP`.`actor_has_medium_image` (`medium_image_medium_id` ASC);

CREATE INDEX `fk_actor_has_medium_image_actor1_idx` ON `FIPOP`.`actor_has_medium_image` (`actor_id` ASC);


-- -----------------------------------------------------
-- Table `FIPOP`.`actor_has_phone_number`
-- -----------------------------------------------------
CREATE TABLE IF NOT EXISTS `FIPOP`.`actor_has_phone_number` (
  `actor_id` INT NOT NULL,
  `phone_number_id` INT NOT NULL,
  `phone_number_type_id` INT NULL,
  PRIMARY KEY (`actor_id`, `phone_number_id`),
  CONSTRAINT `fk_actor_has_phone_number_actor1`
    FOREIGN KEY (`actor_id`)
    REFERENCES `FIPOP`.`actor` (`id`)
    ON DELETE CASCADE
    ON UPDATE NO ACTION,
  CONSTRAINT `fk_actor_has_phone_number_phone_number1`
    FOREIGN KEY (`phone_number_id`)
    REFERENCES `FIPOP`.`phone_number` (`id`)
    ON DELETE CASCADE
    ON UPDATE NO ACTION,
  CONSTRAINT `fk_actor_has_phone_number_phone_number_type1`
    FOREIGN KEY (`phone_number_type_id`)
    REFERENCES `FIPOP`.`phone_number_type` (`id`)
    ON DELETE NO ACTION
    ON UPDATE NO ACTION)
ENGINE = InnoDB;

CREATE INDEX `fk_actor_has_phone_number_phone_number1_idx` ON `FIPOP`.`actor_has_phone_number` (`phone_number_id` ASC);

CREATE INDEX `fk_actor_has_phone_number_actor1_idx` ON `FIPOP`.`actor_has_phone_number` (`actor_id` ASC);

CREATE INDEX `fk_actor_has_phone_number_phone_number_type1_idx` ON `FIPOP`.`actor_has_phone_number` (`phone_number_type_id` ASC);


-- -----------------------------------------------------
-- Table `FIPOP`.`actor_has_role`
-- -----------------------------------------------------
CREATE TABLE IF NOT EXISTS `FIPOP`.`actor_has_role` (
  `actor_id` INT NOT NULL,
  `role_id` INT NOT NULL,
  PRIMARY KEY (`actor_id`, `role_id`),
  CONSTRAINT `fk_actor_has_role_actor1`
    FOREIGN KEY (`actor_id`)
    REFERENCES `FIPOP`.`actor` (`id`)
    ON DELETE CASCADE
    ON UPDATE NO ACTION,
  CONSTRAINT `fk_actor_has_role_role1`
    FOREIGN KEY (`role_id`)
    REFERENCES `FIPOP`.`role` (`id`)
    ON DELETE CASCADE
    ON UPDATE NO ACTION)
ENGINE = InnoDB;

CREATE INDEX `fk_actor_has_role_role1_idx` ON `FIPOP`.`actor_has_role` (`role_id` ASC);

CREATE INDEX `fk_actor_has_role_actor1_idx` ON `FIPOP`.`actor_has_role` (`actor_id` ASC);


-- -----------------------------------------------------
-- Table `FIPOP`.`actor_has_tag`
-- -----------------------------------------------------
CREATE TABLE IF NOT EXISTS `FIPOP`.`actor_has_tag` (
  `actor_id` INT NOT NULL,
  `tag_id` INT NOT NULL,
  PRIMARY KEY (`actor_id`, `tag_id`),
  CONSTRAINT `fk_actor_has_tag_actor1`
    FOREIGN KEY (`actor_id`)
    REFERENCES `FIPOP`.`actor` (`id`)
    ON DELETE CASCADE
    ON UPDATE NO ACTION,
  CONSTRAINT `fk_actor_has_tag_tag1`
    FOREIGN KEY (`tag_id`)
    REFERENCES `FIPOP`.`tag` (`id`)
    ON DELETE CASCADE
    ON UPDATE NO ACTION)
ENGINE = InnoDB;

CREATE INDEX `fk_actor_has_tag_tag1_idx` ON `FIPOP`.`actor_has_tag` (`tag_id` ASC);

CREATE INDEX `fk_actor_has_tag_actor1_idx` ON `FIPOP`.`actor_has_tag` (`actor_id` ASC);


-- -----------------------------------------------------
-- Table `FIPOP`.`actor_is_located_in_country`
-- -----------------------------------------------------
CREATE TABLE IF NOT EXISTS `FIPOP`.`actor_is_located_in_country` (
  `actor_id` INT NOT NULL,
  `country_location_id` INT NOT NULL,
  `from` DATE NULL,
  `until` DATE NULL,
  PRIMARY KEY (`actor_id`, `country_location_id`),
  CONSTRAINT `fk_actor_is_located_in_country_actor1`
    FOREIGN KEY (`actor_id`)
    REFERENCES `FIPOP`.`actor` (`id`)
    ON DELETE NO ACTION
    ON UPDATE NO ACTION,
  CONSTRAINT `fk_actor_is_located_in_country_country1`
    FOREIGN KEY (`country_location_id`)
    REFERENCES `FIPOP`.`country` (`location_id`)
    ON DELETE NO ACTION
    ON UPDATE NO ACTION)
ENGINE = InnoDB;

CREATE INDEX `fk_actor_is_located_in_country_actor1_idx` ON `FIPOP`.`actor_is_located_in_country` (`actor_id` ASC);

CREATE INDEX `fk_actor_is_located_in_country_country1_idx` ON `FIPOP`.`actor_is_located_in_country` (`country_location_id` ASC);


-- -----------------------------------------------------
-- Table `FIPOP`.`actor_name`
-- -----------------------------------------------------
CREATE TABLE IF NOT EXISTS `FIPOP`.`actor_name` (
  `id` INT NOT NULL AUTO_INCREMENT,
  `actor_id` INT NOT NULL,
  `name` VARCHAR(255) NULL,
  `used_from` DATE NULL,
  `used_until` DATE NULL,
  PRIMARY KEY (`id`),
  CONSTRAINT `fk_actor_name_actor1`
    FOREIGN KEY (`actor_id`)
    REFERENCES `FIPOP`.`actor` (`id`)
    ON DELETE CASCADE
    ON UPDATE NO ACTION)
ENGINE = InnoDB;

CREATE INDEX `fk_actor_name_actor1_idx` ON `FIPOP`.`actor_name` (`actor_id` ASC);


-- -----------------------------------------------------
-- Table `FIPOP`.`actor_person`
-- -----------------------------------------------------
CREATE TABLE IF NOT EXISTS `FIPOP`.`actor_person` (
  `actor_id` INT NOT NULL,
  `place_of_birth_city_location_id` INT NULL,
  `place_of_death_city_location_id` INT NULL,
  `sex_id` INT NULL,
  `academic_title_id` INT NULL,
  `date_of_birth` DATE NULL,
  `day_of_death` DATE NULL,
  `title` VARCHAR(100) NULL,
  PRIMARY KEY (`actor_id`),
  CONSTRAINT `fk_actor_person_sex1`
    FOREIGN KEY (`sex_id`)
    REFERENCES `FIPOP`.`sex` (`id`)
    ON DELETE NO ACTION
    ON UPDATE NO ACTION,
  CONSTRAINT `fk_actor_person_city_location1`
    FOREIGN KEY (`place_of_birth_city_location_id`)
    REFERENCES `FIPOP`.`city` (`location_id`)
    ON DELETE NO ACTION
    ON UPDATE NO ACTION,
  CONSTRAINT `fk_actor_person_city_location2`
    FOREIGN KEY (`place_of_death_city_location_id`)
    REFERENCES `FIPOP`.`city` (`location_id`)
    ON DELETE NO ACTION
    ON UPDATE NO ACTION,
  CONSTRAINT `fk_actor_person_actor1`
    FOREIGN KEY (`actor_id`)
    REFERENCES `FIPOP`.`actor` (`id`)
    ON DELETE CASCADE
    ON UPDATE NO ACTION)
ENGINE = InnoDB;

CREATE INDEX `fk_actor_person_sex1_idx` ON `FIPOP`.`actor_person` (`sex_id` ASC);

CREATE INDEX `fk_actor_person_city_location1_idx` ON `FIPOP`.`actor_person` (`place_of_birth_city_location_id` ASC);

CREATE INDEX `fk_actor_person_city_location2_idx` ON `FIPOP`.`actor_person` (`place_of_death_city_location_id` ASC);


-- -----------------------------------------------------
-- Table `FIPOP`.`actor_person_has_citizenship`
-- -----------------------------------------------------
CREATE TABLE IF NOT EXISTS `FIPOP`.`actor_person_has_citizenship` (
  `actor_person_actor_id` INT NOT NULL,
  `citizenship_id` INT NOT NULL,
  PRIMARY KEY (`actor_person_actor_id`, `citizenship_id`),
  CONSTRAINT `fk_actor_person_has_citizenship_citizenship1`
    FOREIGN KEY (`citizenship_id`)
    REFERENCES `FIPOP`.`citizenship` (`id`)
    ON DELETE CASCADE
    ON UPDATE NO ACTION,
  CONSTRAINT `fk_actor_person_has_citizenship_person1`
    FOREIGN KEY (`actor_person_actor_id`)
    REFERENCES `FIPOP`.`actor_person` (`actor_id`)
    ON DELETE CASCADE
    ON UPDATE NO ACTION)
ENGINE = InnoDB;

CREATE INDEX `fk_actor_person_has_citizenship_citizenship1_idx` ON `FIPOP`.`actor_person_has_citizenship` (`citizenship_id` ASC);

CREATE INDEX `fk_actor_person_has_citizenship_person1_idx` ON `FIPOP`.`actor_person_has_citizenship` (`actor_person_actor_id` ASC);


-- -----------------------------------------------------
-- Table `FIPOP`.`actor_person_is_member_of_actor_collective`
-- -----------------------------------------------------
CREATE TABLE IF NOT EXISTS `FIPOP`.`actor_person_is_member_of_actor_collective` (
  `actor_person_actor_id` INT NOT NULL,
  `member_of_actor_collective_actor_id` INT NOT NULL,
  PRIMARY KEY (`actor_person_actor_id`, `member_of_actor_collective_actor_id`),
  CONSTRAINT `fk_actor_person_is_member_of_actor_collective_person1`
    FOREIGN KEY (`actor_person_actor_id`)
    REFERENCES `FIPOP`.`actor_person` (`actor_id`)
    ON DELETE CASCADE
    ON UPDATE NO ACTION,
  CONSTRAINT `fk_actor_person_is_member_of_actor_collective_collective1`
    FOREIGN KEY (`member_of_actor_collective_actor_id`)
    REFERENCES `FIPOP`.`actor_collective` (`actor_id`)
    ON DELETE CASCADE
    ON UPDATE NO ACTION)
ENGINE = InnoDB;

CREATE INDEX `fk_actor_person_is_member_of_actor_collective_person1_idx` ON `FIPOP`.`actor_person_is_member_of_actor_collective` (`actor_person_actor_id` ASC);

CREATE INDEX `fk_actor_person_is_member_of_actor_collective_collective1_idx` ON `FIPOP`.`actor_person_is_member_of_actor_collective` (`member_of_actor_collective_actor_id` ASC);


-- -----------------------------------------------------
-- Table `FIPOP`.`actor_person_translation`
-- -----------------------------------------------------
CREATE TABLE IF NOT EXISTS `FIPOP`.`actor_person_translation` (
  `id` INT NOT NULL AUTO_INCREMENT,
  `actor_person_actor_id` INT NOT NULL,
  `language_id` INT NOT NULL,
  `special_features` VARCHAR(4096) NOT NULL,
  PRIMARY KEY (`id`),
  CONSTRAINT `fk_actor_person_translation_person1`
    FOREIGN KEY (`actor_person_actor_id`)
    REFERENCES `FIPOP`.`actor_person` (`actor_id`)
    ON DELETE CASCADE
    ON UPDATE NO ACTION,
  CONSTRAINT `fk_actor_person_translation_language1`
    FOREIGN KEY (`language_id`)
    REFERENCES `FIPOP`.`language` (`id`)
    ON DELETE NO ACTION
    ON UPDATE NO ACTION)
ENGINE = InnoDB;

CREATE INDEX `fk_actor_person_translation_person1_idx` ON `FIPOP`.`actor_person_translation` (`actor_person_actor_id` ASC);

CREATE INDEX `fk_actor_person_translation_language1_idx` ON `FIPOP`.`actor_person_translation` (`language_id` ASC);


-- -----------------------------------------------------
-- Table `FIPOP`.`actor_relates_to_actor`
-- -----------------------------------------------------
CREATE TABLE IF NOT EXISTS `FIPOP`.`actor_relates_to_actor` (
  `actor_id` INT NOT NULL,
  `relates_to_actor_id` INT NOT NULL,
  `actor_actor_relationship_type_id` INT NOT NULL,
  PRIMARY KEY (`actor_id`, `relates_to_actor_id`),
  CONSTRAINT `fk_actor_relates_to_actor_actor1`
    FOREIGN KEY (`actor_id`)
    REFERENCES `FIPOP`.`actor` (`id`)
    ON DELETE NO ACTION
    ON UPDATE NO ACTION,
  CONSTRAINT `fk_actor_relates_to_actor_actor2`
    FOREIGN KEY (`relates_to_actor_id`)
    REFERENCES `FIPOP`.`actor` (`id`)
    ON DELETE NO ACTION
    ON UPDATE NO ACTION,
  CONSTRAINT `fk_actor_relates_to_actor_actor_actor_relationship_type1`
    FOREIGN KEY (`actor_actor_relationship_type_id`)
    REFERENCES `FIPOP`.`actor_actor_relationship_type` (`id`)
    ON DELETE NO ACTION
    ON UPDATE NO ACTION)
ENGINE = InnoDB;

CREATE INDEX `fk_actor_relates_to_actor_actor2_idx` ON `FIPOP`.`actor_relates_to_actor` (`relates_to_actor_id` ASC);

CREATE INDEX `fk_actor_relates_to_actor_actor1_idx` ON `FIPOP`.`actor_relates_to_actor` (`actor_id` ASC);

CREATE INDEX `fk_actor_relates_to_actor_actor_actor_relationship_type1_idx` ON `FIPOP`.`actor_relates_to_actor` (`actor_actor_relationship_type_id` ASC);


-- -----------------------------------------------------
-- Table `FIPOP`.`actor_type`
-- -----------------------------------------------------
CREATE TABLE IF NOT EXISTS `FIPOP`.`actor_type` (
  `id` INT NOT NULL AUTO_INCREMENT,
  PRIMARY KEY (`id`))
ENGINE = InnoDB;


-- -----------------------------------------------------
-- Table `FIPOP`.`actor_type_translation`
-- -----------------------------------------------------
CREATE TABLE IF NOT EXISTS `FIPOP`.`actor_type_translation` (
  `id` INT NOT NULL AUTO_INCREMENT,
  `actor_type_id` INT NOT NULL,
  `language_id` INT NOT NULL,
  `type` VARCHAR(45) NOT NULL,
  PRIMARY KEY (`id`),
  CONSTRAINT `fk_actor_type_translation_actor_type1`
    FOREIGN KEY (`actor_type_id`)
    REFERENCES `FIPOP`.`actor_type` (`id`)
    ON DELETE CASCADE
    ON UPDATE NO ACTION,
  CONSTRAINT `fk_actor_type_translation_language1`
    FOREIGN KEY (`language_id`)
    REFERENCES `FIPOP`.`language` (`id`)
    ON DELETE NO ACTION
    ON UPDATE NO ACTION)
ENGINE = InnoDB;

CREATE INDEX `fk_actor_type_translation_actor_type1_idx` ON `FIPOP`.`actor_type_translation` (`actor_type_id` ASC);

CREATE INDEX `fk_actor_type_translation_language1_idx` ON `FIPOP`.`actor_type_translation` (`language_id` ASC);


-- -----------------------------------------------------
-- Table `FIPOP`.`address`
-- -----------------------------------------------------
CREATE TABLE IF NOT EXISTS `FIPOP`.`address` (
  `id` INT NOT NULL AUTO_INCREMENT,
  `street_location_id` INT NOT NULL,
  `street_number` VARCHAR(10) NULL,
  `street_addition` VARCHAR(50) NULL,
  `postal_code` VARCHAR(8) NULL,
  `post_office_box` VARCHAR(10) NULL,
  PRIMARY KEY (`id`),
  CONSTRAINT `fk_address_street1`
    FOREIGN KEY (`street_location_id`)
    REFERENCES `FIPOP`.`street` (`location_id`)
    ON DELETE NO ACTION
    ON UPDATE NO ACTION)
ENGINE = InnoDB;

CREATE INDEX `fk_address_street1_idx` ON `FIPOP`.`address` (`street_location_id` ASC);


-- -----------------------------------------------------
-- Table `FIPOP`.`address_type`
-- -----------------------------------------------------
CREATE TABLE IF NOT EXISTS `FIPOP`.`address_type` (
  `id` INT NOT NULL AUTO_INCREMENT,
  PRIMARY KEY (`id`))
ENGINE = InnoDB;


-- -----------------------------------------------------
-- Table `FIPOP`.`address_type_translation`
-- -----------------------------------------------------
CREATE TABLE IF NOT EXISTS `FIPOP`.`address_type_translation` (
  `id` INT NOT NULL AUTO_INCREMENT,
  `address_type_id` INT NOT NULL,
  `language_id` INT NOT NULL,
  `type` VARCHAR(45) NOT NULL,
  PRIMARY KEY (`id`),
  CONSTRAINT `fk_address_type_translation_address_type1`
    FOREIGN KEY (`address_type_id`)
    REFERENCES `FIPOP`.`address_type` (`id`)
    ON DELETE CASCADE
    ON UPDATE NO ACTION,
  CONSTRAINT `fk_address_type_translation_language1`
    FOREIGN KEY (`language_id`)
    REFERENCES `FIPOP`.`language` (`id`)
    ON DELETE NO ACTION
    ON UPDATE NO ACTION)
ENGINE = InnoDB;

CREATE INDEX `fk_address_type_translation_address_type1_idx` ON `FIPOP`.`address_type_translation` (`address_type_id` ASC);

CREATE INDEX `fk_address_type_translation_language1_idx` ON `FIPOP`.`address_type_translation` (`language_id` ASC);


-- -----------------------------------------------------
-- Table `FIPOP`.`ambience`
-- -----------------------------------------------------
CREATE TABLE IF NOT EXISTS `FIPOP`.`ambience` (
  `id` INT NOT NULL AUTO_INCREMENT,
  `ambience_type_id` INT NOT NULL,
  `ambience_subtype_id` INT NULL,
  PRIMARY KEY (`id`),
  CONSTRAINT `fk_ambience_ambience_type1`
    FOREIGN KEY (`ambience_type_id`)
    REFERENCES `FIPOP`.`ambience_type` (`id`)
    ON DELETE NO ACTION
    ON UPDATE NO ACTION,
  CONSTRAINT `fk_ambience_ambience_subtype1`
    FOREIGN KEY (`ambience_subtype_id`)
    REFERENCES `FIPOP`.`ambience_subtype` (`id`)
    ON DELETE NO ACTION
    ON UPDATE NO ACTION)
ENGINE = InnoDB;

CREATE INDEX `fk_ambience_ambience_type1_idx` ON `FIPOP`.`ambience` (`ambience_type_id` ASC);

CREATE INDEX `fk_ambience_ambience_subtype1_idx` ON `FIPOP`.`ambience` (`ambience_subtype_id` ASC);


-- -----------------------------------------------------
-- Table `FIPOP`.`ambience_subtype`
-- -----------------------------------------------------
CREATE TABLE IF NOT EXISTS `FIPOP`.`ambience_subtype` (
  `id` INT NOT NULL AUTO_INCREMENT,
  PRIMARY KEY (`id`))
ENGINE = InnoDB;


-- -----------------------------------------------------
-- Table `FIPOP`.`ambience_subtype_translation`
-- -----------------------------------------------------
CREATE TABLE IF NOT EXISTS `FIPOP`.`ambience_subtype_translation` (
  `id` INT NOT NULL AUTO_INCREMENT,
  `ambience_subtype_id` INT NOT NULL,
  `language_id` INT NOT NULL,
  `subtype` VARCHAR(45) NOT NULL,
  PRIMARY KEY (`id`),
  CONSTRAINT `fk_ambience_subtype_translation_ambience_subtype1`
    FOREIGN KEY (`ambience_subtype_id`)
    REFERENCES `FIPOP`.`ambience_subtype` (`id`)
    ON DELETE CASCADE
    ON UPDATE NO ACTION,
  CONSTRAINT `fk_ambience_subtype_translation_language1`
    FOREIGN KEY (`language_id`)
    REFERENCES `FIPOP`.`language` (`id`)
    ON DELETE NO ACTION
    ON UPDATE NO ACTION)
ENGINE = InnoDB;

CREATE INDEX `fk_ambience_subtype_translation_ambience_subtype1_idx` ON `FIPOP`.`ambience_subtype_translation` (`ambience_subtype_id` ASC);

CREATE INDEX `fk_ambience_subtype_translation_language1_idx` ON `FIPOP`.`ambience_subtype_translation` (`language_id` ASC);


-- -----------------------------------------------------
-- Table `FIPOP`.`ambience_type`
-- -----------------------------------------------------
CREATE TABLE IF NOT EXISTS `FIPOP`.`ambience_type` (
  `id` INT NOT NULL AUTO_INCREMENT,
  PRIMARY KEY (`id`))
ENGINE = InnoDB;


-- -----------------------------------------------------
-- Table `FIPOP`.`ambience_type_translation`
-- -----------------------------------------------------
CREATE TABLE IF NOT EXISTS `FIPOP`.`ambience_type_translation` (
  `id` INT NOT NULL AUTO_INCREMENT,
  `ambience_type_id` INT NOT NULL,
  `language_id` INT NOT NULL,
  `type` VARCHAR(45) NOT NULL,
  PRIMARY KEY (`id`),
  CONSTRAINT `fk_ambience_type_translation_ambience_type1`
    FOREIGN KEY (`ambience_type_id`)
    REFERENCES `FIPOP`.`ambience_type` (`id`)
    ON DELETE CASCADE
    ON UPDATE NO ACTION,
  CONSTRAINT `fk_ambience_type_translation_language1`
    FOREIGN KEY (`language_id`)
    REFERENCES `FIPOP`.`language` (`id`)
    ON DELETE NO ACTION
    ON UPDATE NO ACTION)
ENGINE = InnoDB;

CREATE INDEX `fk_ambience_type_translation_ambience_type1_idx` ON `FIPOP`.`ambience_type_translation` (`ambience_type_id` ASC);

CREATE INDEX `fk_ambience_type_translation_language1_idx` ON `FIPOP`.`ambience_type_translation` (`language_id` ASC);


-- -----------------------------------------------------
-- Table `FIPOP`.`analysis`
-- -----------------------------------------------------
CREATE TABLE IF NOT EXISTS `FIPOP`.`analysis` (
  `id` INT NOT NULL AUTO_INCREMENT,
  `annotation_id` INT NOT NULL,
  `analysis_method_id` INT NOT NULL,
  `preproduction` TEXT NULL,
  `remark` TEXT NULL,
  PRIMARY KEY (`id`),
  CONSTRAINT `fk_analysis_annotation1`
    FOREIGN KEY (`annotation_id`)
    REFERENCES `FIPOP`.`annotation` (`id`)
    ON DELETE CASCADE
    ON UPDATE NO ACTION,
  CONSTRAINT `fk_analysis_analysis_method1`
    FOREIGN KEY (`analysis_method_id`)
    REFERENCES `FIPOP`.`analysis_method` (`id`)
    ON DELETE CASCADE
    ON UPDATE NO ACTION)
ENGINE = InnoDB;

CREATE INDEX `fk_analysis_annotation1_idx` ON `FIPOP`.`analysis` (`annotation_id` ASC);

CREATE INDEX `fk_analysis_analysis_method1_idx` ON `FIPOP`.`analysis` (`analysis_method_id` ASC);


-- -----------------------------------------------------
-- Table `FIPOP`.`analysis_action`
-- -----------------------------------------------------
CREATE TABLE IF NOT EXISTS `FIPOP`.`analysis_action` (
  `id` INT NOT NULL AUTO_INCREMENT,
  `analysis_scene_id` INT NOT NULL,
  `start_time` INT(11) NOT NULL,
  `end_time` INT(11) NOT NULL,
  PRIMARY KEY (`id`),
  CONSTRAINT `fk_analysis_action_analysis_scene1`
    FOREIGN KEY (`analysis_scene_id`)
    REFERENCES `FIPOP`.`analysis_scene` (`id`)
    ON DELETE CASCADE
    ON UPDATE NO ACTION)
ENGINE = InnoDB;

CREATE INDEX `fk_analysis_action_analysis_scene1_idx` ON `FIPOP`.`analysis_action` (`analysis_scene_id` ASC);


-- -----------------------------------------------------
-- Table `FIPOP`.`analysis_action_has_category`
-- -----------------------------------------------------
CREATE TABLE IF NOT EXISTS `FIPOP`.`analysis_action_has_category` (
  `analysis_action_id` INT NOT NULL,
  `category_id` INT NOT NULL,
  PRIMARY KEY (`analysis_action_id`, `category_id`),
  CONSTRAINT `fk_analysis_action_has_category_analysis_action1`
    FOREIGN KEY (`analysis_action_id`)
    REFERENCES `FIPOP`.`analysis_action` (`id`)
    ON DELETE CASCADE
    ON UPDATE NO ACTION,
  CONSTRAINT `fk_analysis_action_has_category_category1`
    FOREIGN KEY (`category_id`)
    REFERENCES `FIPOP`.`category` (`id`)
    ON DELETE CASCADE
    ON UPDATE NO ACTION)
ENGINE = InnoDB;

CREATE INDEX `fk_analysis_action_has_category_category1_idx` ON `FIPOP`.`analysis_action_has_category` (`category_id` ASC);

CREATE INDEX `fk_analysis_action_has_category_analysis_action1_idx` ON `FIPOP`.`analysis_action_has_category` (`analysis_action_id` ASC);


-- -----------------------------------------------------
-- Table `FIPOP`.`analysis_action_translation`
-- -----------------------------------------------------
CREATE TABLE IF NOT EXISTS `FIPOP`.`analysis_action_translation` (
  `id` INT NOT NULL AUTO_INCREMENT,
  `analysis_action_id` INT NOT NULL,
  `language_id` INT NOT NULL,
  `name` VARCHAR(255) NOT NULL,
  `short_description` VARCHAR(255) NULL,
  `comment` VARCHAR(4096) NULL,
  `transcript` TEXT NULL,
  PRIMARY KEY (`id`),
  CONSTRAINT `fk_analysis_action_translation_analysis_action1`
    FOREIGN KEY (`analysis_action_id`)
    REFERENCES `FIPOP`.`analysis_action` (`id`)
    ON DELETE CASCADE
    ON UPDATE NO ACTION,
  CONSTRAINT `fk_analysis_action_translation_language1`
    FOREIGN KEY (`language_id`)
    REFERENCES `FIPOP`.`language` (`id`)
    ON DELETE NO ACTION
    ON UPDATE NO ACTION)
ENGINE = InnoDB;

CREATE INDEX `fk_analysis_action_translation_analysis_action1_idx` ON `FIPOP`.`analysis_action_translation` (`analysis_action_id` ASC);

CREATE INDEX `fk_analysis_action_translation_language1_idx` ON `FIPOP`.`analysis_action_translation` (`language_id` ASC);


-- -----------------------------------------------------
-- Table `FIPOP`.`analysis_ambient_sound`
-- -----------------------------------------------------
CREATE TABLE IF NOT EXISTS `FIPOP`.`analysis_ambient_sound` (
  `analysis_method_id` INT NOT NULL,
  PRIMARY KEY (`analysis_method_id`),
  CONSTRAINT `fk_analysis_ambient_sound_analysis_method1`
    FOREIGN KEY (`analysis_method_id`)
    REFERENCES `FIPOP`.`analysis_method` (`id`)
    ON DELETE CASCADE
    ON UPDATE NO ACTION)
ENGINE = InnoDB;

CREATE INDEX `fk_analysis_ambient_sound_analysis_method1_idx` ON `FIPOP`.`analysis_ambient_sound` (`analysis_method_id` ASC);


-- -----------------------------------------------------
-- Table `FIPOP`.`analysis_ambient_sound_has_ambience`
-- -----------------------------------------------------
CREATE TABLE IF NOT EXISTS `FIPOP`.`analysis_ambient_sound_has_ambience` (
  `analysis_ambient_sound_analysis_method_id` INT NOT NULL,
  `ambience_id` INT NOT NULL,
  `audio_post_production_id` INT NOT NULL,
  PRIMARY KEY (`analysis_ambient_sound_analysis_method_id`, `ambience_id`),
  CONSTRAINT `fk_analysis_ambient_sound_has_ambience_analysis_ambient_sound1`
    FOREIGN KEY (`analysis_ambient_sound_analysis_method_id`)
    REFERENCES `FIPOP`.`analysis_ambient_sound` (`analysis_method_id`)
    ON DELETE CASCADE
    ON UPDATE NO ACTION,
  CONSTRAINT `fk_analysis_ambient_sound_has_ambience_ambience1`
    FOREIGN KEY (`ambience_id`)
    REFERENCES `FIPOP`.`ambience` (`id`)
    ON DELETE NO ACTION
    ON UPDATE NO ACTION,
  CONSTRAINT `fk_analysis_ambient_sound_has_ambience_audio_post_production1`
    FOREIGN KEY (`audio_post_production_id`)
    REFERENCES `FIPOP`.`audio_post_production` (`id`)
    ON DELETE NO ACTION
    ON UPDATE NO ACTION)
ENGINE = InnoDB;

CREATE INDEX `fk_analysis_ambient_sound_has_ambience_ambience1_idx` ON `FIPOP`.`analysis_ambient_sound_has_ambience` (`ambience_id` ASC);

CREATE INDEX `fk_analysis_ambient_sound_has_ambience_audio_post_producti1_idx` ON `FIPOP`.`analysis_ambient_sound_has_ambience` (`audio_post_production_id` ASC);

CREATE INDEX `fk_analysis_ambient_sound_has_ambience_analysis_ambient_so1_idx` ON `FIPOP`.`analysis_ambient_sound_has_ambience` (`analysis_ambient_sound_analysis_method_id` ASC);


-- -----------------------------------------------------
-- Table `FIPOP`.`analysis_ambient_sound_has_noise`
-- -----------------------------------------------------
CREATE TABLE IF NOT EXISTS `FIPOP`.`analysis_ambient_sound_has_noise` (
  `analysis_ambient_sound_analysis_method_id` INT NOT NULL,
  `noise_id` INT NOT NULL,
  `audio_post_production_id` INT NOT NULL,
  PRIMARY KEY (`analysis_ambient_sound_analysis_method_id`, `noise_id`),
  CONSTRAINT `fk_analysis_ambient_sound_has_noise_analysis_ambient_sound1`
    FOREIGN KEY (`analysis_ambient_sound_analysis_method_id`)
    REFERENCES `FIPOP`.`analysis_ambient_sound` (`analysis_method_id`)
    ON DELETE CASCADE
    ON UPDATE NO ACTION,
  CONSTRAINT `fk_analysis_ambient_sound_has_noise_noise1`
    FOREIGN KEY (`noise_id`)
    REFERENCES `FIPOP`.`noise` (`id`)
    ON DELETE NO ACTION
    ON UPDATE NO ACTION,
  CONSTRAINT `fk_analysis_ambient_sound_has_noise_audio_post_production1`
    FOREIGN KEY (`audio_post_production_id`)
    REFERENCES `FIPOP`.`audio_post_production` (`id`)
    ON DELETE NO ACTION
    ON UPDATE NO ACTION)
ENGINE = InnoDB;

CREATE INDEX `fk_analysis_ambient_sound_has_noise_noise1_idx` ON `FIPOP`.`analysis_ambient_sound_has_noise` (`noise_id` ASC);

CREATE INDEX `fk_analysis_ambient_sound_has_noise_audio_post_production1_idx` ON `FIPOP`.`analysis_ambient_sound_has_noise` (`audio_post_production_id` ASC);

CREATE INDEX `fk_analysis_ambient_sound_has_noise_analysis_ambient_sound1_idx` ON `FIPOP`.`analysis_ambient_sound_has_noise` (`analysis_ambient_sound_analysis_method_id` ASC);


-- -----------------------------------------------------
-- Table `FIPOP`.`analysis_ambient_sound_has_sound_effect`
-- -----------------------------------------------------
CREATE TABLE IF NOT EXISTS `FIPOP`.`analysis_ambient_sound_has_sound_effect` (
  `analysis_ambient_sound_analysis_method_id` INT NOT NULL,
  `sound_effect_id` INT NOT NULL,
  `audio_post_production_id` INT NOT NULL,
  PRIMARY KEY (`analysis_ambient_sound_analysis_method_id`, `sound_effect_id`),
  CONSTRAINT `fk_analysis_ambient_sound_has_sound_effect_analysis_ambient_so1`
    FOREIGN KEY (`analysis_ambient_sound_analysis_method_id`)
    REFERENCES `FIPOP`.`analysis_ambient_sound` (`analysis_method_id`)
    ON DELETE CASCADE
    ON UPDATE NO ACTION,
  CONSTRAINT `fk_analysis_ambient_sound_has_sound_effect_sound_effect1`
    FOREIGN KEY (`sound_effect_id`)
    REFERENCES `FIPOP`.`sound_effect` (`id`)
    ON DELETE NO ACTION
    ON UPDATE NO ACTION,
  CONSTRAINT `fk_analysis_ambient_sound_has_sound_effect_audio_post_producti1`
    FOREIGN KEY (`audio_post_production_id`)
    REFERENCES `FIPOP`.`audio_post_production` (`id`)
    ON DELETE NO ACTION
    ON UPDATE NO ACTION)
ENGINE = InnoDB;

CREATE INDEX `fk_analysis_ambient_sound_has_sound_effect_sound_effect_idx` ON `FIPOP`.`analysis_ambient_sound_has_sound_effect` (`sound_effect_id` ASC);

CREATE INDEX `fk_analysis_ambient_sound_has_sound_effect_audio_post_produc_idx` ON `FIPOP`.`analysis_ambient_sound_has_sound_effect` (`audio_post_production_id` ASC);

CREATE INDEX `fk_analysis_ambient_sound_has_sound_effect_analyis_ambient_idx` ON `FIPOP`.`analysis_ambient_sound_has_sound_effect` (`analysis_ambient_sound_analysis_method_id` ASC);


-- -----------------------------------------------------
-- Table `FIPOP`.`analysis_method`
-- -----------------------------------------------------
CREATE TABLE IF NOT EXISTS `FIPOP`.`analysis_method` (
  `id` INT NOT NULL AUTO_INCREMENT,
  `analysis_method_type_id` INT NOT NULL,
  PRIMARY KEY (`id`),
  CONSTRAINT `fk_analysis_method_analysis_method_type1`
    FOREIGN KEY (`analysis_method_type_id`)
    REFERENCES `FIPOP`.`analysis_method_type` (`id`)
    ON DELETE NO ACTION
    ON UPDATE NO ACTION)
ENGINE = InnoDB
AUTO_INCREMENT = 1000;

CREATE INDEX `fk_analysis_method_analysis_method_type1_idx` ON `FIPOP`.`analysis_method` (`analysis_method_type_id` ASC);


-- -----------------------------------------------------
-- Table `FIPOP`.`analysis_method_has_religious_reference`
-- -----------------------------------------------------
CREATE TABLE IF NOT EXISTS `FIPOP`.`analysis_method_has_religious_reference` (
  `religious_reference_id` INT NOT NULL,
  `analysis_method_id` INT NOT NULL,
  PRIMARY KEY (`religious_reference_id`, `analysis_method_id`),
  CONSTRAINT `fk_analysis_method_has_religious_reference_religious_referenc1`
    FOREIGN KEY (`religious_reference_id`)
    REFERENCES `FIPOP`.`religious_reference` (`id`)
    ON DELETE CASCADE
    ON UPDATE NO ACTION,
  CONSTRAINT `fk_analysis_method_has_religious_reference_analysis_method1`
    FOREIGN KEY (`analysis_method_id`)
    REFERENCES `FIPOP`.`analysis_method` (`id`)
    ON DELETE CASCADE
    ON UPDATE NO ACTION)
ENGINE = InnoDB;

CREATE INDEX `fk_analysis_method_has_religious_reference_religious_refe1_idx` ON `FIPOP`.`analysis_method_has_religious_reference` (`religious_reference_id` ASC);

CREATE INDEX `fk_analysis_method_has_religious_reference_analysis_method_idx` ON `FIPOP`.`analysis_method_has_religious_reference` (`analysis_method_id` ASC);


-- -----------------------------------------------------
-- Table `FIPOP`.`analysis_method_type`
-- -----------------------------------------------------
CREATE TABLE IF NOT EXISTS `FIPOP`.`analysis_method_type` (
  `id` INT NOT NULL AUTO_INCREMENT,
  `is_static` TINYINT(1) NULL,
  PRIMARY KEY (`id`))
ENGINE = InnoDB;


-- -----------------------------------------------------
-- Table `FIPOP`.`analysis_method_type_translation`
-- -----------------------------------------------------
CREATE TABLE IF NOT EXISTS `FIPOP`.`analysis_method_type_translation` (
  `id` INT NOT NULL AUTO_INCREMENT,
  `language_id` INT NOT NULL,
  `analysis_method_type_id` INT NOT NULL,
  `name` VARCHAR(255) NOT NULL,
  PRIMARY KEY (`id`),
  CONSTRAINT `fk_analysis_method_type_translation_language1`
    FOREIGN KEY (`language_id`)
    REFERENCES `FIPOP`.`language` (`id`)
    ON DELETE NO ACTION
    ON UPDATE NO ACTION,
  CONSTRAINT `fk_analysis_method_type_translation_analysis_method_type1`
    FOREIGN KEY (`analysis_method_type_id`)
    REFERENCES `FIPOP`.`analysis_method_type` (`id`)
    ON DELETE NO ACTION
    ON UPDATE NO ACTION)
ENGINE = InnoDB;

CREATE INDEX `fk_analysis_method_type_translation_language1_idx` ON `FIPOP`.`analysis_method_type_translation` (`language_id` ASC);

CREATE INDEX `fk_analysis_method_type_translation_analysis_method_type1_idx` ON `FIPOP`.`analysis_method_type_translation` (`analysis_method_type_id` ASC);


-- -----------------------------------------------------
-- Table `FIPOP`.`analysis_music`
-- -----------------------------------------------------
CREATE TABLE IF NOT EXISTS `FIPOP`.`analysis_music` (
  `analysis_method_id` INT NOT NULL,
  `audio_post_production_id` INT NULL,
  `song_structure_id` INT NULL,
  `tempo_marking_id` INT NULL,
  `change_in_tempo_id` INT NULL,
  `rhythm_id` INT NULL,
  `dynamic_marking_id` INT NULL,
  `change_in_dynamics_id` INT NULL,
  `musical_key_id` INT NULL,
  `timbre_id` INT NULL,
  `articulation_id` INT NULL,
  `jins_id` INT NULL,
  `maqam_id` INT NULL,
  `melody` VARCHAR(50) NULL,
  `tempo` SMALLINT(4) UNSIGNED NULL,
  `harmony` VARCHAR(50) NULL,
  `is_pause` TINYINT(1) NOT NULL DEFAULT 0,
  PRIMARY KEY (`analysis_method_id`),
  CONSTRAINT `fk_analysis_music_tempo_marking1`
    FOREIGN KEY (`tempo_marking_id`)
    REFERENCES `FIPOP`.`tempo_marking` (`id`)
    ON DELETE NO ACTION
    ON UPDATE NO ACTION,
  CONSTRAINT `fk_analysis_music_change_in_tempo1`
    FOREIGN KEY (`change_in_tempo_id`)
    REFERENCES `FIPOP`.`change_in_tempo` (`id`)
    ON DELETE NO ACTION
    ON UPDATE NO ACTION,
  CONSTRAINT `fk_analysis_music_rhythm1`
    FOREIGN KEY (`rhythm_id`)
    REFERENCES `FIPOP`.`rhythm` (`id`)
    ON DELETE NO ACTION
    ON UPDATE NO ACTION,
  CONSTRAINT `fk_analysis_music_dynamics1`
    FOREIGN KEY (`dynamic_marking_id`)
    REFERENCES `FIPOP`.`dynamic_marking` (`id`)
    ON DELETE NO ACTION
    ON UPDATE NO ACTION,
  CONSTRAINT `fk_analysis_music_audio_post_production1`
    FOREIGN KEY (`audio_post_production_id`)
    REFERENCES `FIPOP`.`audio_post_production` (`id`)
    ON DELETE NO ACTION
    ON UPDATE NO ACTION,
  CONSTRAINT `fk_analysis_music_change_in_dynamics1`
    FOREIGN KEY (`change_in_dynamics_id`)
    REFERENCES `FIPOP`.`change_in_dynamics` (`id`)
    ON DELETE NO ACTION
    ON UPDATE NO ACTION,
  CONSTRAINT `fk_analysis_music_structure1`
    FOREIGN KEY (`song_structure_id`)
    REFERENCES `FIPOP`.`song_structure` (`id`)
    ON DELETE NO ACTION
    ON UPDATE NO ACTION,
  CONSTRAINT `fk_analysis_music_timbre1`
    FOREIGN KEY (`timbre_id`)
    REFERENCES `FIPOP`.`timbre` (`id`)
    ON DELETE NO ACTION
    ON UPDATE NO ACTION,
  CONSTRAINT `fk_analysis_music_articulation1`
    FOREIGN KEY (`articulation_id`)
    REFERENCES `FIPOP`.`articulation` (`id`)
    ON DELETE NO ACTION
    ON UPDATE NO ACTION,
  CONSTRAINT `fk_analysis_music_musical_key1`
    FOREIGN KEY (`musical_key_id`)
    REFERENCES `FIPOP`.`musical_key` (`id`)
    ON DELETE NO ACTION
    ON UPDATE NO ACTION,
  CONSTRAINT `fk_analysis_music_analysis_method1`
    FOREIGN KEY (`analysis_method_id`)
    REFERENCES `FIPOP`.`analysis_method` (`id`)
    ON DELETE CASCADE
    ON UPDATE NO ACTION,
  CONSTRAINT `fk_analysis_music_jins1`
    FOREIGN KEY (`jins_id`)
    REFERENCES `FIPOP`.`jins` (`id`)
    ON DELETE NO ACTION
    ON UPDATE NO ACTION,
  CONSTRAINT `fk_analysis_music_maqam1`
    FOREIGN KEY (`maqam_id`)
    REFERENCES `FIPOP`.`maqam` (`id`)
    ON DELETE NO ACTION
    ON UPDATE NO ACTION)
ENGINE = InnoDB;

CREATE INDEX `fk_analysis_music_tempo_marking1_idx` ON `FIPOP`.`analysis_music` (`tempo_marking_id` ASC);

CREATE INDEX `fk_analysis_music_change_in_tempo1_idx` ON `FIPOP`.`analysis_music` (`change_in_tempo_id` ASC);

CREATE INDEX `fk_analysis_music_rhythm1_idx` ON `FIPOP`.`analysis_music` (`rhythm_id` ASC);

CREATE INDEX `fk_analysis_music_dynamics1_idx` ON `FIPOP`.`analysis_music` (`dynamic_marking_id` ASC);

CREATE INDEX `fk_analysis_music_audio_post_production1_idx` ON `FIPOP`.`analysis_music` (`audio_post_production_id` ASC);

CREATE INDEX `fk_analysis_music_change_in_dynamics1_idx` ON `FIPOP`.`analysis_music` (`change_in_dynamics_id` ASC);

CREATE INDEX `fk_analysis_music_structure1_idx` ON `FIPOP`.`analysis_music` (`song_structure_id` ASC);

CREATE INDEX `fk_analysis_music_timbre1_idx` ON `FIPOP`.`analysis_music` (`timbre_id` ASC);

CREATE INDEX `fk_analysis_music_articulation1_idx` ON `FIPOP`.`analysis_music` (`articulation_id` ASC);

CREATE INDEX `fk_analysis_music_musical_key1_idx` ON `FIPOP`.`analysis_music` (`musical_key_id` ASC);

CREATE INDEX `fk_analysis_music_analysis_method1_idx` ON `FIPOP`.`analysis_music` (`analysis_method_id` ASC);

CREATE INDEX `fk_analysis_music_jins1_idx` ON `FIPOP`.`analysis_music` (`jins_id` ASC);

CREATE INDEX `fk_analysis_music_maqam1_idx` ON `FIPOP`.`analysis_music` (`maqam_id` ASC);


-- -----------------------------------------------------
-- Table `FIPOP`.`analysis_music_has_genre`
-- -----------------------------------------------------
CREATE TABLE IF NOT EXISTS `FIPOP`.`analysis_music_has_genre` (
  `analysis_music_analysis_method_id` INT NOT NULL,
  `genre_id` INT NOT NULL,
  PRIMARY KEY (`analysis_music_analysis_method_id`, `genre_id`),
  CONSTRAINT `fk_analysis_music_has_genre_analysis_music1`
    FOREIGN KEY (`analysis_music_analysis_method_id`)
    REFERENCES `FIPOP`.`analysis_music` (`analysis_method_id`)
    ON DELETE NO ACTION
    ON UPDATE NO ACTION,
  CONSTRAINT `fk_analysis_music_has_genre_genre1`
    FOREIGN KEY (`genre_id`)
    REFERENCES `FIPOP`.`genre` (`id`)
    ON DELETE NO ACTION
    ON UPDATE NO ACTION)
ENGINE = InnoDB;

CREATE INDEX `fk_analysis_music_has_genre_genre1_idx` ON `FIPOP`.`analysis_music_has_genre` (`genre_id` ASC);

CREATE INDEX `fk_analysis_music_has_genre_analysis_music1_idx` ON `FIPOP`.`analysis_music_has_genre` (`analysis_music_analysis_method_id` ASC);


-- -----------------------------------------------------
-- Table `FIPOP`.`analysis_music_has_lineup_member`
-- -----------------------------------------------------
CREATE TABLE IF NOT EXISTS `FIPOP`.`analysis_music_has_lineup_member` (
  `analysis_music_analysis_method_id` INT NOT NULL,
  `lineup_member_id` INT NOT NULL,
  PRIMARY KEY (`analysis_music_analysis_method_id`, `lineup_member_id`),
  CONSTRAINT `fk_analysis_music_has_lineup_member_analysis_music1`
    FOREIGN KEY (`analysis_music_analysis_method_id`)
    REFERENCES `FIPOP`.`analysis_music` (`analysis_method_id`)
    ON DELETE CASCADE
    ON UPDATE NO ACTION,
  CONSTRAINT `fk_analysis_music_has_lineup_member_lineup_member1`
    FOREIGN KEY (`lineup_member_id`)
    REFERENCES `FIPOP`.`lineup_member` (`id`)
    ON DELETE CASCADE
    ON UPDATE NO ACTION)
ENGINE = InnoDB;

CREATE INDEX `fk_analysis_music_has_lineup_member_lineup_member1_idx` ON `FIPOP`.`analysis_music_has_lineup_member` (`lineup_member_id` ASC);

CREATE INDEX `fk_analysis_music_has_lineup_member_analysis_music1_idx` ON `FIPOP`.`analysis_music_has_lineup_member` (`analysis_music_analysis_method_id` ASC);


-- -----------------------------------------------------
-- Table `FIPOP`.`analysis_scene`
-- -----------------------------------------------------
CREATE TABLE IF NOT EXISTS `FIPOP`.`analysis_scene` (
  `id` INT NOT NULL AUTO_INCREMENT,
  `analysis_segment_id` INT NOT NULL,
  `start_time` INT(11) NOT NULL,
  `end_time` INT(11) NOT NULL,
  PRIMARY KEY (`id`),
  CONSTRAINT `fk_analysis_scene_analysis_segment1`
    FOREIGN KEY (`analysis_segment_id`)
    REFERENCES `FIPOP`.`analysis_segment` (`id`)
    ON DELETE CASCADE
    ON UPDATE NO ACTION)
ENGINE = InnoDB;

CREATE INDEX `fk_analysis_scene_analysis_segment1_idx` ON `FIPOP`.`analysis_scene` (`analysis_segment_id` ASC);


-- -----------------------------------------------------
-- Table `FIPOP`.`analysis_scene_has_category`
-- -----------------------------------------------------
CREATE TABLE IF NOT EXISTS `FIPOP`.`analysis_scene_has_category` (
  `analysis_scene_id` INT NOT NULL,
  `category_id` INT NOT NULL,
  PRIMARY KEY (`analysis_scene_id`, `category_id`),
  CONSTRAINT `fk_analysis_scene_has_category_analysis_scene1`
    FOREIGN KEY (`analysis_scene_id`)
    REFERENCES `FIPOP`.`analysis_scene` (`id`)
    ON DELETE CASCADE
    ON UPDATE NO ACTION,
  CONSTRAINT `fk_analysis_scene_has_category_category1`
    FOREIGN KEY (`category_id`)
    REFERENCES `FIPOP`.`category` (`id`)
    ON DELETE CASCADE
    ON UPDATE NO ACTION)
ENGINE = InnoDB;

CREATE INDEX `fk_analysis_scene_has_category_category1_idx` ON `FIPOP`.`analysis_scene_has_category` (`category_id` ASC);

CREATE INDEX `fk_analysis_scene_has_category_analysis_scene1_idx` ON `FIPOP`.`analysis_scene_has_category` (`analysis_scene_id` ASC);


-- -----------------------------------------------------
-- Table `FIPOP`.`analysis_scene_translation`
-- -----------------------------------------------------
CREATE TABLE IF NOT EXISTS `FIPOP`.`analysis_scene_translation` (
  `id` INT NOT NULL AUTO_INCREMENT,
  `analysis_scene_id` INT NOT NULL,
  `language_id` INT NOT NULL,
  `name` VARCHAR(255) NOT NULL,
  `short_description` VARCHAR(255) NULL,
  `comment` VARCHAR(4096) NULL,
  `transcript` TEXT NULL,
  PRIMARY KEY (`id`),
  CONSTRAINT `fk_analysis_scene_translation_analysis_scene1`
    FOREIGN KEY (`analysis_scene_id`)
    REFERENCES `FIPOP`.`analysis_scene` (`id`)
    ON DELETE CASCADE
    ON UPDATE NO ACTION,
  CONSTRAINT `fk_analysis_scene_translation_language1`
    FOREIGN KEY (`language_id`)
    REFERENCES `FIPOP`.`language` (`id`)
    ON DELETE NO ACTION
    ON UPDATE NO ACTION)
ENGINE = InnoDB;

CREATE INDEX `fk_analysis_scene_translation_analysis_scene1_idx` ON `FIPOP`.`analysis_scene_translation` (`analysis_scene_id` ASC);

CREATE INDEX `fk_analysis_scene_translation_language1_idx` ON `FIPOP`.`analysis_scene_translation` (`language_id` ASC);


-- -----------------------------------------------------
-- Table `FIPOP`.`analysis_segment`
-- -----------------------------------------------------
CREATE TABLE IF NOT EXISTS `FIPOP`.`analysis_segment` (
  `id` INT NOT NULL AUTO_INCREMENT,
  `analysis_list_id` INT NOT NULL,
  `start_time` INT NOT NULL,
  `end_time` INT NOT NULL,
  PRIMARY KEY (`id`),
  CONSTRAINT `fk_analysis_segment_analysis_list1`
    FOREIGN KEY (`analysis_list_id`)
    REFERENCES `FIPOP`.`medium_analysis_list` (`id`)
    ON DELETE CASCADE
    ON UPDATE NO ACTION)
ENGINE = InnoDB
COMMENT = '		';

CREATE INDEX `fk_analysis_segment_analysis_list1_idx` ON `FIPOP`.`analysis_segment` (`analysis_list_id` ASC);


-- -----------------------------------------------------
-- Table `FIPOP`.`analysis_segment_has_category`
-- -----------------------------------------------------
CREATE TABLE IF NOT EXISTS `FIPOP`.`analysis_segment_has_category` (
  `analysis_segment_id` INT NOT NULL,
  `category_id` INT NOT NULL,
  PRIMARY KEY (`analysis_segment_id`, `category_id`),
  CONSTRAINT `fk_analysis_segment_has_category_analysis_segment1`
    FOREIGN KEY (`analysis_segment_id`)
    REFERENCES `FIPOP`.`analysis_segment` (`id`)
    ON DELETE CASCADE
    ON UPDATE NO ACTION,
  CONSTRAINT `fk_analysis_segment_has_category_category1`
    FOREIGN KEY (`category_id`)
    REFERENCES `FIPOP`.`category` (`id`)
    ON DELETE CASCADE
    ON UPDATE NO ACTION)
ENGINE = InnoDB;

CREATE INDEX `fk_analysis_segment_has_category_category1_idx` ON `FIPOP`.`analysis_segment_has_category` (`category_id` ASC);

CREATE INDEX `fk_analysis_segment_has_category_analysis_segment1_idx` ON `FIPOP`.`analysis_segment_has_category` (`analysis_segment_id` ASC);


-- -----------------------------------------------------
-- Table `FIPOP`.`analysis_segment_translation`
-- -----------------------------------------------------
CREATE TABLE IF NOT EXISTS `FIPOP`.`analysis_segment_translation` (
  `id` INT NOT NULL AUTO_INCREMENT,
  `analysis_segment_id` INT NOT NULL,
  `language_id` INT NOT NULL,
  `name` VARCHAR(255) NOT NULL,
  `short_description` VARCHAR(255) NULL,
  `comment` VARCHAR(4096) NULL,
  `transcript` TEXT NULL,
  PRIMARY KEY (`id`),
  CONSTRAINT `fk_analysis_segment_translation_language1`
    FOREIGN KEY (`language_id`)
    REFERENCES `FIPOP`.`language` (`id`)
    ON DELETE NO ACTION
    ON UPDATE NO ACTION,
  CONSTRAINT `fk_analysis_segment_translation_analysis_segment1`
    FOREIGN KEY (`analysis_segment_id`)
    REFERENCES `FIPOP`.`analysis_segment` (`id`)
    ON DELETE CASCADE
    ON UPDATE NO ACTION)
ENGINE = InnoDB;

CREATE INDEX `fk_analysis_segment_translation_language1_idx` ON `FIPOP`.`analysis_segment_translation` (`language_id` ASC);

CREATE INDEX `fk_analysis_segment_translation_analysis_segment1_idx` ON `FIPOP`.`analysis_segment_translation` (`analysis_segment_id` ASC);


-- -----------------------------------------------------
-- Table `FIPOP`.`analysis_sequence`
-- -----------------------------------------------------
CREATE TABLE IF NOT EXISTS `FIPOP`.`analysis_sequence` (
  `id` INT NOT NULL AUTO_INCREMENT,
  `analysis_segment_id` INT NOT NULL,
  `start_time` INT(11) NOT NULL,
  `end_time` INT(11) NOT NULL,
  PRIMARY KEY (`id`),
  CONSTRAINT `fk_analysis_sequence_analysis_segment1`
    FOREIGN KEY (`analysis_segment_id`)
    REFERENCES `FIPOP`.`analysis_segment` (`id`)
    ON DELETE CASCADE
    ON UPDATE NO ACTION)
ENGINE = InnoDB;

CREATE INDEX `fk_analysis_sequence_analysis_segment1_idx` ON `FIPOP`.`analysis_sequence` (`analysis_segment_id` ASC);


-- -----------------------------------------------------
-- Table `FIPOP`.`analysis_sequence_has_category`
-- -----------------------------------------------------
CREATE TABLE IF NOT EXISTS `FIPOP`.`analysis_sequence_has_category` (
  `analysis_sequence_id` INT NOT NULL,
  `category_id` INT NOT NULL,
  PRIMARY KEY (`analysis_sequence_id`, `category_id`),
  CONSTRAINT `fk_analysis_sequence_has_category_analysis_sequence1`
    FOREIGN KEY (`analysis_sequence_id`)
    REFERENCES `FIPOP`.`analysis_sequence` (`id`)
    ON DELETE CASCADE
    ON UPDATE NO ACTION,
  CONSTRAINT `fk_analysis_sequence_has_category_category1`
    FOREIGN KEY (`category_id`)
    REFERENCES `FIPOP`.`category` (`id`)
    ON DELETE CASCADE
    ON UPDATE NO ACTION)
ENGINE = InnoDB;

CREATE INDEX `fk_analysis_sequence_has_category_category1_idx` ON `FIPOP`.`analysis_sequence_has_category` (`category_id` ASC);

CREATE INDEX `fk_analysis_sequence_has_category_analysis_sequence1_idx` ON `FIPOP`.`analysis_sequence_has_category` (`analysis_sequence_id` ASC);


-- -----------------------------------------------------
-- Table `FIPOP`.`analysis_sequence_translation`
-- -----------------------------------------------------
CREATE TABLE IF NOT EXISTS `FIPOP`.`analysis_sequence_translation` (
  `id` INT NOT NULL AUTO_INCREMENT,
  `analysis_sequence_id` INT NOT NULL,
  `language_id` INT NOT NULL,
  `name` VARCHAR(255) NOT NULL,
  `short_description` VARCHAR(255) NULL,
  `comment` VARCHAR(4096) NULL,
  `transcript` TEXT NULL,
  PRIMARY KEY (`id`),
  CONSTRAINT `fk_analysis_sequence_translation_analysis_sequence1`
    FOREIGN KEY (`analysis_sequence_id`)
    REFERENCES `FIPOP`.`analysis_sequence` (`id`)
    ON DELETE CASCADE
    ON UPDATE NO ACTION,
  CONSTRAINT `fk_analysis_sequence_translation_language1`
    FOREIGN KEY (`language_id`)
    REFERENCES `FIPOP`.`language` (`id`)
    ON DELETE NO ACTION
    ON UPDATE NO ACTION)
ENGINE = InnoDB;

CREATE INDEX `fk_analysis_sequence_translation_analysis_sequence1_idx` ON `FIPOP`.`analysis_sequence_translation` (`analysis_sequence_id` ASC);

CREATE INDEX `fk_analysis_sequence_translation_language1_idx` ON `FIPOP`.`analysis_sequence_translation` (`language_id` ASC);


-- -----------------------------------------------------
-- Table `FIPOP`.`analysis_speech`
-- -----------------------------------------------------
CREATE TABLE IF NOT EXISTS `FIPOP`.`analysis_speech` (
  `analysis_method_id` INT NOT NULL,
  `audio_post_production_id` INT NULL,
  `category_set_id` INT NULL,
  `accent` VARCHAR(255) NULL,
  `intonation` VARCHAR(255) NULL,
  `volume` VARCHAR(255) NULL,
  `tempo` VARCHAR(255) NULL,
  `pauses` VARCHAR(255) NULL,
  `timbre` VARCHAR(255) NULL,
  PRIMARY KEY (`analysis_method_id`),
  CONSTRAINT `fk_analysis_speech_audio_post_production1`
    FOREIGN KEY (`audio_post_production_id`)
    REFERENCES `FIPOP`.`audio_post_production` (`id`)
    ON DELETE NO ACTION
    ON UPDATE NO ACTION,
  CONSTRAINT `fk_analysis_speech_category_set1`
    FOREIGN KEY (`category_set_id`)
    REFERENCES `FIPOP`.`category_set` (`id`)
    ON DELETE NO ACTION
    ON UPDATE NO ACTION,
  CONSTRAINT `fk_analysis_speech_analysis_method1`
    FOREIGN KEY (`analysis_method_id`)
    REFERENCES `FIPOP`.`analysis_method` (`id`)
    ON DELETE CASCADE
    ON UPDATE NO ACTION)
ENGINE = InnoDB;

CREATE INDEX `fk_analysis_speech_audio_post_production1_idx` ON `FIPOP`.`analysis_speech` (`audio_post_production_id` ASC);

CREATE INDEX `fk_analysis_speech_category_set1_idx` ON `FIPOP`.`analysis_speech` (`category_set_id` ASC);

CREATE INDEX `fk_analysis_speech_analysis_method1_idx` ON `FIPOP`.`analysis_speech` (`analysis_method_id` ASC);


-- -----------------------------------------------------
-- Table `FIPOP`.`analysis_take`
-- -----------------------------------------------------
CREATE TABLE IF NOT EXISTS `FIPOP`.`analysis_take` (
  `id` INT NOT NULL AUTO_INCREMENT,
  `analysis_sequence_id` INT NOT NULL,
  `start_time` INT(11) NOT NULL,
  `end_time` INT(11) NOT NULL,
  PRIMARY KEY (`id`),
  CONSTRAINT `fk_analysis_take_analysis_sequence1`
    FOREIGN KEY (`analysis_sequence_id`)
    REFERENCES `FIPOP`.`analysis_sequence` (`id`)
    ON DELETE CASCADE
    ON UPDATE NO ACTION)
ENGINE = InnoDB;

CREATE INDEX `fk_analysis_take_analysis_sequence1_idx` ON `FIPOP`.`analysis_take` (`analysis_sequence_id` ASC);


-- -----------------------------------------------------
-- Table `FIPOP`.`analysis_take_has_category`
-- -----------------------------------------------------
CREATE TABLE IF NOT EXISTS `FIPOP`.`analysis_take_has_category` (
  `analysis_take_id` INT NOT NULL,
  `category_id` INT NOT NULL,
  PRIMARY KEY (`analysis_take_id`, `category_id`),
  CONSTRAINT `fk_analysis_take_has_category_analysis_take1`
    FOREIGN KEY (`analysis_take_id`)
    REFERENCES `FIPOP`.`analysis_take` (`id`)
    ON DELETE CASCADE
    ON UPDATE NO ACTION,
  CONSTRAINT `fk_analysis_take_has_category_category1`
    FOREIGN KEY (`category_id`)
    REFERENCES `FIPOP`.`category` (`id`)
    ON DELETE CASCADE
    ON UPDATE NO ACTION)
ENGINE = InnoDB;

CREATE INDEX `fk_analysis_take_has_category_category1_idx` ON `FIPOP`.`analysis_take_has_category` (`category_id` ASC);

CREATE INDEX `fk_analysis_take_has_category_analysis_take1_idx` ON `FIPOP`.`analysis_take_has_category` (`analysis_take_id` ASC);


-- -----------------------------------------------------
-- Table `FIPOP`.`analysis_take_translation`
-- -----------------------------------------------------
CREATE TABLE IF NOT EXISTS `FIPOP`.`analysis_take_translation` (
  `id` INT NOT NULL AUTO_INCREMENT,
  `analysis_take_id` INT NOT NULL,
  `language_id` INT NOT NULL,
  `name` VARCHAR(255) NOT NULL,
  `short_description` VARCHAR(255) NULL,
  `comment` VARCHAR(4096) NULL,
  `transcript` TEXT NULL,
  PRIMARY KEY (`id`),
  CONSTRAINT `fk_analysis_take_translation_analysis_take1`
    FOREIGN KEY (`analysis_take_id`)
    REFERENCES `FIPOP`.`analysis_take` (`id`)
    ON DELETE CASCADE
    ON UPDATE NO ACTION,
  CONSTRAINT `fk_analysis_take_translation_language1`
    FOREIGN KEY (`language_id`)
    REFERENCES `FIPOP`.`language` (`id`)
    ON DELETE NO ACTION
    ON UPDATE NO ACTION)
ENGINE = InnoDB;

CREATE INDEX `fk_analysis_take_translation_analysis_take1_idx` ON `FIPOP`.`analysis_take_translation` (`analysis_take_id` ASC);

CREATE INDEX `fk_analysis_take_translation_language1_idx` ON `FIPOP`.`analysis_take_translation` (`language_id` ASC);


-- -----------------------------------------------------
-- Table `FIPOP`.`analysis_voice`
-- -----------------------------------------------------
CREATE TABLE IF NOT EXISTS `FIPOP`.`analysis_voice` (
  `analysis_method_id` INT NOT NULL,
  `audio_post_production_id` INT NULL,
  `category_set_id` INT NULL,
  PRIMARY KEY (`analysis_method_id`),
  CONSTRAINT `fk_analysis_voice_audio_post_production1`
    FOREIGN KEY (`audio_post_production_id`)
    REFERENCES `FIPOP`.`audio_post_production` (`id`)
    ON DELETE NO ACTION
    ON UPDATE NO ACTION,
  CONSTRAINT `fk_analysis_voice_category_set1`
    FOREIGN KEY (`category_set_id`)
    REFERENCES `FIPOP`.`category_set` (`id`)
    ON DELETE NO ACTION
    ON UPDATE NO ACTION,
  CONSTRAINT `fk_analysis_voice_analysis_method1`
    FOREIGN KEY (`analysis_method_id`)
    REFERENCES `FIPOP`.`analysis_method` (`id`)
    ON DELETE CASCADE
    ON UPDATE NO ACTION)
ENGINE = InnoDB;

CREATE INDEX `fk_analysis_voice_audio_post_production1_idx` ON `FIPOP`.`analysis_voice` (`audio_post_production_id` ASC);

CREATE INDEX `fk_analysis_voice_category_set1_idx` ON `FIPOP`.`analysis_voice` (`category_set_id` ASC);

CREATE INDEX `fk_analysis_voice_analysis_method1_idx` ON `FIPOP`.`analysis_voice` (`analysis_method_id` ASC);


-- -----------------------------------------------------
-- Table `FIPOP`.`annotation`
-- -----------------------------------------------------
CREATE TABLE IF NOT EXISTS `FIPOP`.`annotation` (
  `id` INT NOT NULL AUTO_INCREMENT,
  `segment_selector_type_id` INT NULL,
  `uuid_id` INT NULL,
  `iri_id` INT NULL,
  `medium_analysis_list_id` INT NOT NULL,
  `created_by_user_account_id` INT NOT NULL,
  `last_edited_by_user_account_id` INT NULL,
  `created_at` TIMESTAMP NOT NULL DEFAULT CURRENT_TIMESTAMP,
  `last_edited_at` TIMESTAMP NULL,
  `layer_visual` TINYINT(1) NULL,
  `layer_audio` TINYINT(1) NULL,
  `start_time` INT(11) NOT NULL,
  `end_time` INT(11) NOT NULL,
  PRIMARY KEY (`id`),
  CONSTRAINT `fk_annotation_user_account1`
    FOREIGN KEY (`created_by_user_account_id`)
    REFERENCES `FIPOP`.`user_account` (`id`)
    ON DELETE NO ACTION
    ON UPDATE NO ACTION,
  CONSTRAINT `fk_annotation_user_account2`
    FOREIGN KEY (`last_edited_by_user_account_id`)
    REFERENCES `FIPOP`.`user_account` (`id`)
    ON DELETE NO ACTION
    ON UPDATE NO ACTION,
  CONSTRAINT `fk_annotation_medium_analysis_list1`
    FOREIGN KEY (`medium_analysis_list_id`)
    REFERENCES `FIPOP`.`medium_analysis_list` (`id`)
    ON DELETE CASCADE
    ON UPDATE NO ACTION,
  CONSTRAINT `fk_annotation_uuid1`
    FOREIGN KEY (`uuid_id`)
    REFERENCES `FIPOP`.`uuid` (`id`)
    ON DELETE NO ACTION
    ON UPDATE NO ACTION,
  CONSTRAINT `fk_annotation_annotation_selector_type1`
    FOREIGN KEY (`segment_selector_type_id`)
    REFERENCES `FIPOP`.`segment_selector_type` (`id`)
    ON DELETE NO ACTION
    ON UPDATE NO ACTION,
  CONSTRAINT `fk_annotation_iri1`
    FOREIGN KEY (`iri_id`)
    REFERENCES `FIPOP`.`iri` (`id`)
    ON DELETE NO ACTION
    ON UPDATE NO ACTION)
ENGINE = InnoDB;

CREATE INDEX `fk_annotation_user_account1_idx` ON `FIPOP`.`annotation` (`created_by_user_account_id` ASC);

CREATE INDEX `fk_annotation_user_account2_idx` ON `FIPOP`.`annotation` (`last_edited_by_user_account_id` ASC);

CREATE INDEX `fk_annotation_medium_analysis_list1_idx` ON `FIPOP`.`annotation` (`medium_analysis_list_id` ASC);

CREATE INDEX `fk_annotation_uuid1_idx` ON `FIPOP`.`annotation` (`uuid_id` ASC);

CREATE INDEX `fk_annotation_annotation_selector_type1_idx` ON `FIPOP`.`annotation` (`segment_selector_type_id` ASC);

CREATE INDEX `fk_annotation_iri1_idx` ON `FIPOP`.`annotation` (`iri_id` ASC);


-- -----------------------------------------------------
-- Table `FIPOP`.`annotation_has_actor`
-- -----------------------------------------------------
CREATE TABLE IF NOT EXISTS `FIPOP`.`annotation_has_actor` (
  `annotation_id` INT NOT NULL,
  `actor_id` INT NOT NULL,
  PRIMARY KEY (`annotation_id`, `actor_id`),
  CONSTRAINT `fk_annotation_has_actor_annotation1`
    FOREIGN KEY (`annotation_id`)
    REFERENCES `FIPOP`.`annotation` (`id`)
    ON DELETE CASCADE
    ON UPDATE NO ACTION,
  CONSTRAINT `fk_annotation_has_actor_actor1`
    FOREIGN KEY (`actor_id`)
    REFERENCES `FIPOP`.`actor` (`id`)
    ON DELETE CASCADE
    ON UPDATE NO ACTION)
ENGINE = InnoDB;

CREATE INDEX `fk_annotation_has_actor_actor1_idx` ON `FIPOP`.`annotation_has_actor` (`actor_id` ASC);

CREATE INDEX `fk_annotation_has_actor_annotation1_idx` ON `FIPOP`.`annotation_has_actor` (`annotation_id` ASC);


-- -----------------------------------------------------
-- Table `FIPOP`.`annotation_has_annotation`
-- -----------------------------------------------------
CREATE TABLE IF NOT EXISTS `FIPOP`.`annotation_has_annotation` (
  `source_annotation_id` INT NOT NULL,
  `target_annotation_id` INT NOT NULL,
  PRIMARY KEY (`source_annotation_id`, `target_annotation_id`),
  CONSTRAINT `fk_annotation_has_annotation_annotation1`
    FOREIGN KEY (`source_annotation_id`)
    REFERENCES `FIPOP`.`annotation` (`id`)
    ON DELETE CASCADE
    ON UPDATE NO ACTION,
  CONSTRAINT `fk_annotation_has_annotation_annotation2`
    FOREIGN KEY (`target_annotation_id`)
    REFERENCES `FIPOP`.`annotation` (`id`)
    ON DELETE CASCADE
    ON UPDATE NO ACTION)
ENGINE = InnoDB;

CREATE INDEX `fk_annotation_has_annotation_annotation2_idx` ON `FIPOP`.`annotation_has_annotation` (`target_annotation_id` ASC);

CREATE INDEX `fk_annotation_has_annotation_annotation1_idx` ON `FIPOP`.`annotation_has_annotation` (`source_annotation_id` ASC);


-- -----------------------------------------------------
-- Table `FIPOP`.`annotation_has_audience`
-- -----------------------------------------------------
CREATE TABLE IF NOT EXISTS `FIPOP`.`annotation_has_audience` (
  `annotation_id` INT NOT NULL,
  `audience_id` INT NOT NULL,
  PRIMARY KEY (`annotation_id`, `audience_id`),
  CONSTRAINT `fk_annotation_has_audience_annotation1`
    FOREIGN KEY (`annotation_id`)
    REFERENCES `FIPOP`.`annotation` (`id`)
    ON DELETE NO ACTION
    ON UPDATE NO ACTION,
  CONSTRAINT `fk_annotation_has_audience_audience1`
    FOREIGN KEY (`audience_id`)
    REFERENCES `FIPOP`.`audience` (`id`)
    ON DELETE NO ACTION
    ON UPDATE NO ACTION)
ENGINE = InnoDB;

CREATE INDEX `fk_annotation_has_audience_audience1_idx` ON `FIPOP`.`annotation_has_audience` (`audience_id` ASC);

CREATE INDEX `fk_annotation_has_audience_annotation1_idx` ON `FIPOP`.`annotation_has_audience` (`annotation_id` ASC);


-- -----------------------------------------------------
-- Table `FIPOP`.`annotation_has_category`
-- -----------------------------------------------------
CREATE TABLE IF NOT EXISTS `FIPOP`.`annotation_has_category` (
  `annotation_id` INT NOT NULL,
  `category_id` INT NOT NULL,
  `category_set_id` INT NULL,
  PRIMARY KEY (`annotation_id`, `category_id`),
  CONSTRAINT `fk_annotation_has_category_annotation1`
    FOREIGN KEY (`annotation_id`)
    REFERENCES `FIPOP`.`annotation` (`id`)
    ON DELETE CASCADE
    ON UPDATE NO ACTION,
  CONSTRAINT `fk_annotation_has_category_category1`
    FOREIGN KEY (`category_id`)
    REFERENCES `FIPOP`.`category` (`id`)
    ON DELETE CASCADE
    ON UPDATE NO ACTION)
ENGINE = InnoDB;

CREATE INDEX `fk_annotation_has_category_category1_idx` ON `FIPOP`.`annotation_has_category` (`category_id` ASC);

CREATE INDEX `fk_annotation_has_category_annotation1_idx` ON `FIPOP`.`annotation_has_category` (`annotation_id` ASC);


-- -----------------------------------------------------
-- Table `FIPOP`.`annotation_has_event`
-- -----------------------------------------------------
CREATE TABLE IF NOT EXISTS `FIPOP`.`annotation_has_event` (
  `annotation_id` INT NOT NULL,
  `event_id` INT NOT NULL,
  PRIMARY KEY (`annotation_id`, `event_id`),
  CONSTRAINT `fk_annotation_has_event_annotation1`
    FOREIGN KEY (`annotation_id`)
    REFERENCES `FIPOP`.`annotation` (`id`)
    ON DELETE CASCADE
    ON UPDATE NO ACTION,
  CONSTRAINT `fk_annotation_has_event_event1`
    FOREIGN KEY (`event_id`)
    REFERENCES `FIPOP`.`event` (`id`)
    ON DELETE CASCADE
    ON UPDATE NO ACTION)
ENGINE = InnoDB;

CREATE INDEX `fk_annotation_has_event_event1_idx` ON `FIPOP`.`annotation_has_event` (`event_id` ASC);

CREATE INDEX `fk_annotation_has_event_annotation1_idx` ON `FIPOP`.`annotation_has_event` (`annotation_id` ASC);


-- -----------------------------------------------------
-- Table `FIPOP`.`annotation_has_iconclass_category`
-- -----------------------------------------------------
CREATE TABLE IF NOT EXISTS `FIPOP`.`annotation_has_iconclass_category` (
  `annotation_id` INT NOT NULL,
  `iconclass_category_id` INT NOT NULL,
  PRIMARY KEY (`annotation_id`, `iconclass_category_id`),
  CONSTRAINT `fk_annotation_has_iconclass_category_annotation1`
    FOREIGN KEY (`annotation_id`)
    REFERENCES `FIPOP`.`annotation` (`id`)
    ON DELETE CASCADE
    ON UPDATE NO ACTION,
  CONSTRAINT `fk_annotation_has_iconclass_category_iconclass_category1`
    FOREIGN KEY (`iconclass_category_id`)
    REFERENCES `FIPOP`.`iconclass_category` (`id`)
    ON DELETE CASCADE
    ON UPDATE NO ACTION)
ENGINE = InnoDB;

CREATE INDEX `fk_annotation_has_iconclass_category_iconclass_category1_idx` ON `FIPOP`.`annotation_has_iconclass_category` (`iconclass_category_id` ASC);

CREATE INDEX `fk_annotation_has_iconclass_category_annotation1_idx` ON `FIPOP`.`annotation_has_iconclass_category` (`annotation_id` ASC);


-- -----------------------------------------------------
-- Table `FIPOP`.`annotation_has_location`
-- -----------------------------------------------------
CREATE TABLE IF NOT EXISTS `FIPOP`.`annotation_has_location` (
  `annotation_id` INT NOT NULL,
  `location_id` INT NOT NULL,
  PRIMARY KEY (`annotation_id`, `location_id`),
  CONSTRAINT `fk_annotation_has_location_annotation1`
    FOREIGN KEY (`annotation_id`)
    REFERENCES `FIPOP`.`annotation` (`id`)
    ON DELETE CASCADE
    ON UPDATE NO ACTION,
  CONSTRAINT `fk_annotation_has_location_location1`
    FOREIGN KEY (`location_id`)
    REFERENCES `FIPOP`.`location` (`id`)
    ON DELETE CASCADE
    ON UPDATE NO ACTION)
ENGINE = InnoDB;

CREATE INDEX `fk_annotation_has_location_location1_idx` ON `FIPOP`.`annotation_has_location` (`location_id` ASC);

CREATE INDEX `fk_annotation_has_location_annotation1_idx` ON `FIPOP`.`annotation_has_location` (`annotation_id` ASC);


-- -----------------------------------------------------
-- Table `FIPOP`.`annotation_has_medium`
-- -----------------------------------------------------
CREATE TABLE IF NOT EXISTS `FIPOP`.`annotation_has_medium` (
  `annotation_id` INT NOT NULL,
  `medium_id` INT NOT NULL,
  PRIMARY KEY (`annotation_id`, `medium_id`),
  CONSTRAINT `fk_annotation_has_medium_annotation1`
    FOREIGN KEY (`annotation_id`)
    REFERENCES `FIPOP`.`annotation` (`id`)
    ON DELETE CASCADE
    ON UPDATE NO ACTION,
  CONSTRAINT `fk_annotation_has_medium_medium1`
    FOREIGN KEY (`medium_id`)
    REFERENCES `FIPOP`.`medium` (`id`)
    ON DELETE CASCADE
    ON UPDATE NO ACTION)
ENGINE = InnoDB;

CREATE INDEX `fk_annotation_has_medium_medium1_idx` ON `FIPOP`.`annotation_has_medium` (`medium_id` ASC);

CREATE INDEX `fk_annotation_has_medium_annotation1_idx` ON `FIPOP`.`annotation_has_medium` (`annotation_id` ASC);


-- -----------------------------------------------------
-- Table `FIPOP`.`annotation_has_motivation`
-- -----------------------------------------------------
CREATE TABLE IF NOT EXISTS `FIPOP`.`annotation_has_motivation` (
  `annotation_id` INT NOT NULL,
  `motivation_id` INT NOT NULL,
  PRIMARY KEY (`annotation_id`, `motivation_id`),
  CONSTRAINT `fk_annotation_has_motivation_annotation1`
    FOREIGN KEY (`annotation_id`)
    REFERENCES `FIPOP`.`annotation` (`id`)
    ON DELETE NO ACTION
    ON UPDATE NO ACTION,
  CONSTRAINT `fk_annotation_has_motivation_motivation1`
    FOREIGN KEY (`motivation_id`)
    REFERENCES `FIPOP`.`motivation` (`id`)
    ON DELETE NO ACTION
    ON UPDATE NO ACTION)
ENGINE = InnoDB;

CREATE INDEX `fk_annotation_has_motivation_motivation1_idx` ON `FIPOP`.`annotation_has_motivation` (`motivation_id` ASC);

CREATE INDEX `fk_annotation_has_motivation_annotation1_idx` ON `FIPOP`.`annotation_has_motivation` (`annotation_id` ASC);


-- -----------------------------------------------------
-- Table `FIPOP`.`annotation_has_tag`
-- -----------------------------------------------------
CREATE TABLE IF NOT EXISTS `FIPOP`.`annotation_has_tag` (
  `annotation_id` INT NOT NULL,
  `tag_id` INT NOT NULL,
  PRIMARY KEY (`annotation_id`, `tag_id`),
  CONSTRAINT `fk_annotation_has_tag_annotation1`
    FOREIGN KEY (`annotation_id`)
    REFERENCES `FIPOP`.`annotation` (`id`)
    ON DELETE CASCADE
    ON UPDATE NO ACTION,
  CONSTRAINT `fk_annotation_has_tag_tag1`
    FOREIGN KEY (`tag_id`)
    REFERENCES `FIPOP`.`tag` (`id`)
    ON DELETE CASCADE
    ON UPDATE NO ACTION)
ENGINE = InnoDB;

CREATE INDEX `fk_annotation_has_tag_tag1_idx` ON `FIPOP`.`annotation_has_tag` (`tag_id` ASC);

CREATE INDEX `fk_annotation_has_tag_annotation1_idx` ON `FIPOP`.`annotation_has_tag` (`annotation_id` ASC);


-- -----------------------------------------------------
-- Table `FIPOP`.`annotation_has_url`
-- -----------------------------------------------------
CREATE TABLE IF NOT EXISTS `FIPOP`.`annotation_has_url` (
  `annotation_id` INT NOT NULL,
  `url_id` INT NOT NULL,
  PRIMARY KEY (`annotation_id`, `url_id`),
  CONSTRAINT `fk_annotation_has_url_url1`
    FOREIGN KEY (`url_id`)
    REFERENCES `FIPOP`.`url` (`id`)
    ON DELETE CASCADE
    ON UPDATE NO ACTION,
  CONSTRAINT `fk_annotation_has_url_annotation1`
    FOREIGN KEY (`annotation_id`)
    REFERENCES `FIPOP`.`annotation` (`id`)
    ON DELETE CASCADE
    ON UPDATE NO ACTION)
ENGINE = InnoDB;

CREATE INDEX `fk_annotation_has_url_url1_idx` ON `FIPOP`.`annotation_has_url` (`url_id` ASC);

CREATE INDEX `fk_annotation_has_url_annotation1_idx` ON `FIPOP`.`annotation_has_url` (`annotation_id` ASC);


-- -----------------------------------------------------
-- Table `FIPOP`.`annotation_textual_body`
-- -----------------------------------------------------
CREATE TABLE IF NOT EXISTS `FIPOP`.`annotation_textual_body` (
  `id` INT NOT NULL AUTO_INCREMENT,
  `annotation_id` INT NOT NULL,
  `created_by_user_account_id` INT NOT NULL,
  `last_edited_by_user_account_id` INT NULL,
  `created_at` TIMESTAMP NOT NULL DEFAULT CURRENT_TIMESTAMP,
  `last_edited_at` TIMESTAMP NULL,
  PRIMARY KEY (`id`),
  CONSTRAINT `fk_annotation_textual_body_annotation1`
    FOREIGN KEY (`annotation_id`)
    REFERENCES `FIPOP`.`annotation` (`id`)
    ON DELETE NO ACTION
    ON UPDATE NO ACTION,
  CONSTRAINT `fk_annotation_textual_body_user_account1`
    FOREIGN KEY (`created_by_user_account_id`)
    REFERENCES `FIPOP`.`user_account` (`id`)
    ON DELETE NO ACTION
    ON UPDATE NO ACTION,
  CONSTRAINT `fk_annotation_textual_body_user_account2`
    FOREIGN KEY (`last_edited_by_user_account_id`)
    REFERENCES `FIPOP`.`user_account` (`id`)
    ON DELETE NO ACTION
    ON UPDATE NO ACTION)
ENGINE = InnoDB;

CREATE INDEX `fk_annotation_textual_body_annotation1_idx` ON `FIPOP`.`annotation_textual_body` (`annotation_id` ASC);

CREATE INDEX `fk_annotation_textual_body_user_account1_idx` ON `FIPOP`.`annotation_textual_body` (`created_by_user_account_id` ASC);

CREATE INDEX `fk_annotation_textual_body_user_account2_idx` ON `FIPOP`.`annotation_textual_body` (`last_edited_by_user_account_id` ASC);


-- -----------------------------------------------------
-- Table `FIPOP`.`annotation_textual_body_has_motivation`
-- -----------------------------------------------------
CREATE TABLE IF NOT EXISTS `FIPOP`.`annotation_textual_body_has_motivation` (
  `annotation_textual_body_id` INT NOT NULL,
  `motivation_id` INT NOT NULL,
  PRIMARY KEY (`annotation_textual_body_id`, `motivation_id`),
  CONSTRAINT `fk_annotation_textual_body_has_motivation_annotation_textual_b1`
    FOREIGN KEY (`annotation_textual_body_id`)
    REFERENCES `FIPOP`.`annotation_textual_body` (`id`)
    ON DELETE NO ACTION
    ON UPDATE NO ACTION,
  CONSTRAINT `fk_annotation_textual_body_has_motivation_motivation1`
    FOREIGN KEY (`motivation_id`)
    REFERENCES `FIPOP`.`motivation` (`id`)
    ON DELETE NO ACTION
    ON UPDATE NO ACTION)
ENGINE = InnoDB;

CREATE INDEX `fk_annotation_textual_body_has_motivation_motivation1_idx` ON `FIPOP`.`annotation_textual_body_has_motivation` (`motivation_id` ASC);

CREATE INDEX `fk_annotation_textual_body_has_motivation_annotation_textu1_idx` ON `FIPOP`.`annotation_textual_body_has_motivation` (`annotation_textual_body_id` ASC);


-- -----------------------------------------------------
-- Table `FIPOP`.`annotation_textual_body_translation`
-- -----------------------------------------------------
CREATE TABLE IF NOT EXISTS `FIPOP`.`annotation_textual_body_translation` (
  `id` INT NOT NULL AUTO_INCREMENT,
  `annotation_textual_body_id` INT NOT NULL,
  `language_id` INT NOT NULL,
  `content` VARCHAR(4096) NOT NULL,
  PRIMARY KEY (`id`),
  CONSTRAINT `fk_annotation_textual_body_translation_annotation_textual_body1`
    FOREIGN KEY (`annotation_textual_body_id`)
    REFERENCES `FIPOP`.`annotation_textual_body` (`id`)
    ON DELETE CASCADE
    ON UPDATE NO ACTION,
  CONSTRAINT `fk_annotation_textual_body_translation_language1`
    FOREIGN KEY (`language_id`)
    REFERENCES `FIPOP`.`language` (`id`)
    ON DELETE NO ACTION
    ON UPDATE NO ACTION)
ENGINE = InnoDB;

CREATE INDEX `fk_annotation_textual_body_translation_annotation_textual_1_idx` ON `FIPOP`.`annotation_textual_body_translation` (`annotation_textual_body_id` ASC);

CREATE INDEX `fk_annotation_textual_body_translation_language1_idx` ON `FIPOP`.`annotation_textual_body_translation` (`language_id` ASC);


-- -----------------------------------------------------
-- Table `FIPOP`.`annotation_translation`
-- -----------------------------------------------------
CREATE TABLE IF NOT EXISTS `FIPOP`.`annotation_translation` (
  `id` INT NOT NULL AUTO_INCREMENT,
  `annotation_id` INT NOT NULL,
  `language_id` INT NOT NULL,
  `title` VARCHAR(255) NULL,
  `comment` VARCHAR(4096) NULL,
  PRIMARY KEY (`id`),
  CONSTRAINT `fk_annotation_translation_annotation1`
    FOREIGN KEY (`annotation_id`)
    REFERENCES `FIPOP`.`annotation` (`id`)
    ON DELETE CASCADE
    ON UPDATE NO ACTION,
  CONSTRAINT `fk_annotation_translation_language1`
    FOREIGN KEY (`language_id`)
    REFERENCES `FIPOP`.`language` (`id`)
    ON DELETE NO ACTION
    ON UPDATE NO ACTION)
ENGINE = InnoDB;

CREATE INDEX `fk_annotation_translation_annotation1_idx` ON `FIPOP`.`annotation_translation` (`annotation_id` ASC);

CREATE INDEX `fk_annotation_translation_language1_idx` ON `FIPOP`.`annotation_translation` (`language_id` ASC);


-- -----------------------------------------------------
-- Table `FIPOP`.`articulation`
-- -----------------------------------------------------
CREATE TABLE IF NOT EXISTS `FIPOP`.`articulation` (
  `id` INT NOT NULL AUTO_INCREMENT,
  PRIMARY KEY (`id`))
ENGINE = InnoDB;


-- -----------------------------------------------------
-- Table `FIPOP`.`articulation_translation`
-- -----------------------------------------------------
CREATE TABLE IF NOT EXISTS `FIPOP`.`articulation_translation` (
  `id` INT NOT NULL AUTO_INCREMENT,
  `articulation_id` INT NOT NULL,
  `language_id` INT NOT NULL,
  `type` VARCHAR(45) NOT NULL,
  PRIMARY KEY (`id`),
  CONSTRAINT `fk_articulation_translation_language1`
    FOREIGN KEY (`language_id`)
    REFERENCES `FIPOP`.`language` (`id`)
    ON DELETE NO ACTION
    ON UPDATE NO ACTION,
  CONSTRAINT `fk_articulation_translation_articulation1`
    FOREIGN KEY (`articulation_id`)
    REFERENCES `FIPOP`.`articulation` (`id`)
    ON DELETE CASCADE
    ON UPDATE NO ACTION)
ENGINE = InnoDB;

CREATE INDEX `fk_articulation_translation_language1_idx` ON `FIPOP`.`articulation_translation` (`language_id` ASC);

CREATE INDEX `fk_articulation_translation_articulation1_idx` ON `FIPOP`.`articulation_translation` (`articulation_id` ASC);


-- -----------------------------------------------------
-- Table `FIPOP`.`audience`
-- -----------------------------------------------------
CREATE TABLE IF NOT EXISTS `FIPOP`.`audience` (
  `id` INT NOT NULL AUTO_INCREMENT,
  PRIMARY KEY (`id`))
ENGINE = InnoDB;


-- -----------------------------------------------------
-- Table `FIPOP`.`audience_translation`
-- -----------------------------------------------------
CREATE TABLE IF NOT EXISTS `FIPOP`.`audience_translation` (
  `id` INT NOT NULL AUTO_INCREMENT,
  `audience_id` INT NOT NULL,
  `language_id` INT NOT NULL,
  `type` VARCHAR(45) NOT NULL,
  PRIMARY KEY (`id`),
  CONSTRAINT `fk_audience_translation_audience1`
    FOREIGN KEY (`audience_id`)
    REFERENCES `FIPOP`.`audience` (`id`)
    ON DELETE CASCADE
    ON UPDATE NO ACTION,
  CONSTRAINT `fk_audience_translation_language1`
    FOREIGN KEY (`language_id`)
    REFERENCES `FIPOP`.`language` (`id`)
    ON DELETE NO ACTION
    ON UPDATE NO ACTION)
ENGINE = InnoDB;

CREATE INDEX `fk_audience_translation_audience1_idx` ON `FIPOP`.`audience_translation` (`audience_id` ASC);

CREATE INDEX `fk_audience_translation_language1_idx` ON `FIPOP`.`audience_translation` (`language_id` ASC);


-- -----------------------------------------------------
-- Table `FIPOP`.`audio_codec_information`
-- -----------------------------------------------------
CREATE TABLE IF NOT EXISTS `FIPOP`.`audio_codec_information` (
  `id` INT NOT NULL AUTO_INCREMENT,
  `audio_codec` VARCHAR(45) NOT NULL,
  `channels` VARCHAR(10) NOT NULL,
  `sample_rate` VARCHAR(6) NOT NULL,
  `bitrate` VARCHAR(5) NOT NULL,
  PRIMARY KEY (`id`))
ENGINE = InnoDB;


-- -----------------------------------------------------
-- Table `FIPOP`.`audio_post_production`
-- -----------------------------------------------------
CREATE TABLE IF NOT EXISTS `FIPOP`.`audio_post_production` (
  `id` INT NOT NULL AUTO_INCREMENT,
  `dummy` TINYINT(1) NULL,
  PRIMARY KEY (`id`))
ENGINE = InnoDB;


-- -----------------------------------------------------
-- Table `FIPOP`.`audio_post_production_translation`
-- -----------------------------------------------------
CREATE TABLE IF NOT EXISTS `FIPOP`.`audio_post_production_translation` (
  `id` INT NOT NULL AUTO_INCREMENT,
  `audio_post_production_id` INT NOT NULL,
  `language_id` INT NOT NULL,
  `overdubbing` VARCHAR(255) NULL,
  `reverb` VARCHAR(255) NULL,
  `delay` VARCHAR(255) NULL,
  `panning` VARCHAR(255) NULL,
  `bass` VARCHAR(255) NULL,
  `treble` VARCHAR(255) NULL,
  PRIMARY KEY (`id`),
  CONSTRAINT `fk_audio_post_production_translation_audio_post_production1`
    FOREIGN KEY (`audio_post_production_id`)
    REFERENCES `FIPOP`.`audio_post_production` (`id`)
    ON DELETE CASCADE
    ON UPDATE NO ACTION,
  CONSTRAINT `fk_audio_post_production_translation_language1`
    FOREIGN KEY (`language_id`)
    REFERENCES `FIPOP`.`language` (`id`)
    ON DELETE NO ACTION
    ON UPDATE NO ACTION)
ENGINE = InnoDB;

CREATE INDEX `fk_audio_post_production_translation_audio_post_production1_idx` ON `FIPOP`.`audio_post_production_translation` (`audio_post_production_id` ASC);

CREATE INDEX `fk_audio_post_production_translation_language1_idx` ON `FIPOP`.`audio_post_production_translation` (`language_id` ASC);


-- -----------------------------------------------------
-- Table `FIPOP`.`bibliography`
-- -----------------------------------------------------
CREATE TABLE IF NOT EXISTS `FIPOP`.`bibliography` (
  `id` INT NOT NULL AUTO_INCREMENT,
  `title` VARCHAR(45) NOT NULL,
  `creator` VARCHAR(45) NULL,
  `created` VARCHAR(45) NULL,
  `last_modified` VARCHAR(45) NULL,
  `note` VARCHAR(45) NULL,
  PRIMARY KEY (`id`))
ENGINE = InnoDB;


-- -----------------------------------------------------
-- Table `FIPOP`.`bibliography_has_reference`
-- -----------------------------------------------------
CREATE TABLE IF NOT EXISTS `FIPOP`.`bibliography_has_reference` (
  `bibliography_id` INT NOT NULL,
  `reference_id` INT NOT NULL,
  PRIMARY KEY (`bibliography_id`, `reference_id`),
  CONSTRAINT `fk_bibliography_has_reference_bibliography1`
    FOREIGN KEY (`bibliography_id`)
    REFERENCES `FIPOP`.`bibliography` (`id`)
    ON DELETE NO ACTION
    ON UPDATE NO ACTION,
  CONSTRAINT `fk_bibliography_has_reference_reference1`
    FOREIGN KEY (`reference_id`)
    REFERENCES `FIPOP`.`reference` (`id`)
    ON DELETE NO ACTION
    ON UPDATE NO ACTION)
ENGINE = InnoDB;

CREATE INDEX `fk_bibliography_has_reference_reference1_idx` ON `FIPOP`.`bibliography_has_reference` (`reference_id` ASC);

CREATE INDEX `fk_bibliography_has_reference_bibliography1_idx` ON `FIPOP`.`bibliography_has_reference` (`bibliography_id` ASC);


-- -----------------------------------------------------
-- Table `FIPOP`.`branch`
-- -----------------------------------------------------
CREATE TABLE IF NOT EXISTS `FIPOP`.`branch` (
  `id` INT NOT NULL,
  `division_id` INT NOT NULL,
  `division_religion_id` INT NOT NULL,
  `name` VARCHAR(45) NOT NULL,
  PRIMARY KEY (`id`, `division_id`, `division_religion_id`),
  CONSTRAINT `fk_branch_division1`
    FOREIGN KEY (`division_id` , `division_religion_id`)
    REFERENCES `FIPOP`.`division` (`id` , `religion_id`)
    ON DELETE NO ACTION
    ON UPDATE NO ACTION)
ENGINE = InnoDB;

CREATE INDEX `fk_branch_division1_idx` ON `FIPOP`.`branch` (`division_id` ASC, `division_religion_id` ASC);

CREATE UNIQUE INDEX `name_UNIQUE` ON `FIPOP`.`branch` (`name` ASC);


-- -----------------------------------------------------
-- Table `FIPOP`.`camera_axis_of_action`
-- -----------------------------------------------------
CREATE TABLE IF NOT EXISTS `FIPOP`.`camera_axis_of_action` (
  `analysis_method_id` INT NOT NULL,
  `max_angle` VARCHAR(45) NOT NULL,
  `min_angle` VARCHAR(45) NOT NULL,
  PRIMARY KEY (`analysis_method_id`),
  CONSTRAINT `fk_camera_axis_of_action_analysis_method1`
    FOREIGN KEY (`analysis_method_id`)
    REFERENCES `FIPOP`.`analysis_method` (`id`)
    ON DELETE NO ACTION
    ON UPDATE NO ACTION)
ENGINE = InnoDB;

CREATE INDEX `fk_camera_axis_of_action_analysis_method1_idx` ON `FIPOP`.`camera_axis_of_action` (`analysis_method_id` ASC);


-- -----------------------------------------------------
-- Table `FIPOP`.`camera_axis_of_action_translation`
-- -----------------------------------------------------
CREATE TABLE IF NOT EXISTS `FIPOP`.`camera_axis_of_action_translation` (
  `id` INT NOT NULL AUTO_INCREMENT,
  `camera_axis_of_action_analysis_method_id` INT NOT NULL,
  `language_id` INT NOT NULL,
  `name` VARCHAR(45) NOT NULL,
  PRIMARY KEY (`id`),
  CONSTRAINT `fk_camera_axis_of_action_translation_camera_axis_of_action1`
    FOREIGN KEY (`camera_axis_of_action_analysis_method_id`)
    REFERENCES `FIPOP`.`camera_axis_of_action` (`analysis_method_id`)
    ON DELETE CASCADE
    ON UPDATE NO ACTION,
  CONSTRAINT `fk_camera_axis_of_action_translation_language1`
    FOREIGN KEY (`language_id`)
    REFERENCES `FIPOP`.`language` (`id`)
    ON DELETE NO ACTION
    ON UPDATE NO ACTION)
ENGINE = InnoDB;

CREATE INDEX `fk_camera_axis_of_action_translation_language1_idx` ON `FIPOP`.`camera_axis_of_action_translation` (`language_id` ASC);

CREATE INDEX `fk_camera_axis_of_action_translation_camera_axis_of_action1_idx` ON `FIPOP`.`camera_axis_of_action_translation` (`camera_axis_of_action_analysis_method_id` ASC);


-- -----------------------------------------------------
-- Table `FIPOP`.`camera_distance`
-- -----------------------------------------------------
CREATE TABLE IF NOT EXISTS `FIPOP`.`camera_distance` (
  `analysis_method_id` INT NOT NULL,
  PRIMARY KEY (`analysis_method_id`),
  CONSTRAINT `fk_camera_distance_analysis_method1`
    FOREIGN KEY (`analysis_method_id`)
    REFERENCES `FIPOP`.`analysis_method` (`id`)
    ON DELETE NO ACTION
    ON UPDATE NO ACTION)
ENGINE = InnoDB;

CREATE INDEX `fk_camera_distance_analysis_method1_idx` ON `FIPOP`.`camera_distance` (`analysis_method_id` ASC);


-- -----------------------------------------------------
-- Table `FIPOP`.`camera_distance_translation`
-- -----------------------------------------------------
CREATE TABLE IF NOT EXISTS `FIPOP`.`camera_distance_translation` (
  `id` INT NOT NULL AUTO_INCREMENT,
  `camera_distance_analysis_method_id` INT NOT NULL,
  `language_id` INT NOT NULL,
  `name` VARCHAR(45) NOT NULL,
  PRIMARY KEY (`id`),
  CONSTRAINT `fk_camera_distance_translation_camera_distance1`
    FOREIGN KEY (`camera_distance_analysis_method_id`)
    REFERENCES `FIPOP`.`camera_distance` (`analysis_method_id`)
    ON DELETE CASCADE
    ON UPDATE NO ACTION,
  CONSTRAINT `fk_camera_distance_translation_language1`
    FOREIGN KEY (`language_id`)
    REFERENCES `FIPOP`.`language` (`id`)
    ON DELETE NO ACTION
    ON UPDATE NO ACTION)
ENGINE = InnoDB;

CREATE INDEX `fk_camera_distance_translation_language1_idx` ON `FIPOP`.`camera_distance_translation` (`language_id` ASC);

CREATE INDEX `fk_camera_distance_translation_camera_distance1_idx` ON `FIPOP`.`camera_distance_translation` (`camera_distance_analysis_method_id` ASC);


-- -----------------------------------------------------
-- Table `FIPOP`.`camera_elevation`
-- -----------------------------------------------------
CREATE TABLE IF NOT EXISTS `FIPOP`.`camera_elevation` (
  `analysis_method_id` INT NOT NULL,
  PRIMARY KEY (`analysis_method_id`),
  CONSTRAINT `fk_camera_elevation_analysis_method1`
    FOREIGN KEY (`analysis_method_id`)
    REFERENCES `FIPOP`.`analysis_method` (`id`)
    ON DELETE NO ACTION
    ON UPDATE NO ACTION)
ENGINE = InnoDB;

CREATE INDEX `fk_camera_elevation_analysis_method1_idx` ON `FIPOP`.`camera_elevation` (`analysis_method_id` ASC);


-- -----------------------------------------------------
-- Table `FIPOP`.`camera_elevation_translation`
-- -----------------------------------------------------
CREATE TABLE IF NOT EXISTS `FIPOP`.`camera_elevation_translation` (
  `id` INT NOT NULL AUTO_INCREMENT,
  `camera_elevation_analysis_method_id` INT NOT NULL,
  `language_id` INT NOT NULL,
  `name` VARCHAR(45) NOT NULL,
  PRIMARY KEY (`id`),
  CONSTRAINT `fk_camera_elevation_translation_camera_elevation1`
    FOREIGN KEY (`camera_elevation_analysis_method_id`)
    REFERENCES `FIPOP`.`camera_elevation` (`analysis_method_id`)
    ON DELETE CASCADE
    ON UPDATE NO ACTION,
  CONSTRAINT `fk_camera_elevation_translation_language1`
    FOREIGN KEY (`language_id`)
    REFERENCES `FIPOP`.`language` (`id`)
    ON DELETE NO ACTION
    ON UPDATE NO ACTION)
ENGINE = InnoDB;

CREATE INDEX `fk_camera_elevation_translation_language1_idx` ON `FIPOP`.`camera_elevation_translation` (`language_id` ASC);

CREATE INDEX `fk_camera_elevation_translation_camera_elevation1_idx` ON `FIPOP`.`camera_elevation_translation` (`camera_elevation_analysis_method_id` ASC);


-- -----------------------------------------------------
-- Table `FIPOP`.`camera_handling`
-- -----------------------------------------------------
CREATE TABLE IF NOT EXISTS `FIPOP`.`camera_handling` (
  `analysis_method_id` INT NOT NULL,
  PRIMARY KEY (`analysis_method_id`),
  CONSTRAINT `fk_camera_handling_analysis_method1`
    FOREIGN KEY (`analysis_method_id`)
    REFERENCES `FIPOP`.`analysis_method` (`id`)
    ON DELETE NO ACTION
    ON UPDATE NO ACTION)
ENGINE = InnoDB;

CREATE INDEX `fk_camera_handling_analysis_method1_idx` ON `FIPOP`.`camera_handling` (`analysis_method_id` ASC);


-- -----------------------------------------------------
-- Table `FIPOP`.`camera_handling_translation`
-- -----------------------------------------------------
CREATE TABLE IF NOT EXISTS `FIPOP`.`camera_handling_translation` (
  `id` INT NOT NULL AUTO_INCREMENT,
  `camera_handling_analysis_method_id` INT NOT NULL,
  `language_id` INT NOT NULL,
  `type` VARCHAR(45) NOT NULL,
  PRIMARY KEY (`id`),
  CONSTRAINT `fk_camera_handling_translation_language1`
    FOREIGN KEY (`language_id`)
    REFERENCES `FIPOP`.`language` (`id`)
    ON DELETE NO ACTION
    ON UPDATE NO ACTION,
  CONSTRAINT `fk_camera_handling_translation_camera_handling1`
    FOREIGN KEY (`camera_handling_analysis_method_id`)
    REFERENCES `FIPOP`.`camera_handling` (`analysis_method_id`)
    ON DELETE CASCADE
    ON UPDATE NO ACTION)
ENGINE = InnoDB;

CREATE INDEX `fk_camera_handling_translation_language1_idx` ON `FIPOP`.`camera_handling_translation` (`language_id` ASC);

CREATE INDEX `fk_camera_handling_translation_camera_handling1_idx` ON `FIPOP`.`camera_handling_translation` (`camera_handling_analysis_method_id` ASC);


-- -----------------------------------------------------
-- Table `FIPOP`.`camera_horizontal_angle`
-- -----------------------------------------------------
CREATE TABLE IF NOT EXISTS `FIPOP`.`camera_horizontal_angle` (
  `analysis_method_id` INT NOT NULL,
  `min_angle` SMALLINT NOT NULL,
  `max_angle` SMALLINT NOT NULL,
  PRIMARY KEY (`analysis_method_id`),
  CONSTRAINT `fk_camera_horizontal_angle_analysis_method1`
    FOREIGN KEY (`analysis_method_id`)
    REFERENCES `FIPOP`.`analysis_method` (`id`)
    ON DELETE NO ACTION
    ON UPDATE NO ACTION)
ENGINE = InnoDB;

CREATE INDEX `fk_camera_horizontal_angle_analysis_method1_idx` ON `FIPOP`.`camera_horizontal_angle` (`analysis_method_id` ASC);


-- -----------------------------------------------------
-- Table `FIPOP`.`camera_horizontal_angle_translation`
-- -----------------------------------------------------
CREATE TABLE IF NOT EXISTS `FIPOP`.`camera_horizontal_angle_translation` (
  `id` INT NOT NULL AUTO_INCREMENT,
  `camera_horizontal_angle_analysis_method_id` INT NOT NULL,
  `language_id` INT NOT NULL,
  `name` VARCHAR(100) NOT NULL,
  PRIMARY KEY (`id`),
  CONSTRAINT `fk_camera_horizontal_angle_translation_camera_horizontal_angle1`
    FOREIGN KEY (`camera_horizontal_angle_analysis_method_id`)
    REFERENCES `FIPOP`.`camera_horizontal_angle` (`analysis_method_id`)
    ON DELETE CASCADE
    ON UPDATE NO ACTION,
  CONSTRAINT `fk_camera_horizontal_angle_translation_language1`
    FOREIGN KEY (`language_id`)
    REFERENCES `FIPOP`.`language` (`id`)
    ON DELETE NO ACTION
    ON UPDATE NO ACTION)
ENGINE = InnoDB;

CREATE INDEX `fk_camera_horizontal_angle_translation_language1_idx` ON `FIPOP`.`camera_horizontal_angle_translation` (`language_id` ASC);

CREATE INDEX `fk_camera_horizontal_angle_translation_camera_horizontal_an_idx` ON `FIPOP`.`camera_horizontal_angle_translation` (`camera_horizontal_angle_analysis_method_id` ASC);


-- -----------------------------------------------------
-- Table `FIPOP`.`camera_movement`
-- -----------------------------------------------------
CREATE TABLE IF NOT EXISTS `FIPOP`.`camera_movement` (
  `analysis_method_id` INT NOT NULL,
  `concept_direction_id` INT NULL,
  `start_concept_camera_position_and_perspective_analysis_method_id` INT NULL,
  `end_concept_camera_position_and_perspective_analysis_method_id` INT NULL,
  `camera_movement_characteristic_id` INT NULL,
  PRIMARY KEY (`analysis_method_id`),
  CONSTRAINT `fk_camera_movement_concept_direction1`
    FOREIGN KEY (`concept_direction_id`)
    REFERENCES `FIPOP`.`concept_direction` (`id`)
    ON DELETE NO ACTION
    ON UPDATE NO ACTION,
  CONSTRAINT `fk_camera_movement_concept_camera_position_and_perspective1`
    FOREIGN KEY (`start_concept_camera_position_and_perspective_analysis_method_id`)
    REFERENCES `FIPOP`.`concept_camera_position_and_perspective` (`analysis_method_id`)
    ON DELETE NO ACTION
    ON UPDATE NO ACTION,
  CONSTRAINT `fk_camera_movement_concept_camera_position_and_perspective2`
    FOREIGN KEY (`end_concept_camera_position_and_perspective_analysis_method_id`)
    REFERENCES `FIPOP`.`concept_camera_position_and_perspective` (`analysis_method_id`)
    ON DELETE NO ACTION
    ON UPDATE NO ACTION,
  CONSTRAINT `fk_camera_movement_camera_movement_characteristic1`
    FOREIGN KEY (`camera_movement_characteristic_id`)
    REFERENCES `FIPOP`.`camera_movement_characteristic` (`id`)
    ON DELETE NO ACTION
    ON UPDATE NO ACTION,
  CONSTRAINT `fk_camera_movement_analysis_method1`
    FOREIGN KEY (`analysis_method_id`)
    REFERENCES `FIPOP`.`analysis_method` (`id`)
    ON DELETE CASCADE
    ON UPDATE NO ACTION)
ENGINE = InnoDB;

CREATE INDEX `fk_camera_movement_concept_direction1_idx` ON `FIPOP`.`camera_movement` (`concept_direction_id` ASC);

CREATE INDEX `fk_camera_movement_camera_movement_characteristic1_idx` ON `FIPOP`.`camera_movement` (`camera_movement_characteristic_id` ASC);

CREATE INDEX `fk_camera_movement_concept_camera_position_and_perspective1_idx` ON `FIPOP`.`camera_movement` (`start_concept_camera_position_and_perspective_analysis_method_id` ASC);

CREATE INDEX `fk_camera_movement_concept_camera_position_and_perspective2_idx` ON `FIPOP`.`camera_movement` (`end_concept_camera_position_and_perspective_analysis_method_id` ASC);

CREATE INDEX `fk_camera_movement_analysis_method1_idx` ON `FIPOP`.`camera_movement` (`analysis_method_id` ASC);


-- -----------------------------------------------------
-- Table `FIPOP`.`camera_movement_characteristic`
-- -----------------------------------------------------
CREATE TABLE IF NOT EXISTS `FIPOP`.`camera_movement_characteristic` (
  `id` INT NOT NULL AUTO_INCREMENT,
  PRIMARY KEY (`id`))
ENGINE = InnoDB;


-- -----------------------------------------------------
-- Table `FIPOP`.`camera_movement_characteristic_translation`
-- -----------------------------------------------------
CREATE TABLE IF NOT EXISTS `FIPOP`.`camera_movement_characteristic_translation` (
  `id` INT NOT NULL AUTO_INCREMENT,
  `camera_movement_characteristic_id` INT NOT NULL,
  `language_id` INT NOT NULL,
  `type` VARCHAR(45) NOT NULL,
  PRIMARY KEY (`id`),
  CONSTRAINT `fk_camera_movement_characteristic_translation_camera_movem1`
    FOREIGN KEY (`camera_movement_characteristic_id`)
    REFERENCES `FIPOP`.`camera_movement_characteristic` (`id`)
    ON DELETE CASCADE
    ON UPDATE NO ACTION,
  CONSTRAINT `fk_camera_movement_characteristic_translation_language1`
    FOREIGN KEY (`language_id`)
    REFERENCES `FIPOP`.`language` (`id`)
    ON DELETE NO ACTION
    ON UPDATE NO ACTION)
ENGINE = InnoDB;

CREATE INDEX `fk_camera_movement_characteristic_translation_camera_mov1_idx` ON `FIPOP`.`camera_movement_characteristic_translation` (`camera_movement_characteristic_id` ASC);

CREATE INDEX `fk_camera_movement_characteristic_translation_language1_idx` ON `FIPOP`.`camera_movement_characteristic_translation` (`language_id` ASC);


-- -----------------------------------------------------
-- Table `FIPOP`.`camera_movement_translation`
-- -----------------------------------------------------
CREATE TABLE IF NOT EXISTS `FIPOP`.`camera_movement_translation` (
  `id` INT NOT NULL AUTO_INCREMENT,
  `camera_movement_analysis_method_id` INT NOT NULL,
  `language_id` INT NOT NULL,
  `type` VARCHAR(45) NOT NULL,
  PRIMARY KEY (`id`),
  CONSTRAINT `fk_camera_movement_translation_camera_movement1`
    FOREIGN KEY (`camera_movement_analysis_method_id`)
    REFERENCES `FIPOP`.`camera_movement` (`analysis_method_id`)
    ON DELETE CASCADE
    ON UPDATE NO ACTION,
  CONSTRAINT `fk_camera_movement_translation_language1`
    FOREIGN KEY (`language_id`)
    REFERENCES `FIPOP`.`language` (`id`)
    ON DELETE NO ACTION
    ON UPDATE NO ACTION)
ENGINE = InnoDB;

CREATE INDEX `fk_camera_movement_translation_language1_idx` ON `FIPOP`.`camera_movement_translation` (`language_id` ASC);

CREATE INDEX `fk_camera_movement_translation_camera_movement1_idx` ON `FIPOP`.`camera_movement_translation` (`camera_movement_analysis_method_id` ASC);


-- -----------------------------------------------------
-- Table `FIPOP`.`camera_shot_type`
-- -----------------------------------------------------
CREATE TABLE IF NOT EXISTS `FIPOP`.`camera_shot_type` (
  `analysis_method_id` INT NOT NULL,
  `camera_distance_analysis_method_id` INT NOT NULL,
  PRIMARY KEY (`analysis_method_id`),
  CONSTRAINT `fk_camera_shot_type_camera_distance1`
    FOREIGN KEY (`camera_distance_analysis_method_id`)
    REFERENCES `FIPOP`.`camera_distance` (`analysis_method_id`)
    ON DELETE NO ACTION
    ON UPDATE NO ACTION,
  CONSTRAINT `fk_camera_shot_type_analysis_method1`
    FOREIGN KEY (`analysis_method_id`)
    REFERENCES `FIPOP`.`analysis_method` (`id`)
    ON DELETE NO ACTION
    ON UPDATE NO ACTION)
ENGINE = InnoDB;

CREATE INDEX `fk_camera_shot_type_camera_distance1_idx` ON `FIPOP`.`camera_shot_type` (`camera_distance_analysis_method_id` ASC);

CREATE INDEX `fk_camera_shot_type_analysis_method1_idx` ON `FIPOP`.`camera_shot_type` (`analysis_method_id` ASC);


-- -----------------------------------------------------
-- Table `FIPOP`.`camera_shot_type_translation`
-- -----------------------------------------------------
CREATE TABLE IF NOT EXISTS `FIPOP`.`camera_shot_type_translation` (
  `id` INT NOT NULL AUTO_INCREMENT,
  `camera_shot_type_analysis_method_id` INT NOT NULL,
  `language_id` INT NOT NULL,
  `type` VARCHAR(45) NOT NULL,
  PRIMARY KEY (`id`),
  CONSTRAINT `fk_camera_shot_type_translation_camera_shot_type1`
    FOREIGN KEY (`camera_shot_type_analysis_method_id`)
    REFERENCES `FIPOP`.`camera_shot_type` (`analysis_method_id`)
    ON DELETE CASCADE
    ON UPDATE NO ACTION,
  CONSTRAINT `fk_camera_shot_type_translation_language1`
    FOREIGN KEY (`language_id`)
    REFERENCES `FIPOP`.`language` (`id`)
    ON DELETE NO ACTION
    ON UPDATE NO ACTION)
ENGINE = InnoDB;

CREATE INDEX `fk_camera_shot_type_translation_language1_idx` ON `FIPOP`.`camera_shot_type_translation` (`language_id` ASC);

CREATE INDEX `fk_camera_shot_type_translation_camera_shot_type1_idx` ON `FIPOP`.`camera_shot_type_translation` (`camera_shot_type_analysis_method_id` ASC);


-- -----------------------------------------------------
-- Table `FIPOP`.`camera_vertical_angle`
-- -----------------------------------------------------
CREATE TABLE IF NOT EXISTS `FIPOP`.`camera_vertical_angle` (
  `analysis_method_id` INT NOT NULL,
  `min_angle` SMALLINT NOT NULL,
  `max_angle` SMALLINT NOT NULL,
  PRIMARY KEY (`analysis_method_id`),
  CONSTRAINT `fk_camera_vertical_angle_analysis_method1`
    FOREIGN KEY (`analysis_method_id`)
    REFERENCES `FIPOP`.`analysis_method` (`id`)
    ON DELETE NO ACTION
    ON UPDATE NO ACTION)
ENGINE = InnoDB;

CREATE INDEX `fk_camera_vertical_angle_analysis_method1_idx` ON `FIPOP`.`camera_vertical_angle` (`analysis_method_id` ASC);


-- -----------------------------------------------------
-- Table `FIPOP`.`camera_vertical_angle_translation`
-- -----------------------------------------------------
CREATE TABLE IF NOT EXISTS `FIPOP`.`camera_vertical_angle_translation` (
  `id` INT NOT NULL AUTO_INCREMENT,
  `camera_vertical_angle_analysis_method_id` INT NOT NULL,
  `language_id` INT NOT NULL,
  `name` VARCHAR(45) NOT NULL,
  PRIMARY KEY (`id`),
  CONSTRAINT `fk_camera_vertical_angle_translation_language1`
    FOREIGN KEY (`language_id`)
    REFERENCES `FIPOP`.`language` (`id`)
    ON DELETE NO ACTION
    ON UPDATE NO ACTION,
  CONSTRAINT `fk_camera_vertical_angle_translation_camera_vertical_angle1`
    FOREIGN KEY (`camera_vertical_angle_analysis_method_id`)
    REFERENCES `FIPOP`.`camera_vertical_angle` (`analysis_method_id`)
    ON DELETE CASCADE
    ON UPDATE NO ACTION)
ENGINE = InnoDB;

CREATE INDEX `fk_camera_vertical_angle_translation_language1_idx` ON `FIPOP`.`camera_vertical_angle_translation` (`language_id` ASC);

CREATE INDEX `fk_camera_vertical_angle_translation_camera_vertical_angle1_idx` ON `FIPOP`.`camera_vertical_angle_translation` (`camera_vertical_angle_analysis_method_id` ASC);


-- -----------------------------------------------------
-- Table `FIPOP`.`category`
-- -----------------------------------------------------
CREATE TABLE IF NOT EXISTS `FIPOP`.`category` (
  `id` INT NOT NULL AUTO_INCREMENT,
  `name` VARCHAR(45) NOT NULL,
  PRIMARY KEY (`id`))
ENGINE = InnoDB;


-- -----------------------------------------------------
-- Table `FIPOP`.`category_set`
-- -----------------------------------------------------
CREATE TABLE IF NOT EXISTS `FIPOP`.`category_set` (
  `id` INT NOT NULL AUTO_INCREMENT,
  `created_by_user_account_id` INT NOT NULL,
  `last_edited_by_user_account_id` INT NULL,
  `created_at` TIMESTAMP NOT NULL DEFAULT CURRENT_TIMESTAMP,
  `last_edited_at` TIMESTAMP NULL,
  `name` VARCHAR(45) BINARY NOT NULL,
  PRIMARY KEY (`id`),
  CONSTRAINT `fk_category_set_user_account1`
    FOREIGN KEY (`created_by_user_account_id`)
    REFERENCES `FIPOP`.`user_account` (`id`)
    ON DELETE NO ACTION
    ON UPDATE NO ACTION,
  CONSTRAINT `fk_category_set_user_account2`
    FOREIGN KEY (`last_edited_by_user_account_id`)
    REFERENCES `FIPOP`.`user_account` (`id`)
    ON DELETE NO ACTION
    ON UPDATE NO ACTION)
ENGINE = InnoDB;

CREATE UNIQUE INDEX `name_UNIQUE` ON `FIPOP`.`category_set` (`name` ASC);

CREATE INDEX `fk_category_set_user_account1_idx` ON `FIPOP`.`category_set` (`created_by_user_account_id` ASC);

CREATE INDEX `fk_category_set_user_account2_idx` ON `FIPOP`.`category_set` (`last_edited_by_user_account_id` ASC);


-- -----------------------------------------------------
-- Table `FIPOP`.`category_set_has_category`
-- -----------------------------------------------------
CREATE TABLE IF NOT EXISTS `FIPOP`.`category_set_has_category` (
  `category_set_id` INT NOT NULL,
  `category_id` INT NOT NULL,
  `parent_category_set_has_category_category_set_id` INT NULL,
  `parent_category_set_has_category_category_id` INT NULL,
  PRIMARY KEY (`category_set_id`, `category_id`),
  CONSTRAINT `fk_category_set_has_category_category_set1`
    FOREIGN KEY (`category_set_id`)
    REFERENCES `FIPOP`.`category_set` (`id`)
    ON DELETE CASCADE
    ON UPDATE NO ACTION,
  CONSTRAINT `fk_category_set_has_category_category1`
    FOREIGN KEY (`category_id`)
    REFERENCES `FIPOP`.`category` (`id`)
    ON DELETE CASCADE
    ON UPDATE NO ACTION,
  CONSTRAINT `fk_category_set_has_category_category_set_has_category1`
    FOREIGN KEY (`parent_category_set_has_category_category_set_id` , `parent_category_set_has_category_category_id`)
    REFERENCES `FIPOP`.`category_set_has_category` (`category_set_id` , `category_id`)
    ON DELETE NO ACTION
    ON UPDATE NO ACTION)
ENGINE = InnoDB;

CREATE INDEX `fk_category_set_has_category_category1_idx` ON `FIPOP`.`category_set_has_category` (`category_id` ASC);

CREATE INDEX `fk_category_set_has_category_category_set1_idx` ON `FIPOP`.`category_set_has_category` (`category_set_id` ASC);

CREATE INDEX `fk_category_set_has_category_category_set_has_category1_idx` ON `FIPOP`.`category_set_has_category` (`parent_category_set_has_category_category_set_id` ASC, `parent_category_set_has_category_category_id` ASC);


-- -----------------------------------------------------
-- Table `FIPOP`.`change_in_dynamics`
-- -----------------------------------------------------
CREATE TABLE IF NOT EXISTS `FIPOP`.`change_in_dynamics` (
  `id` INT NOT NULL AUTO_INCREMENT,
  PRIMARY KEY (`id`))
ENGINE = InnoDB;


-- -----------------------------------------------------
-- Table `FIPOP`.`change_in_dynamics_translation`
-- -----------------------------------------------------
CREATE TABLE IF NOT EXISTS `FIPOP`.`change_in_dynamics_translation` (
  `id` INT NOT NULL AUTO_INCREMENT,
  `change_in_dynamics_id` INT NOT NULL,
  `language_id` INT NOT NULL,
  `type` VARCHAR(45) NOT NULL,
  PRIMARY KEY (`id`),
  CONSTRAINT `fk_change_in_dynamics_translation_change_in_dynamics1`
    FOREIGN KEY (`change_in_dynamics_id`)
    REFERENCES `FIPOP`.`change_in_dynamics` (`id`)
    ON DELETE CASCADE
    ON UPDATE NO ACTION,
  CONSTRAINT `fk_change_in_dynamics_translation_language1`
    FOREIGN KEY (`language_id`)
    REFERENCES `FIPOP`.`language` (`id`)
    ON DELETE NO ACTION
    ON UPDATE NO ACTION)
ENGINE = InnoDB;

CREATE INDEX `fk_change_in_dynamics_translation_change_in_dynamics1_idx` ON `FIPOP`.`change_in_dynamics_translation` (`change_in_dynamics_id` ASC);

CREATE INDEX `fk_change_in_dynamics_translation_language1_idx` ON `FIPOP`.`change_in_dynamics_translation` (`language_id` ASC);


-- -----------------------------------------------------
-- Table `FIPOP`.`change_in_tempo`
-- -----------------------------------------------------
CREATE TABLE IF NOT EXISTS `FIPOP`.`change_in_tempo` (
  `id` INT NOT NULL AUTO_INCREMENT,
  PRIMARY KEY (`id`))
ENGINE = InnoDB;


-- -----------------------------------------------------
-- Table `FIPOP`.`change_in_tempo_translation`
-- -----------------------------------------------------
CREATE TABLE IF NOT EXISTS `FIPOP`.`change_in_tempo_translation` (
  `id` INT NOT NULL AUTO_INCREMENT,
  `change_in_tempo_id` INT NOT NULL,
  `language_id` INT NOT NULL,
  `type` VARCHAR(45) NOT NULL,
  `description` VARCHAR(512) NULL,
  PRIMARY KEY (`id`),
  CONSTRAINT `fk_change_in_tempo_translation_change_in_tempo1`
    FOREIGN KEY (`change_in_tempo_id`)
    REFERENCES `FIPOP`.`change_in_tempo` (`id`)
    ON DELETE CASCADE
    ON UPDATE NO ACTION,
  CONSTRAINT `fk_change_in_tempo_translation_language1`
    FOREIGN KEY (`language_id`)
    REFERENCES `FIPOP`.`language` (`id`)
    ON DELETE NO ACTION
    ON UPDATE NO ACTION)
ENGINE = InnoDB;

CREATE INDEX `fk_change_in_tempo_translation_change_in_tempo1_idx` ON `FIPOP`.`change_in_tempo_translation` (`change_in_tempo_id` ASC);

CREATE INDEX `fk_change_in_tempo_translation_language1_idx` ON `FIPOP`.`change_in_tempo_translation` (`language_id` ASC);


-- -----------------------------------------------------
-- Table `FIPOP`.`citizenship`
-- -----------------------------------------------------
CREATE TABLE IF NOT EXISTS `FIPOP`.`citizenship` (
  `id` INT NOT NULL AUTO_INCREMENT,
  `dummy` TINYINT(1) NULL,
  PRIMARY KEY (`id`))
ENGINE = InnoDB;


-- -----------------------------------------------------
-- Table `FIPOP`.`citizenship_translation`
-- -----------------------------------------------------
CREATE TABLE IF NOT EXISTS `FIPOP`.`citizenship_translation` (
  `id` INT NOT NULL AUTO_INCREMENT,
  `citizenship_id` INT NOT NULL,
  `language_id` INT NOT NULL,
  `name` VARCHAR(45) NOT NULL,
  PRIMARY KEY (`id`),
  CONSTRAINT `fk_citizenship_translation_citizenship1`
    FOREIGN KEY (`citizenship_id`)
    REFERENCES `FIPOP`.`citizenship` (`id`)
    ON DELETE CASCADE
    ON UPDATE NO ACTION,
  CONSTRAINT `fk_citizenship_translation_language1`
    FOREIGN KEY (`language_id`)
    REFERENCES `FIPOP`.`language` (`id`)
    ON DELETE NO ACTION
    ON UPDATE NO ACTION)
ENGINE = InnoDB;

CREATE INDEX `fk_citizenship_translation_citizenship1_idx` ON `FIPOP`.`citizenship_translation` (`citizenship_id` ASC);

CREATE INDEX `fk_citizenship_translation_language1_idx` ON `FIPOP`.`citizenship_translation` (`language_id` ASC);


-- -----------------------------------------------------
-- Table `FIPOP`.`city`
-- -----------------------------------------------------
CREATE TABLE IF NOT EXISTS `FIPOP`.`city` (
  `location_id` INT NOT NULL,
  PRIMARY KEY (`location_id`),
  CONSTRAINT `fk_city_location1`
    FOREIGN KEY (`location_id`)
    REFERENCES `FIPOP`.`location` (`id`)
    ON DELETE CASCADE
    ON UPDATE NO ACTION)
ENGINE = InnoDB;

CREATE INDEX `fk_city_location1_idx` ON `FIPOP`.`city` (`location_id` ASC);


-- -----------------------------------------------------
-- Table `FIPOP`.`color_temperature`
-- -----------------------------------------------------
CREATE TABLE IF NOT EXISTS `FIPOP`.`color_temperature` (
  `analysis_method_id` INT NOT NULL,
  PRIMARY KEY (`analysis_method_id`),
  CONSTRAINT `fk_color_temperature_analysis_method1`
    FOREIGN KEY (`analysis_method_id`)
    REFERENCES `FIPOP`.`analysis_method` (`id`)
    ON DELETE NO ACTION
    ON UPDATE NO ACTION)
ENGINE = InnoDB;

CREATE INDEX `fk_color_temperature_analysis_method1_idx` ON `FIPOP`.`color_temperature` (`analysis_method_id` ASC);


-- -----------------------------------------------------
-- Table `FIPOP`.`color_temperature_translation`
-- -----------------------------------------------------
CREATE TABLE IF NOT EXISTS `FIPOP`.`color_temperature_translation` (
  `id` INT NOT NULL AUTO_INCREMENT,
  `color_temperature_analysis_method_id` INT NOT NULL,
  `language_id` INT NOT NULL,
  `name` VARCHAR(100) NOT NULL,
  PRIMARY KEY (`id`),
  CONSTRAINT `fk_color_temperature_translation_language1`
    FOREIGN KEY (`language_id`)
    REFERENCES `FIPOP`.`language` (`id`)
    ON DELETE NO ACTION
    ON UPDATE NO ACTION,
  CONSTRAINT `fk_color_temperature_translation_color_temperature1`
    FOREIGN KEY (`color_temperature_analysis_method_id`)
    REFERENCES `FIPOP`.`color_temperature` (`analysis_method_id`)
    ON DELETE NO ACTION
    ON UPDATE NO ACTION)
ENGINE = InnoDB;

CREATE INDEX `fk_color_temperature_translation_language1_idx` ON `FIPOP`.`color_temperature_translation` (`language_id` ASC);

CREATE INDEX `fk_color_temperature_translation_color_temperature1_idx` ON `FIPOP`.`color_temperature_translation` (`color_temperature_analysis_method_id` ASC);


-- -----------------------------------------------------
-- Table `FIPOP`.`concept`
-- -----------------------------------------------------
CREATE TABLE IF NOT EXISTS `FIPOP`.`concept` (
  `id` INT NOT NULL AUTO_INCREMENT,
  `concept_type_id` INT NOT NULL,
  PRIMARY KEY (`id`),
  CONSTRAINT `fk_concept_concept_type1`
    FOREIGN KEY (`concept_type_id`)
    REFERENCES `FIPOP`.`concept_type` (`id`)
    ON DELETE NO ACTION
    ON UPDATE NO ACTION)
ENGINE = InnoDB;

CREATE INDEX `fk_concept_concept_type1_idx` ON `FIPOP`.`concept` (`concept_type_id` ASC);


-- -----------------------------------------------------
-- Table `FIPOP`.`concept_camera_movement_and_handling`
-- -----------------------------------------------------
CREATE TABLE IF NOT EXISTS `FIPOP`.`concept_camera_movement_and_handling` (
  `analysis_method_id` INT NOT NULL AUTO_INCREMENT,
  `camera_movement_analysis_method_id` INT NULL,
  `camera_handling_analysis_method_id` INT NULL,
  PRIMARY KEY (`analysis_method_id`),
  CONSTRAINT `fk_concept_camera_movement_and_handling_camera_movement1`
    FOREIGN KEY (`camera_movement_analysis_method_id`)
    REFERENCES `FIPOP`.`camera_movement` (`analysis_method_id`)
    ON DELETE NO ACTION
    ON UPDATE NO ACTION,
  CONSTRAINT `fk_concept_camera_movement_and_handling_camera_handling1`
    FOREIGN KEY (`camera_handling_analysis_method_id`)
    REFERENCES `FIPOP`.`camera_handling` (`analysis_method_id`)
    ON DELETE NO ACTION
    ON UPDATE NO ACTION,
  CONSTRAINT `fk_concept_camera_movement_and_handling_analysis_method1`
    FOREIGN KEY (`analysis_method_id`)
    REFERENCES `FIPOP`.`analysis_method` (`id`)
    ON DELETE CASCADE
    ON UPDATE NO ACTION)
ENGINE = InnoDB;

CREATE INDEX `fk_concept_camera_movement_and_handling_analysis_method1_idx` ON `FIPOP`.`concept_camera_movement_and_handling` (`analysis_method_id` ASC);

CREATE INDEX `fk_concept_camera_movement_and_handling_camera_movement1_idx` ON `FIPOP`.`concept_camera_movement_and_handling` (`camera_movement_analysis_method_id` ASC);

CREATE INDEX `fk_concept_camera_movement_and_handling_camera_handling1_idx` ON `FIPOP`.`concept_camera_movement_and_handling` (`camera_handling_analysis_method_id` ASC);


-- -----------------------------------------------------
-- Table `FIPOP`.`concept_camera_position_and_perspective`
-- -----------------------------------------------------
CREATE TABLE IF NOT EXISTS `FIPOP`.`concept_camera_position_and_perspective` (
  `analysis_method_id` INT NOT NULL AUTO_INCREMENT,
  `camera_distance_analysis_method_id` INT NULL,
  `camera_shot_type_analysis_method_id` INT NULL,
  `camera_vertical_angle_analysis_method_id` INT NULL,
  `camera_horizontal_angle_analysis_method_id` INT NULL,
  `camera_axis_of_action_analysis_method_id` INT NULL,
  `camera_elevation_analysis_method_id` INT NULL,
  PRIMARY KEY (`analysis_method_id`),
  CONSTRAINT `fk_concept_camera_position_and_perspective_analysis_method1`
    FOREIGN KEY (`analysis_method_id`)
    REFERENCES `FIPOP`.`analysis_method` (`id`)
    ON DELETE CASCADE
    ON UPDATE NO ACTION,
  CONSTRAINT `fk_concept_camera_position_and_perspective_camera_distance1`
    FOREIGN KEY (`camera_distance_analysis_method_id`)
    REFERENCES `FIPOP`.`camera_distance` (`analysis_method_id`)
    ON DELETE NO ACTION
    ON UPDATE NO ACTION,
  CONSTRAINT `fk_concept_camera_position_and_perspective_camera_shot_type1`
    FOREIGN KEY (`camera_shot_type_analysis_method_id`)
    REFERENCES `FIPOP`.`camera_shot_type` (`analysis_method_id`)
    ON DELETE NO ACTION
    ON UPDATE NO ACTION,
  CONSTRAINT `fk_concept_camera_position_and_perspective_camera_vertical_an1`
    FOREIGN KEY (`camera_vertical_angle_analysis_method_id`)
    REFERENCES `FIPOP`.`camera_vertical_angle` (`analysis_method_id`)
    ON DELETE NO ACTION
    ON UPDATE NO ACTION,
  CONSTRAINT `fk_concept_camera_position_and_perspective_camera_horizontal_1`
    FOREIGN KEY (`camera_horizontal_angle_analysis_method_id`)
    REFERENCES `FIPOP`.`camera_horizontal_angle` (`analysis_method_id`)
    ON DELETE NO ACTION
    ON UPDATE NO ACTION,
  CONSTRAINT `fk_concept_camera_position_and_perspective_camera_axis_of_act1`
    FOREIGN KEY (`camera_axis_of_action_analysis_method_id`)
    REFERENCES `FIPOP`.`camera_axis_of_action` (`analysis_method_id`)
    ON DELETE NO ACTION
    ON UPDATE NO ACTION,
  CONSTRAINT `fk_concept_camera_position_and_perspective_camera_elevation1`
    FOREIGN KEY (`camera_elevation_analysis_method_id`)
    REFERENCES `FIPOP`.`camera_elevation` (`analysis_method_id`)
    ON DELETE NO ACTION
    ON UPDATE NO ACTION)
ENGINE = InnoDB;

CREATE INDEX `fk_concept_camera_position_and_perspective_analysis_method1_idx` ON `FIPOP`.`concept_camera_position_and_perspective` (`analysis_method_id` ASC);

CREATE INDEX `fk_concept_camera_position_and_perspective_camera_distance1_idx` ON `FIPOP`.`concept_camera_position_and_perspective` (`camera_distance_analysis_method_id` ASC);

CREATE INDEX `fk_concept_camera_position_and_perspective_camera_shot_type_idx` ON `FIPOP`.`concept_camera_position_and_perspective` (`camera_shot_type_analysis_method_id` ASC);

CREATE INDEX `fk_concept_camera_position_and_perspective_camera_vertical__idx` ON `FIPOP`.`concept_camera_position_and_perspective` (`camera_vertical_angle_analysis_method_id` ASC);

CREATE INDEX `fk_concept_camera_position_and_perspective_camera_horizonta_idx` ON `FIPOP`.`concept_camera_position_and_perspective` (`camera_horizontal_angle_analysis_method_id` ASC);

CREATE INDEX `fk_concept_camera_position_and_perspective_camera_elevation_idx` ON `FIPOP`.`concept_camera_position_and_perspective` (`camera_elevation_analysis_method_id` ASC);

CREATE INDEX `fk_concept_camera_position_and_perspective_camera_axis_of_a_idx` ON `FIPOP`.`concept_camera_position_and_perspective` (`camera_axis_of_action_analysis_method_id` ASC);


-- -----------------------------------------------------
-- Table `FIPOP`.`concept_color`
-- -----------------------------------------------------
CREATE TABLE IF NOT EXISTS `FIPOP`.`concept_color` (
  `id` INT NOT NULL AUTO_INCREMENT,
  `hexvalue` VARCHAR(7) NOT NULL,
  PRIMARY KEY (`id`))
ENGINE = InnoDB;


-- -----------------------------------------------------
-- Table `FIPOP`.`concept_color_selection`
-- -----------------------------------------------------
CREATE TABLE IF NOT EXISTS `FIPOP`.`concept_color_selection` (
  `id` INT NOT NULL AUTO_INCREMENT,
  PRIMARY KEY (`id`))
ENGINE = InnoDB;


-- -----------------------------------------------------
-- Table `FIPOP`.`concept_color_selection_has_concept_color`
-- -----------------------------------------------------
CREATE TABLE IF NOT EXISTS `FIPOP`.`concept_color_selection_has_concept_color` (
  `concept_color_selection_id` INT NOT NULL,
  `concept_color_id` INT NOT NULL,
  PRIMARY KEY (`concept_color_selection_id`, `concept_color_id`),
  CONSTRAINT `fk_concept_color_selection_has_concept_color_concept_color_se1`
    FOREIGN KEY (`concept_color_selection_id`)
    REFERENCES `FIPOP`.`concept_color_selection` (`id`)
    ON DELETE NO ACTION
    ON UPDATE NO ACTION,
  CONSTRAINT `fk_concept_color_selection_has_concept_color_concept_color1`
    FOREIGN KEY (`concept_color_id`)
    REFERENCES `FIPOP`.`concept_color` (`id`)
    ON DELETE NO ACTION
    ON UPDATE NO ACTION)
ENGINE = InnoDB;

CREATE INDEX `fk_concept_color_selection_has_concept_color_concept_colo1_idx` ON `FIPOP`.`concept_color_selection_has_concept_color` (`concept_color_id` ASC);

CREATE INDEX `fk_concept_color_selection_has_concept_color_concept_co_s1_idx` ON `FIPOP`.`concept_color_selection_has_concept_color` (`concept_color_selection_id` ASC);


-- -----------------------------------------------------
-- Table `FIPOP`.`concept_color_translation`
-- -----------------------------------------------------
CREATE TABLE IF NOT EXISTS `FIPOP`.`concept_color_translation` (
  `id` INT NOT NULL AUTO_INCREMENT,
  `concept_color_id` INT NOT NULL,
  `language_id` INT NOT NULL,
  `name` VARCHAR(45) NOT NULL,
  PRIMARY KEY (`id`),
  CONSTRAINT `fk_concept_color_translation_concept_color1`
    FOREIGN KEY (`concept_color_id`)
    REFERENCES `FIPOP`.`concept_color` (`id`)
    ON DELETE CASCADE
    ON UPDATE NO ACTION,
  CONSTRAINT `fk_concept_color_translation_language1`
    FOREIGN KEY (`language_id`)
    REFERENCES `FIPOP`.`language` (`id`)
    ON DELETE NO ACTION
    ON UPDATE NO ACTION)
ENGINE = InnoDB;

CREATE INDEX `fk_concept_color_translation_concept_color1_idx` ON `FIPOP`.`concept_color_translation` (`concept_color_id` ASC);

CREATE INDEX `fk_concept_color_translation_language1_idx` ON `FIPOP`.`concept_color_translation` (`language_id` ASC);


-- -----------------------------------------------------
-- Table `FIPOP`.`concept_direction`
-- -----------------------------------------------------
CREATE TABLE IF NOT EXISTS `FIPOP`.`concept_direction` (
  `id` INT NOT NULL AUTO_INCREMENT,
  PRIMARY KEY (`id`))
ENGINE = InnoDB;


-- -----------------------------------------------------
-- Table `FIPOP`.`concept_direction_translation`
-- -----------------------------------------------------
CREATE TABLE IF NOT EXISTS `FIPOP`.`concept_direction_translation` (
  `id` INT NOT NULL AUTO_INCREMENT,
  `concept_direction_id` INT NOT NULL,
  `language_id` INT NOT NULL,
  `type` VARCHAR(45) NOT NULL,
  PRIMARY KEY (`id`),
  CONSTRAINT `fk_concept_direction_translation_language1`
    FOREIGN KEY (`language_id`)
    REFERENCES `FIPOP`.`language` (`id`)
    ON DELETE NO ACTION
    ON UPDATE NO ACTION,
  CONSTRAINT `fk_concept_direction_translation_concept_direction1`
    FOREIGN KEY (`concept_direction_id`)
    REFERENCES `FIPOP`.`concept_direction` (`id`)
    ON DELETE CASCADE
    ON UPDATE NO ACTION)
ENGINE = InnoDB;

CREATE INDEX `fk_concept_direction_translation_language1_idx` ON `FIPOP`.`concept_direction_translation` (`language_id` ASC);

CREATE INDEX `fk_concept_direction_translation_concept_direction1_idx` ON `FIPOP`.`concept_direction_translation` (`concept_direction_id` ASC);


-- -----------------------------------------------------
-- Table `FIPOP`.`concept_position`
-- -----------------------------------------------------
CREATE TABLE IF NOT EXISTS `FIPOP`.`concept_position` (
  `id` INT NOT NULL AUTO_INCREMENT,
  `counterpart_concept_position_id` INT NULL,
  PRIMARY KEY (`id`),
  CONSTRAINT `fk_concept_position_concept_position1`
    FOREIGN KEY (`counterpart_concept_position_id`)
    REFERENCES `FIPOP`.`concept_position` (`id`)
    ON DELETE NO ACTION
    ON UPDATE NO ACTION)
ENGINE = InnoDB;

CREATE INDEX `fk_concept_position_concept_position1_idx` ON `FIPOP`.`concept_position` (`counterpart_concept_position_id` ASC);


-- -----------------------------------------------------
-- Table `FIPOP`.`concept_position_translation`
-- -----------------------------------------------------
CREATE TABLE IF NOT EXISTS `FIPOP`.`concept_position_translation` (
  `id` INT NOT NULL AUTO_INCREMENT,
  `concept_position_id` INT NOT NULL,
  `language_id` INT NOT NULL,
  `type` VARCHAR(45) NOT NULL,
  PRIMARY KEY (`id`),
  CONSTRAINT `fk_concept_position_translation_language1`
    FOREIGN KEY (`language_id`)
    REFERENCES `FIPOP`.`language` (`id`)
    ON DELETE NO ACTION
    ON UPDATE NO ACTION,
  CONSTRAINT `fk_concept_position_translation_concept_position1`
    FOREIGN KEY (`concept_position_id`)
    REFERENCES `FIPOP`.`concept_position` (`id`)
    ON DELETE CASCADE
    ON UPDATE NO ACTION)
ENGINE = InnoDB;

CREATE INDEX `fk_concept_position_translation_language1_idx` ON `FIPOP`.`concept_position_translation` (`language_id` ASC);

CREATE INDEX `fk_concept_position_translation_concept_position1_idx` ON `FIPOP`.`concept_position_translation` (`concept_position_id` ASC);


-- -----------------------------------------------------
-- Table `FIPOP`.`concept_time`
-- -----------------------------------------------------
CREATE TABLE IF NOT EXISTS `FIPOP`.`concept_time` (
  `id` INT NOT NULL AUTO_INCREMENT,
  PRIMARY KEY (`id`))
ENGINE = InnoDB;


-- -----------------------------------------------------
-- Table `FIPOP`.`concept_time_translation`
-- -----------------------------------------------------
CREATE TABLE IF NOT EXISTS `FIPOP`.`concept_time_translation` (
  `id` INT NOT NULL AUTO_INCREMENT,
  `concept_time_id` INT NOT NULL,
  `language_id` INT NOT NULL,
  `type` VARCHAR(45) NOT NULL,
  PRIMARY KEY (`id`),
  CONSTRAINT `fk_concept_time_translation_language1`
    FOREIGN KEY (`language_id`)
    REFERENCES `FIPOP`.`language` (`id`)
    ON DELETE NO ACTION
    ON UPDATE NO ACTION,
  CONSTRAINT `fk_concept_time_translation_concept_time1`
    FOREIGN KEY (`concept_time_id`)
    REFERENCES `FIPOP`.`concept_time` (`id`)
    ON DELETE CASCADE
    ON UPDATE NO ACTION)
ENGINE = InnoDB;

CREATE INDEX `fk_concept_time_translation_language1_idx` ON `FIPOP`.`concept_time_translation` (`language_id` ASC);

CREATE INDEX `fk_concept_time_translation_concept_time1_idx` ON `FIPOP`.`concept_time_translation` (`concept_time_id` ASC);


-- -----------------------------------------------------
-- Table `FIPOP`.`concept_type`
-- -----------------------------------------------------
CREATE TABLE IF NOT EXISTS `FIPOP`.`concept_type` (
  `id` INT NOT NULL AUTO_INCREMENT,
  `type` VARCHAR(45) NOT NULL,
  PRIMARY KEY (`id`))
ENGINE = InnoDB;


-- -----------------------------------------------------
-- Table `FIPOP`.`country`
-- -----------------------------------------------------
CREATE TABLE IF NOT EXISTS `FIPOP`.`country` (
  `location_id` INT NOT NULL,
  `international_dialing_prefix` VARCHAR(50) NULL,
  `trunk_prefix` VARCHAR(45) NULL,
  `country_calling_code` VARCHAR(90) NULL,
  `time_zone` VARCHAR(45) NULL,
  `daylight_saving_time` VARCHAR(45) NULL,
  PRIMARY KEY (`location_id`),
  CONSTRAINT `fk_country_location1`
    FOREIGN KEY (`location_id`)
    REFERENCES `FIPOP`.`location` (`id`)
    ON DELETE CASCADE
    ON UPDATE NO ACTION)
ENGINE = InnoDB;

CREATE INDEX `fk_country_location1_idx` ON `FIPOP`.`country` (`location_id` ASC);


-- -----------------------------------------------------
-- Table `FIPOP`.`country_has_citizenship`
-- -----------------------------------------------------
CREATE TABLE IF NOT EXISTS `FIPOP`.`country_has_citizenship` (
  `country_location_id` INT NOT NULL,
  `citizenship_id` INT NOT NULL,
  PRIMARY KEY (`country_location_id`, `citizenship_id`),
  CONSTRAINT `fk_country_has_citizenship_country1`
    FOREIGN KEY (`country_location_id`)
    REFERENCES `FIPOP`.`country` (`location_id`)
    ON DELETE NO ACTION
    ON UPDATE NO ACTION,
  CONSTRAINT `fk_country_has_citizenship_citizenship1`
    FOREIGN KEY (`citizenship_id`)
    REFERENCES `FIPOP`.`citizenship` (`id`)
    ON DELETE NO ACTION
    ON UPDATE NO ACTION)
ENGINE = InnoDB;

CREATE INDEX `fk_country_has_citizenship_citizenship1_idx` ON `FIPOP`.`country_has_citizenship` (`citizenship_id` ASC);

CREATE INDEX `fk_country_has_citizenship_country1_idx` ON `FIPOP`.`country_has_citizenship` (`country_location_id` ASC);


-- -----------------------------------------------------
-- Table `FIPOP`.`county`
-- -----------------------------------------------------
CREATE TABLE IF NOT EXISTS `FIPOP`.`county` (
  `location_id` INT NOT NULL,
  PRIMARY KEY (`location_id`),
  CONSTRAINT `fk_county_location1`
    FOREIGN KEY (`location_id`)
    REFERENCES `FIPOP`.`location` (`id`)
    ON DELETE CASCADE
    ON UPDATE NO ACTION)
ENGINE = InnoDB;

CREATE INDEX `fk_county_location1_idx` ON `FIPOP`.`county` (`location_id` ASC);


-- -----------------------------------------------------
-- Table `FIPOP`.`division`
-- -----------------------------------------------------
CREATE TABLE IF NOT EXISTS `FIPOP`.`division` (
  `id` INT NOT NULL,
  `religion_id` INT NOT NULL,
  `name` VARCHAR(45) NOT NULL,
  PRIMARY KEY (`id`, `religion_id`),
  CONSTRAINT `fk_division_religion1`
    FOREIGN KEY (`religion_id`)
    REFERENCES `FIPOP`.`religion` (`id`)
    ON DELETE NO ACTION
    ON UPDATE NO ACTION)
ENGINE = InnoDB;

CREATE INDEX `fk_division_religion1_idx` ON `FIPOP`.`division` (`religion_id` ASC);

CREATE UNIQUE INDEX `name_UNIQUE` ON `FIPOP`.`division` (`name` ASC);


-- -----------------------------------------------------
-- Table `FIPOP`.`dynamic_marking`
-- -----------------------------------------------------
CREATE TABLE IF NOT EXISTS `FIPOP`.`dynamic_marking` (
  `id` INT NOT NULL AUTO_INCREMENT,
  PRIMARY KEY (`id`))
ENGINE = InnoDB;


-- -----------------------------------------------------
-- Table `FIPOP`.`dynamic_marking_translation`
-- -----------------------------------------------------
CREATE TABLE IF NOT EXISTS `FIPOP`.`dynamic_marking_translation` (
  `id` INT NOT NULL AUTO_INCREMENT,
  `dynamic_marking_id` INT NOT NULL,
  `language_id` INT NOT NULL,
  `type` VARCHAR(45) NOT NULL,
  PRIMARY KEY (`id`),
  CONSTRAINT `fk_dynamic_marking_dynamic_marking1`
    FOREIGN KEY (`dynamic_marking_id`)
    REFERENCES `FIPOP`.`dynamic_marking` (`id`)
    ON DELETE CASCADE
    ON UPDATE NO ACTION,
  CONSTRAINT `fk_dynamic_marking_language1`
    FOREIGN KEY (`language_id`)
    REFERENCES `FIPOP`.`language` (`id`)
    ON DELETE NO ACTION
    ON UPDATE NO ACTION)
ENGINE = InnoDB;

CREATE INDEX `fk_dynamic_marking_dynamic_marking1_idx` ON `FIPOP`.`dynamic_marking_translation` (`dynamic_marking_id` ASC);

CREATE INDEX `fk_dynamic_marking_language1_idx` ON `FIPOP`.`dynamic_marking_translation` (`language_id` ASC);


-- -----------------------------------------------------
-- Table `FIPOP`.`email_address`
-- -----------------------------------------------------
CREATE TABLE IF NOT EXISTS `FIPOP`.`email_address` (
  `id` INT NOT NULL AUTO_INCREMENT,
  `email` VARCHAR(254) NOT NULL,
  PRIMARY KEY (`id`))
ENGINE = InnoDB;


-- -----------------------------------------------------
-- Table `FIPOP`.`email_address_type`
-- -----------------------------------------------------
CREATE TABLE IF NOT EXISTS `FIPOP`.`email_address_type` (
  `id` INT NOT NULL AUTO_INCREMENT,
  PRIMARY KEY (`id`))
ENGINE = InnoDB;


-- -----------------------------------------------------
-- Table `FIPOP`.`email_address_type_translation`
-- -----------------------------------------------------
CREATE TABLE IF NOT EXISTS `FIPOP`.`email_address_type_translation` (
  `id` INT NOT NULL AUTO_INCREMENT,
  `email_address_type_id` INT NOT NULL,
  `language_id` INT NOT NULL,
  `type` VARCHAR(45) NOT NULL,
  PRIMARY KEY (`id`),
  CONSTRAINT `fk_email_address_type_translation_email_address_type1`
    FOREIGN KEY (`email_address_type_id`)
    REFERENCES `FIPOP`.`email_address_type` (`id`)
    ON DELETE CASCADE
    ON UPDATE NO ACTION,
  CONSTRAINT `fk_email_address_type_translation_language1`
    FOREIGN KEY (`language_id`)
    REFERENCES `FIPOP`.`language` (`id`)
    ON DELETE NO ACTION
    ON UPDATE NO ACTION)
ENGINE = InnoDB;

CREATE INDEX `fk_email_address_type_translation_email_address_type1_idx` ON `FIPOP`.`email_address_type_translation` (`email_address_type_id` ASC);

CREATE INDEX `fk_email_address_type_translation_language1_idx` ON `FIPOP`.`email_address_type_translation` (`language_id` ASC);


-- -----------------------------------------------------
-- Table `FIPOP`.`episode_information`
-- -----------------------------------------------------
CREATE TABLE IF NOT EXISTS `FIPOP`.`episode_information` (
  `id` INT NOT NULL AUTO_INCREMENT,
  `medium_video_medium_id` INT NULL,
  `medium_videogame_medium_software_medium_id` INT NULL,
  `season_number` TINYINT UNSIGNED NOT NULL,
  `episode_number` SMALLINT UNSIGNED NOT NULL,
  PRIMARY KEY (`id`),
  CONSTRAINT `fk_episode_information_medium_video1`
    FOREIGN KEY (`medium_video_medium_id`)
    REFERENCES `FIPOP`.`medium_video` (`medium_id`)
    ON DELETE NO ACTION
    ON UPDATE NO ACTION,
  CONSTRAINT `fk_episode_information_medium_videogame1`
    FOREIGN KEY (`medium_videogame_medium_software_medium_id`)
    REFERENCES `FIPOP`.`medium_videogame` (`medium_id`)
    ON DELETE NO ACTION
    ON UPDATE NO ACTION)
ENGINE = InnoDB;

CREATE INDEX `fk_episode_information_medium_video1_idx` ON `FIPOP`.`episode_information` (`medium_video_medium_id` ASC);

CREATE INDEX `fk_episode_information_medium_videogame1_idx` ON `FIPOP`.`episode_information` (`medium_videogame_medium_software_medium_id` ASC);


-- -----------------------------------------------------
-- Table `FIPOP`.`event`
-- -----------------------------------------------------
CREATE TABLE IF NOT EXISTS `FIPOP`.`event` (
  `id` INT NOT NULL AUTO_INCREMENT,
  `location_id` INT NULL,
  `created_by_user_account_id` INT NOT NULL,
  `last_edited_by_user_account_id` INT NULL,
  `began_at` TIMESTAMP NULL,
  `ended_at` TIMESTAMP NULL,
  `created_at` TIMESTAMP NOT NULL DEFAULT CURRENT_TIMESTAMP,
  `last_edited_at` TIMESTAMP NULL,
  PRIMARY KEY (`id`),
  CONSTRAINT `fk_event_location1`
    FOREIGN KEY (`location_id`)
    REFERENCES `FIPOP`.`location` (`id`)
    ON DELETE NO ACTION
    ON UPDATE NO ACTION,
  CONSTRAINT `fk_event_user_account1`
    FOREIGN KEY (`created_by_user_account_id`)
    REFERENCES `FIPOP`.`user_account` (`id`)
    ON DELETE NO ACTION
    ON UPDATE NO ACTION,
  CONSTRAINT `fk_event_user_account2`
    FOREIGN KEY (`last_edited_by_user_account_id`)
    REFERENCES `FIPOP`.`user_account` (`id`)
    ON DELETE NO ACTION
    ON UPDATE NO ACTION)
ENGINE = InnoDB;

CREATE INDEX `fk_event_location1_idx` ON `FIPOP`.`event` (`location_id` ASC);

CREATE INDEX `fk_event_user_account1_idx` ON `FIPOP`.`event` (`created_by_user_account_id` ASC);

CREATE INDEX `fk_event_user_account2_idx` ON `FIPOP`.`event` (`last_edited_by_user_account_id` ASC);


-- -----------------------------------------------------
-- Table `FIPOP`.`event_domain`
-- -----------------------------------------------------
CREATE TABLE IF NOT EXISTS `FIPOP`.`event_domain` (
  `id` INT NOT NULL AUTO_INCREMENT,
  PRIMARY KEY (`id`))
ENGINE = InnoDB;


-- -----------------------------------------------------
-- Table `FIPOP`.`event_domain_translation`
-- -----------------------------------------------------
CREATE TABLE IF NOT EXISTS `FIPOP`.`event_domain_translation` (
  `id` INT NOT NULL AUTO_INCREMENT,
  `event_domain_id` INT NOT NULL,
  `language_id` INT NOT NULL,
  `type` VARCHAR(45) NOT NULL,
  PRIMARY KEY (`id`),
  CONSTRAINT `fk_event_domain_translation_event_domain1`
    FOREIGN KEY (`event_domain_id`)
    REFERENCES `FIPOP`.`event_domain` (`id`)
    ON DELETE CASCADE
    ON UPDATE NO ACTION,
  CONSTRAINT `fk_event_domain_translation_language1`
    FOREIGN KEY (`language_id`)
    REFERENCES `FIPOP`.`language` (`id`)
    ON DELETE NO ACTION
    ON UPDATE NO ACTION)
ENGINE = InnoDB;

CREATE INDEX `fk_event_domain_translation_event_domain1_idx` ON `FIPOP`.`event_domain_translation` (`event_domain_id` ASC);

CREATE INDEX `fk_event_domain_translation_language1_idx` ON `FIPOP`.`event_domain_translation` (`language_id` ASC);


-- -----------------------------------------------------
-- Table `FIPOP`.`event_event_relationship_type`
-- -----------------------------------------------------
CREATE TABLE IF NOT EXISTS `FIPOP`.`event_event_relationship_type` (
  `id` INT NOT NULL AUTO_INCREMENT,
  PRIMARY KEY (`id`))
ENGINE = InnoDB;


-- -----------------------------------------------------
-- Table `FIPOP`.`event_event_relationship_type_translation`
-- -----------------------------------------------------
CREATE TABLE IF NOT EXISTS `FIPOP`.`event_event_relationship_type_translation` (
  `id` INT NOT NULL AUTO_INCREMENT,
  `event_event_relationship_type_id` INT NOT NULL,
  `language_id` INT NOT NULL,
  `type` VARCHAR(100) NOT NULL,
  PRIMARY KEY (`id`),
  CONSTRAINT `fk_event_event_relationship_type_translation_event_event_relati1`
    FOREIGN KEY (`event_event_relationship_type_id`)
    REFERENCES `FIPOP`.`event_event_relationship_type` (`id`)
    ON DELETE CASCADE
    ON UPDATE NO ACTION,
  CONSTRAINT `fk_event_event_relationship_type_translation_language1`
    FOREIGN KEY (`language_id`)
    REFERENCES `FIPOP`.`language` (`id`)
    ON DELETE NO ACTION
    ON UPDATE NO ACTION)
ENGINE = InnoDB;

CREATE INDEX `fk_event_event_relationship_type_translation_event_event_r1_idx` ON `FIPOP`.`event_event_relationship_type_translation` (`event_event_relationship_type_id` ASC);

CREATE INDEX `fk_event_event_relationship_type_translation_language1_idx` ON `FIPOP`.`event_event_relationship_type_translation` (`language_id` ASC);


-- -----------------------------------------------------
-- Table `FIPOP`.`event_has_actor_with_role`
-- -----------------------------------------------------
CREATE TABLE IF NOT EXISTS `FIPOP`.`event_has_actor_with_role` (
  `event_id` INT NOT NULL,
  `actor_has_role_actor_id` INT NOT NULL,
  `actor_has_role_role_id` INT NOT NULL,
  PRIMARY KEY (`event_id`, `actor_has_role_actor_id`, `actor_has_role_role_id`),
  CONSTRAINT `fk_event_has_actor_with_role_event1`
    FOREIGN KEY (`event_id`)
    REFERENCES `FIPOP`.`event` (`id`)
    ON DELETE NO ACTION
    ON UPDATE NO ACTION,
  CONSTRAINT `fk_event_has_actor_with_role_actor_has_role1`
    FOREIGN KEY (`actor_has_role_actor_id` , `actor_has_role_role_id`)
    REFERENCES `FIPOP`.`actor_has_role` (`actor_id` , `role_id`)
    ON DELETE NO ACTION
    ON UPDATE NO ACTION)
ENGINE = InnoDB;

CREATE INDEX `fk_event_has_actor_with_role_event1_idx` ON `FIPOP`.`event_has_actor_with_role` (`event_id` ASC);

CREATE INDEX `fk_event_has_actor_with_role_actor_has_role1_idx` ON `FIPOP`.`event_has_actor_with_role` (`actor_has_role_actor_id` ASC, `actor_has_role_role_id` ASC);


-- -----------------------------------------------------
-- Table `FIPOP`.`event_has_event_domain`
-- -----------------------------------------------------
CREATE TABLE IF NOT EXISTS `FIPOP`.`event_has_event_domain` (
  `event_id` INT NOT NULL,
  `event_domain_id` INT NOT NULL,
  PRIMARY KEY (`event_id`, `event_domain_id`),
  CONSTRAINT `fk_event_has_event_domain_event1`
    FOREIGN KEY (`event_id`)
    REFERENCES `FIPOP`.`event` (`id`)
    ON DELETE NO ACTION
    ON UPDATE NO ACTION,
  CONSTRAINT `fk_event_has_event_domain_event_domain1`
    FOREIGN KEY (`event_domain_id`)
    REFERENCES `FIPOP`.`event_domain` (`id`)
    ON DELETE NO ACTION
    ON UPDATE NO ACTION)
ENGINE = InnoDB;

CREATE INDEX `fk_event_has_event_domain_event_domain1_idx` ON `FIPOP`.`event_has_event_domain` (`event_domain_id` ASC);

CREATE INDEX `fk_event_has_event_domain_event1_idx` ON `FIPOP`.`event_has_event_domain` (`event_id` ASC);


-- -----------------------------------------------------
-- Table `FIPOP`.`event_has_event_type`
-- -----------------------------------------------------
CREATE TABLE IF NOT EXISTS `FIPOP`.`event_has_event_type` (
  `event_id` INT NOT NULL,
  `event_type_id` INT NOT NULL,
  PRIMARY KEY (`event_id`, `event_type_id`),
  CONSTRAINT `fk_event_has_event_type_event1`
    FOREIGN KEY (`event_id`)
    REFERENCES `FIPOP`.`event` (`id`)
    ON DELETE NO ACTION
    ON UPDATE NO ACTION,
  CONSTRAINT `fk_event_has_event_type_event_type1`
    FOREIGN KEY (`event_type_id`)
    REFERENCES `FIPOP`.`event_type` (`id`)
    ON DELETE NO ACTION
    ON UPDATE NO ACTION)
ENGINE = InnoDB;

CREATE INDEX `fk_event_has_event_type_event_type1_idx` ON `FIPOP`.`event_has_event_type` (`event_type_id` ASC);

CREATE INDEX `fk_event_has_event_type_event1_idx` ON `FIPOP`.`event_has_event_type` (`event_id` ASC);


-- -----------------------------------------------------
-- Table `FIPOP`.`event_has_tag`
-- -----------------------------------------------------
CREATE TABLE IF NOT EXISTS `FIPOP`.`event_has_tag` (
  `event_id` INT NOT NULL,
  `tag_id` INT NOT NULL,
  PRIMARY KEY (`event_id`, `tag_id`),
  CONSTRAINT `fk_event_has_tag_event1`
    FOREIGN KEY (`event_id`)
    REFERENCES `FIPOP`.`event` (`id`)
    ON DELETE CASCADE
    ON UPDATE NO ACTION,
  CONSTRAINT `fk_event_has_tag_tag1`
    FOREIGN KEY (`tag_id`)
    REFERENCES `FIPOP`.`tag` (`id`)
    ON DELETE CASCADE
    ON UPDATE NO ACTION)
ENGINE = InnoDB;

CREATE INDEX `fk_event_has_tag_tag1_idx` ON `FIPOP`.`event_has_tag` (`tag_id` ASC);

CREATE INDEX `fk_event_has_tag_event1_idx` ON `FIPOP`.`event_has_tag` (`event_id` ASC);


-- -----------------------------------------------------
-- Table `FIPOP`.`event_relates_to_event`
-- -----------------------------------------------------
CREATE TABLE IF NOT EXISTS `FIPOP`.`event_relates_to_event` (
  `event_id` INT NOT NULL,
  `relates_to_event_id` INT NOT NULL,
  `event_event_relationship_type_id` INT NOT NULL,
  PRIMARY KEY (`event_id`, `relates_to_event_id`, `event_event_relationship_type_id`),
  CONSTRAINT `fk_event_relates_to_event_event1`
    FOREIGN KEY (`event_id`)
    REFERENCES `FIPOP`.`event` (`id`)
    ON DELETE NO ACTION
    ON UPDATE NO ACTION,
  CONSTRAINT `fk_event_relates_to_event_event2`
    FOREIGN KEY (`relates_to_event_id`)
    REFERENCES `FIPOP`.`event` (`id`)
    ON DELETE NO ACTION
    ON UPDATE NO ACTION,
  CONSTRAINT `fk_event_relates_to_event_event_to_event_relationship_type1`
    FOREIGN KEY (`event_event_relationship_type_id`)
    REFERENCES `FIPOP`.`event_event_relationship_type` (`id`)
    ON DELETE NO ACTION
    ON UPDATE NO ACTION)
ENGINE = InnoDB;

CREATE INDEX `fk_event_relates_to_event_event2_idx` ON `FIPOP`.`event_relates_to_event` (`relates_to_event_id` ASC);

CREATE INDEX `fk_event_relates_to_event_event1_idx` ON `FIPOP`.`event_relates_to_event` (`event_id` ASC);

CREATE INDEX `fk_event_relates_to_event_event_to_event_relationship_type1_idx` ON `FIPOP`.`event_relates_to_event` (`event_event_relationship_type_id` ASC);


-- -----------------------------------------------------
-- Table `FIPOP`.`event_translation`
-- -----------------------------------------------------
CREATE TABLE IF NOT EXISTS `FIPOP`.`event_translation` (
  `id` INT NOT NULL AUTO_INCREMENT,
  `event_id` INT NOT NULL,
  `language_id` INT NOT NULL,
  `name` VARCHAR(255) NOT NULL,
  `description` VARCHAR(4096) NULL,
  PRIMARY KEY (`id`),
  CONSTRAINT `fk_event_translation_event1`
    FOREIGN KEY (`event_id`)
    REFERENCES `FIPOP`.`event` (`id`)
    ON DELETE CASCADE
    ON UPDATE NO ACTION,
  CONSTRAINT `fk_event_translation_language1`
    FOREIGN KEY (`language_id`)
    REFERENCES `FIPOP`.`language` (`id`)
    ON DELETE NO ACTION
    ON UPDATE NO ACTION)
ENGINE = InnoDB;

CREATE INDEX `fk_event_translation_event1_idx` ON `FIPOP`.`event_translation` (`event_id` ASC);

CREATE INDEX `fk_event_translation_language1_idx` ON `FIPOP`.`event_translation` (`language_id` ASC);


-- -----------------------------------------------------
-- Table `FIPOP`.`event_type`
-- -----------------------------------------------------
CREATE TABLE IF NOT EXISTS `FIPOP`.`event_type` (
  `id` INT NOT NULL AUTO_INCREMENT,
  PRIMARY KEY (`id`))
ENGINE = InnoDB;


-- -----------------------------------------------------
-- Table `FIPOP`.`event_type_translation`
-- -----------------------------------------------------
CREATE TABLE IF NOT EXISTS `FIPOP`.`event_type_translation` (
  `id` INT NOT NULL AUTO_INCREMENT,
  `event_type_id` INT NOT NULL,
  `language_id` INT NOT NULL,
  `type` VARCHAR(45) NOT NULL,
  PRIMARY KEY (`id`),
  CONSTRAINT `fk_event_type_translation_event_type1`
    FOREIGN KEY (`event_type_id`)
    REFERENCES `FIPOP`.`event_type` (`id`)
    ON DELETE CASCADE
    ON UPDATE NO ACTION,
  CONSTRAINT `fk_event_type_translation_language1`
    FOREIGN KEY (`language_id`)
    REFERENCES `FIPOP`.`language` (`id`)
    ON DELETE NO ACTION
    ON UPDATE NO ACTION)
ENGINE = InnoDB;

CREATE INDEX `fk_event_type_translation_event_type1_idx` ON `FIPOP`.`event_type_translation` (`event_type_id` ASC);

CREATE INDEX `fk_event_type_translation_language1_idx` ON `FIPOP`.`event_type_translation` (`language_id` ASC);


-- -----------------------------------------------------
-- Table `FIPOP`.`genre`
-- -----------------------------------------------------
CREATE TABLE IF NOT EXISTS `FIPOP`.`genre` (
  `id` INT NOT NULL AUTO_INCREMENT,
  `type` VARCHAR(45) NOT NULL,
  `subtype` VARCHAR(45) NULL,
  PRIMARY KEY (`id`))
ENGINE = InnoDB;


-- -----------------------------------------------------
-- Table `FIPOP`.`genre_group`
-- -----------------------------------------------------
CREATE TABLE IF NOT EXISTS `FIPOP`.`genre_group` (
  `id` INT NOT NULL AUTO_INCREMENT,
  `media_type_id` INT NOT NULL,
  PRIMARY KEY (`id`),
  CONSTRAINT `fk_genre_group_media_type1`
    FOREIGN KEY (`media_type_id`)
    REFERENCES `FIPOP`.`media_type` (`id`)
    ON DELETE NO ACTION
    ON UPDATE NO ACTION)
ENGINE = InnoDB;

CREATE INDEX `fk_genre_group_media_type1_idx` ON `FIPOP`.`genre_group` (`media_type_id` ASC);


-- -----------------------------------------------------
-- Table `FIPOP`.`genre_group_has_genre`
-- -----------------------------------------------------
CREATE TABLE IF NOT EXISTS `FIPOP`.`genre_group_has_genre` (
  `genre_group_id` INT NOT NULL,
  `genre_id` INT NOT NULL,
  PRIMARY KEY (`genre_group_id`, `genre_id`),
  CONSTRAINT `fk_genre_group_has_genre_genre_group1`
    FOREIGN KEY (`genre_group_id`)
    REFERENCES `FIPOP`.`genre_group` (`id`)
    ON DELETE NO ACTION
    ON UPDATE NO ACTION,
  CONSTRAINT `fk_genre_group_has_genre_genre1`
    FOREIGN KEY (`genre_id`)
    REFERENCES `FIPOP`.`genre` (`id`)
    ON DELETE NO ACTION
    ON UPDATE NO ACTION)
ENGINE = InnoDB;

CREATE INDEX `fk_genre_group_has_genre_genre1_idx` ON `FIPOP`.`genre_group_has_genre` (`genre_id` ASC);

CREATE INDEX `fk_genre_group_has_genre_genre_group1_idx` ON `FIPOP`.`genre_group_has_genre` (`genre_group_id` ASC);


-- -----------------------------------------------------
-- Table `FIPOP`.`hashtag`
-- -----------------------------------------------------
CREATE TABLE IF NOT EXISTS `FIPOP`.`hashtag` (
  `id` INT NOT NULL AUTO_INCREMENT,
  `name` VARCHAR(45) NOT NULL,
  PRIMARY KEY (`id`))
ENGINE = InnoDB;

CREATE UNIQUE INDEX `name_UNIQUE` ON `FIPOP`.`hashtag` (`name` ASC);


-- -----------------------------------------------------
-- Table `FIPOP`.`iconclass_category`
-- -----------------------------------------------------
CREATE TABLE IF NOT EXISTS `FIPOP`.`iconclass_category` (
  `id` INT NOT NULL AUTO_INCREMENT,
  `parent_iconclass_category_id` INT NULL,
  `category_token` VARCHAR(32) NOT NULL,
  `name` VARCHAR(192) NOT NULL,
  PRIMARY KEY (`id`),
  CONSTRAINT `fk_iconclass_category_parent_iconclass_category1`
    FOREIGN KEY (`parent_iconclass_category_id`)
    REFERENCES `FIPOP`.`iconclass_category` (`id`)
    ON DELETE NO ACTION
    ON UPDATE NO ACTION)
ENGINE = InnoDB;

CREATE INDEX `fk_iconclass_category_parent_iconclass_category1_idx` ON `FIPOP`.`iconclass_category` (`parent_iconclass_category_id` ASC);


-- -----------------------------------------------------
-- Table `FIPOP`.`image_gallery`
-- -----------------------------------------------------
CREATE TABLE IF NOT EXISTS `FIPOP`.`image_gallery` (
  `id` INT NOT NULL AUTO_INCREMENT,
  `sioc_user_account_id` INT NOT NULL,
  `title` VARCHAR(45) NOT NULL,
  PRIMARY KEY (`id`),
  CONSTRAINT `fk_image_gallery_sioc_user_account1`
    FOREIGN KEY (`sioc_user_account_id`)
    REFERENCES `FIPOP`.`sioc_user_account` (`id`)
    ON DELETE NO ACTION
    ON UPDATE NO ACTION)
ENGINE = InnoDB;

CREATE INDEX `fk_image_gallery_sioc_user_account1_idx` ON `FIPOP`.`image_gallery` (`sioc_user_account_id` ASC);


-- -----------------------------------------------------
-- Table `FIPOP`.`image_gallery_has_medium_image`
-- -----------------------------------------------------
CREATE TABLE IF NOT EXISTS `FIPOP`.`image_gallery_has_medium_image` (
  `image_gallery_id` INT NOT NULL,
  `medium_image_medium_id` INT NOT NULL,
  PRIMARY KEY (`image_gallery_id`, `medium_image_medium_id`),
  CONSTRAINT `fk_image_gallery_has_medium_image_image_gallery1`
    FOREIGN KEY (`image_gallery_id`)
    REFERENCES `FIPOP`.`image_gallery` (`id`)
    ON DELETE NO ACTION
    ON UPDATE NO ACTION,
  CONSTRAINT `fk_image_gallery_has_medium_image_medium_image1`
    FOREIGN KEY (`medium_image_medium_id`)
    REFERENCES `FIPOP`.`medium_image` (`medium_id`)
    ON DELETE NO ACTION
    ON UPDATE NO ACTION)
ENGINE = InnoDB;

CREATE INDEX `fk_image_gallery_has_medium_image_medium_image1_idx` ON `FIPOP`.`image_gallery_has_medium_image` (`medium_image_medium_id` ASC);

CREATE INDEX `fk_image_gallery_has_medium_image_image_gallery1_idx` ON `FIPOP`.`image_gallery_has_medium_image` (`image_gallery_id` ASC);


-- -----------------------------------------------------
-- Table `FIPOP`.`instrument`
-- -----------------------------------------------------
CREATE TABLE IF NOT EXISTS `FIPOP`.`instrument` (
  `id` INT NOT NULL AUTO_INCREMENT,
  `instrument_type_id` INT NOT NULL,
  `instrument_subtype_id` INT NULL,
  PRIMARY KEY (`id`),
  CONSTRAINT `fk_instrument_instrument_type1`
    FOREIGN KEY (`instrument_type_id`)
    REFERENCES `FIPOP`.`instrument_type` (`id`)
    ON DELETE NO ACTION
    ON UPDATE NO ACTION,
  CONSTRAINT `fk_instrument_instrument_subtype1`
    FOREIGN KEY (`instrument_subtype_id`)
    REFERENCES `FIPOP`.`instrument_subtype` (`id`)
    ON DELETE NO ACTION
    ON UPDATE NO ACTION)
ENGINE = InnoDB;

CREATE INDEX `fk_instrument_instrument_type1_idx` ON `FIPOP`.`instrument` (`instrument_type_id` ASC);

CREATE INDEX `fk_instrument_instrument_subtype1_idx` ON `FIPOP`.`instrument` (`instrument_subtype_id` ASC);


-- -----------------------------------------------------
-- Table `FIPOP`.`instrument_subtype`
-- -----------------------------------------------------
CREATE TABLE IF NOT EXISTS `FIPOP`.`instrument_subtype` (
  `id` INT NOT NULL AUTO_INCREMENT,
  `instrument_type_id` INT NOT NULL,
  PRIMARY KEY (`id`),
  CONSTRAINT `fk_instrument_subtype_instrument_type1`
    FOREIGN KEY (`instrument_type_id`)
    REFERENCES `FIPOP`.`instrument_type` (`id`)
    ON DELETE NO ACTION
    ON UPDATE NO ACTION)
ENGINE = InnoDB;

CREATE INDEX `fk_instrument_subtype_instrument_type1_idx` ON `FIPOP`.`instrument_subtype` (`instrument_type_id` ASC);


-- -----------------------------------------------------
-- Table `FIPOP`.`instrument_subtype_translation`
-- -----------------------------------------------------
CREATE TABLE IF NOT EXISTS `FIPOP`.`instrument_subtype_translation` (
  `id` INT NOT NULL AUTO_INCREMENT,
  `language_id` INT NOT NULL,
  `instrument_subtype_id` INT NOT NULL,
  `subtype` VARCHAR(45) NOT NULL,
  PRIMARY KEY (`id`),
  CONSTRAINT `fk_instrument_subtype_translation_language1`
    FOREIGN KEY (`language_id`)
    REFERENCES `FIPOP`.`language` (`id`)
    ON DELETE NO ACTION
    ON UPDATE NO ACTION,
  CONSTRAINT `fk_instrument_subtype_translation_instrument_subtype1`
    FOREIGN KEY (`instrument_subtype_id`)
    REFERENCES `FIPOP`.`instrument_subtype` (`id`)
    ON DELETE CASCADE
    ON UPDATE NO ACTION)
ENGINE = InnoDB;

CREATE INDEX `fk_instrument_subtype_translation_language1_idx` ON `FIPOP`.`instrument_subtype_translation` (`language_id` ASC);

CREATE INDEX `fk_instrument_subtype_translation_instrument_subtype1_idx` ON `FIPOP`.`instrument_subtype_translation` (`instrument_subtype_id` ASC);


-- -----------------------------------------------------
-- Table `FIPOP`.`instrument_type`
-- -----------------------------------------------------
CREATE TABLE IF NOT EXISTS `FIPOP`.`instrument_type` (
  `id` INT NOT NULL AUTO_INCREMENT,
  PRIMARY KEY (`id`))
ENGINE = InnoDB;


-- -----------------------------------------------------
-- Table `FIPOP`.`instrument_type_translation`
-- -----------------------------------------------------
CREATE TABLE IF NOT EXISTS `FIPOP`.`instrument_type_translation` (
  `id` INT NOT NULL AUTO_INCREMENT,
  `instrument_type_id` INT NOT NULL,
  `language_id` INT NOT NULL,
  `type` VARCHAR(30) NOT NULL,
  PRIMARY KEY (`id`),
  CONSTRAINT `fk_instrument_type_translation_language1`
    FOREIGN KEY (`language_id`)
    REFERENCES `FIPOP`.`language` (`id`)
    ON DELETE NO ACTION
    ON UPDATE NO ACTION,
  CONSTRAINT `fk_instrument_type_translation_instrument_type1`
    FOREIGN KEY (`instrument_type_id`)
    REFERENCES `FIPOP`.`instrument_type` (`id`)
    ON DELETE CASCADE
    ON UPDATE NO ACTION)
ENGINE = InnoDB;

CREATE INDEX `fk_instrument_type_translation_language1_idx` ON `FIPOP`.`instrument_type_translation` (`language_id` ASC);

CREATE INDEX `fk_instrument_type_translation_instrument_type1_idx` ON `FIPOP`.`instrument_type_translation` (`instrument_type_id` ASC);


-- -----------------------------------------------------
-- Table `FIPOP`.`iri`
-- -----------------------------------------------------
CREATE TABLE IF NOT EXISTS `FIPOP`.`iri` (
  `id` INT NOT NULL AUTO_INCREMENT,
  `iri` VARCHAR(45) NOT NULL,
  PRIMARY KEY (`id`))
ENGINE = InnoDB;

CREATE UNIQUE INDEX `iri_UNIQUE` ON `FIPOP`.`iri` (`iri` ASC);


-- -----------------------------------------------------
-- Table `FIPOP`.`jins`
-- -----------------------------------------------------
CREATE TABLE IF NOT EXISTS `FIPOP`.`jins` (
  `id` INT NOT NULL AUTO_INCREMENT,
  PRIMARY KEY (`id`))
ENGINE = InnoDB;


-- -----------------------------------------------------
-- Table `FIPOP`.`jins_translation`
-- -----------------------------------------------------
CREATE TABLE IF NOT EXISTS `FIPOP`.`jins_translation` (
  `id` INT NOT NULL AUTO_INCREMENT,
  `jins_id` INT NOT NULL,
  `language_id` INT NOT NULL,
  `type` VARCHAR(50) NOT NULL,
  PRIMARY KEY (`id`),
  CONSTRAINT `fk_jins_translation_jins1`
    FOREIGN KEY (`jins_id`)
    REFERENCES `FIPOP`.`jins` (`id`)
    ON DELETE NO ACTION
    ON UPDATE NO ACTION,
  CONSTRAINT `fk_jins_translation_language1`
    FOREIGN KEY (`language_id`)
    REFERENCES `FIPOP`.`language` (`id`)
    ON DELETE NO ACTION
    ON UPDATE NO ACTION)
ENGINE = InnoDB;

CREATE INDEX `fk_jins_translation_jins1_idx` ON `FIPOP`.`jins_translation` (`jins_id` ASC);

CREATE INDEX `fk_jins_translation_language1_idx` ON `FIPOP`.`jins_translation` (`language_id` ASC);


-- -----------------------------------------------------
-- Table `FIPOP`.`language`
-- -----------------------------------------------------
CREATE TABLE IF NOT EXISTS `FIPOP`.`language` (
  `id` INT NOT NULL AUTO_INCREMENT,
  `code` VARCHAR(10) NOT NULL,
  `name` VARCHAR(45) NOT NULL,
  `is_system_language` TINYINT(1) NOT NULL DEFAULT 0,
  PRIMARY KEY (`id`))
ENGINE = InnoDB;

CREATE UNIQUE INDEX `code_UNIQUE` ON `FIPOP`.`language` (`code` ASC);


-- -----------------------------------------------------
-- Table `FIPOP`.`lighting`
-- -----------------------------------------------------
CREATE TABLE IF NOT EXISTS `FIPOP`.`lighting` (
  `analysis_method_id` INT NOT NULL,
  PRIMARY KEY (`analysis_method_id`),
  CONSTRAINT `fk_lighting_analysis_method1`
    FOREIGN KEY (`analysis_method_id`)
    REFERENCES `FIPOP`.`analysis_method` (`id`)
    ON DELETE NO ACTION
    ON UPDATE NO ACTION)
ENGINE = InnoDB;


-- -----------------------------------------------------
-- Table `FIPOP`.`lighting_translation`
-- -----------------------------------------------------
CREATE TABLE IF NOT EXISTS `FIPOP`.`lighting_translation` (
  `id` INT NOT NULL AUTO_INCREMENT,
  `lighting_analysis_method_id` INT NOT NULL,
  `language_id` INT NOT NULL,
  `name` VARCHAR(100) NOT NULL,
  PRIMARY KEY (`id`),
  CONSTRAINT `fk_lighting_translation_lighting1`
    FOREIGN KEY (`lighting_analysis_method_id`)
    REFERENCES `FIPOP`.`lighting` (`analysis_method_id`)
    ON DELETE NO ACTION
    ON UPDATE NO ACTION,
  CONSTRAINT `fk_lighting_translation_language1`
    FOREIGN KEY (`language_id`)
    REFERENCES `FIPOP`.`language` (`id`)
    ON DELETE NO ACTION
    ON UPDATE NO ACTION)
ENGINE = InnoDB;

CREATE INDEX `fk_lighting_translation_lighting1_idx` ON `FIPOP`.`lighting_translation` (`lighting_analysis_method_id` ASC);

CREATE INDEX `fk_lighting_translation_language1_idx` ON `FIPOP`.`lighting_translation` (`language_id` ASC);


-- -----------------------------------------------------
-- Table `FIPOP`.`lineup_member`
-- -----------------------------------------------------
CREATE TABLE IF NOT EXISTS `FIPOP`.`lineup_member` (
  `id` INT NOT NULL AUTO_INCREMENT,
  `person_actor_id` INT NULL,
  `Is_principal` TINYINT(1) NULL,
  `position` VARCHAR(15) NULL,
  PRIMARY KEY (`id`),
  CONSTRAINT `fk_lineup_member_person_actor1`
    FOREIGN KEY (`person_actor_id`)
    REFERENCES `FIPOP`.`actor_person` (`actor_id`)
    ON DELETE NO ACTION
    ON UPDATE NO ACTION)
ENGINE = InnoDB;

CREATE INDEX `fk_lineup_member_person_actor1_idx` ON `FIPOP`.`lineup_member` (`person_actor_id` ASC);


-- -----------------------------------------------------
-- Table `FIPOP`.`lineup_member_has_instrument`
-- -----------------------------------------------------
CREATE TABLE IF NOT EXISTS `FIPOP`.`lineup_member_has_instrument` (
  `lineup_member_id` INT NOT NULL,
  `instrument_id` INT NOT NULL,
  PRIMARY KEY (`lineup_member_id`, `instrument_id`),
  CONSTRAINT `fk_lineup_member_has_instrument_lineup1`
    FOREIGN KEY (`lineup_member_id`)
    REFERENCES `FIPOP`.`lineup_member` (`id`)
    ON DELETE NO ACTION
    ON UPDATE NO ACTION,
  CONSTRAINT `fk_lineup_member_has_instrument_instrument1`
    FOREIGN KEY (`instrument_id`)
    REFERENCES `FIPOP`.`instrument` (`id`)
    ON DELETE NO ACTION
    ON UPDATE NO ACTION)
ENGINE = InnoDB;

CREATE INDEX `fk_lineup_member_has_instrument_instrument1_idx` ON `FIPOP`.`lineup_member_has_instrument` (`instrument_id` ASC);

CREATE INDEX `fk_lineup_member_has_instrument_lineup1_idx` ON `FIPOP`.`lineup_member_has_instrument` (`lineup_member_id` ASC);


-- -----------------------------------------------------
-- Table `FIPOP`.`lineup_member_has_voice`
-- -----------------------------------------------------
CREATE TABLE IF NOT EXISTS `FIPOP`.`lineup_member_has_voice` (
  `lineup_member_id` INT NOT NULL,
  `voice_id` INT NOT NULL,
  PRIMARY KEY (`lineup_member_id`, `voice_id`),
  CONSTRAINT `fk_lineup_member_has_voice_lineup_member1`
    FOREIGN KEY (`lineup_member_id`)
    REFERENCES `FIPOP`.`lineup_member` (`id`)
    ON DELETE NO ACTION
    ON UPDATE NO ACTION,
  CONSTRAINT `fk_lineup_member_has_voice_voice1`
    FOREIGN KEY (`voice_id`)
    REFERENCES `FIPOP`.`voice` (`id`)
    ON DELETE NO ACTION
    ON UPDATE NO ACTION)
ENGINE = InnoDB;

CREATE INDEX `fk_lineup_member_has_voice_voice1_idx` ON `FIPOP`.`lineup_member_has_voice` (`voice_id` ASC);

CREATE INDEX `fk_lineup_member_has_voice_lineup_member1_idx` ON `FIPOP`.`lineup_member_has_voice` (`lineup_member_id` ASC);


-- -----------------------------------------------------
-- Table `FIPOP`.`location`
-- -----------------------------------------------------
CREATE TABLE IF NOT EXISTS `FIPOP`.`location` (
  `id` INT NOT NULL AUTO_INCREMENT,
  `location_type_id` INT NOT NULL,
  `parent_location_id` INT NULL,
  `created_by_user_account_id` INT NOT NULL,
  `last_edited_by_user_account_id` INT NULL,
  `created_at` TIMESTAMP NOT NULL DEFAULT CURRENT_TIMESTAMP,
  `last_edited_at` TIMESTAMP NULL,
  PRIMARY KEY (`id`),
  CONSTRAINT `fk_location_location_type1`
    FOREIGN KEY (`location_type_id`)
    REFERENCES `FIPOP`.`location_type` (`id`)
    ON DELETE NO ACTION
    ON UPDATE NO ACTION,
  CONSTRAINT `fk_location_user_account1`
    FOREIGN KEY (`created_by_user_account_id`)
    REFERENCES `FIPOP`.`user_account` (`id`)
    ON DELETE NO ACTION
    ON UPDATE NO ACTION,
  CONSTRAINT `fk_location_user_account2`
    FOREIGN KEY (`last_edited_by_user_account_id`)
    REFERENCES `FIPOP`.`user_account` (`id`)
    ON DELETE NO ACTION
    ON UPDATE NO ACTION,
  CONSTRAINT `fk_location_location1`
    FOREIGN KEY (`parent_location_id`)
    REFERENCES `FIPOP`.`location` (`id`)
    ON DELETE NO ACTION
    ON UPDATE NO ACTION)
ENGINE = InnoDB;

CREATE INDEX `fk_location_location_type1_idx` ON `FIPOP`.`location` (`location_type_id` ASC);

CREATE INDEX `fk_location_user_account1_idx` ON `FIPOP`.`location` (`created_by_user_account_id` ASC);

CREATE INDEX `fk_location_user_account2_idx` ON `FIPOP`.`location` (`last_edited_by_user_account_id` ASC);

CREATE INDEX `fk_location_location1_idx` ON `FIPOP`.`location` (`parent_location_id` ASC);


-- -----------------------------------------------------
-- Table `FIPOP`.`location_translation`
-- -----------------------------------------------------
CREATE TABLE IF NOT EXISTS `FIPOP`.`location_translation` (
  `id` INT NOT NULL AUTO_INCREMENT,
  `location_id` INT NOT NULL,
  `language_id` INT NOT NULL,
  `name` VARCHAR(80) NOT NULL,
  PRIMARY KEY (`id`),
  CONSTRAINT `fk_location_translation_location1`
    FOREIGN KEY (`location_id`)
    REFERENCES `FIPOP`.`location` (`id`)
    ON DELETE CASCADE
    ON UPDATE NO ACTION,
  CONSTRAINT `fk_location_translation_language1`
    FOREIGN KEY (`language_id`)
    REFERENCES `FIPOP`.`language` (`id`)
    ON DELETE NO ACTION
    ON UPDATE NO ACTION)
ENGINE = InnoDB;

CREATE INDEX `fk_location_translation_location1_idx` ON `FIPOP`.`location_translation` (`location_id` ASC);

CREATE INDEX `fk_location_translation_language1_idx` ON `FIPOP`.`location_translation` (`language_id` ASC);


-- -----------------------------------------------------
-- Table `FIPOP`.`location_type`
-- -----------------------------------------------------
CREATE TABLE IF NOT EXISTS `FIPOP`.`location_type` (
  `id` INT NOT NULL AUTO_INCREMENT,
  PRIMARY KEY (`id`))
ENGINE = InnoDB;


-- -----------------------------------------------------
-- Table `FIPOP`.`location_type_translation`
-- -----------------------------------------------------
CREATE TABLE IF NOT EXISTS `FIPOP`.`location_type_translation` (
  `id` INT NOT NULL AUTO_INCREMENT,
  `location_type_id` INT NOT NULL,
  `language_id` INT NOT NULL,
  `type` VARCHAR(45) NOT NULL,
  PRIMARY KEY (`id`),
  CONSTRAINT `fk_location_type_translation_location_type1`
    FOREIGN KEY (`location_type_id`)
    REFERENCES `FIPOP`.`location_type` (`id`)
    ON DELETE CASCADE
    ON UPDATE NO ACTION,
  CONSTRAINT `fk_location_type_translation_language1`
    FOREIGN KEY (`language_id`)
    REFERENCES `FIPOP`.`language` (`id`)
    ON DELETE NO ACTION
    ON UPDATE NO ACTION)
ENGINE = InnoDB;

CREATE INDEX `fk_location_type_translation_location_type1_idx` ON `FIPOP`.`location_type_translation` (`location_type_id` ASC);

CREATE INDEX `fk_location_type_translation_language1_idx` ON `FIPOP`.`location_type_translation` (`language_id` ASC);


-- -----------------------------------------------------
-- Table `FIPOP`.`maqam`
-- -----------------------------------------------------
CREATE TABLE IF NOT EXISTS `FIPOP`.`maqam` (
  `id` INT NOT NULL AUTO_INCREMENT,
  `maqam_type_id` INT NOT NULL,
  `maqam_subtype_id` INT NOT NULL,
  PRIMARY KEY (`id`),
  CONSTRAINT `fk_maqam_maqam_type1`
    FOREIGN KEY (`maqam_type_id`)
    REFERENCES `FIPOP`.`maqam_type` (`id`)
    ON DELETE NO ACTION
    ON UPDATE NO ACTION,
  CONSTRAINT `fk_maqam_maqam_subtype1`
    FOREIGN KEY (`maqam_subtype_id`)
    REFERENCES `FIPOP`.`maqam_subtype` (`id`)
    ON DELETE NO ACTION
    ON UPDATE NO ACTION)
ENGINE = InnoDB;

CREATE INDEX `fk_maqam_maqam_type1_idx` ON `FIPOP`.`maqam` (`maqam_type_id` ASC);

CREATE INDEX `fk_maqam_maqam_subtype1_idx` ON `FIPOP`.`maqam` (`maqam_subtype_id` ASC);


-- -----------------------------------------------------
-- Table `FIPOP`.`maqam_subtype`
-- -----------------------------------------------------
CREATE TABLE IF NOT EXISTS `FIPOP`.`maqam_subtype` (
  `id` INT NOT NULL AUTO_INCREMENT,
  PRIMARY KEY (`id`))
ENGINE = InnoDB;


-- -----------------------------------------------------
-- Table `FIPOP`.`maqam_subtype_translation`
-- -----------------------------------------------------
CREATE TABLE IF NOT EXISTS `FIPOP`.`maqam_subtype_translation` (
  `id` INT NOT NULL AUTO_INCREMENT,
  `maqam_subtype_id` INT NOT NULL,
  `language_id` INT NOT NULL,
  `subtype` VARCHAR(100) NOT NULL,
  PRIMARY KEY (`id`),
  CONSTRAINT `fk_maqam_subtype_translation_maqam_subtype1`
    FOREIGN KEY (`maqam_subtype_id`)
    REFERENCES `FIPOP`.`maqam_subtype` (`id`)
    ON DELETE NO ACTION
    ON UPDATE NO ACTION,
  CONSTRAINT `fk_maqam_subtype_translation_language1`
    FOREIGN KEY (`language_id`)
    REFERENCES `FIPOP`.`language` (`id`)
    ON DELETE NO ACTION
    ON UPDATE NO ACTION)
ENGINE = InnoDB;

CREATE INDEX `fk_maqam_subtype_translation_maqam_subtype1_idx` ON `FIPOP`.`maqam_subtype_translation` (`maqam_subtype_id` ASC);

CREATE INDEX `fk_maqam_subtype_translation_language1_idx` ON `FIPOP`.`maqam_subtype_translation` (`language_id` ASC);


-- -----------------------------------------------------
-- Table `FIPOP`.`maqam_type`
-- -----------------------------------------------------
CREATE TABLE IF NOT EXISTS `FIPOP`.`maqam_type` (
  `id` INT NOT NULL AUTO_INCREMENT,
  PRIMARY KEY (`id`))
ENGINE = InnoDB;


-- -----------------------------------------------------
-- Table `FIPOP`.`maqam_type_translation`
-- -----------------------------------------------------
CREATE TABLE IF NOT EXISTS `FIPOP`.`maqam_type_translation` (
  `id` INT NOT NULL AUTO_INCREMENT,
  `maqam_type_id` INT NOT NULL,
  `language_id` INT NOT NULL,
  `type` VARCHAR(100) NOT NULL,
  PRIMARY KEY (`id`),
  CONSTRAINT `fk_maqam_type_translation_maqam_type1`
    FOREIGN KEY (`maqam_type_id`)
    REFERENCES `FIPOP`.`maqam_type` (`id`)
    ON DELETE NO ACTION
    ON UPDATE NO ACTION,
  CONSTRAINT `fk_maqam_type_translation_language1`
    FOREIGN KEY (`language_id`)
    REFERENCES `FIPOP`.`language` (`id`)
    ON DELETE NO ACTION
    ON UPDATE NO ACTION)
ENGINE = InnoDB;

CREATE INDEX `fk_maqam_type_translation_maqam_type1_idx` ON `FIPOP`.`maqam_type_translation` (`maqam_type_id` ASC);

CREATE INDEX `fk_maqam_type_translation_language1_idx` ON `FIPOP`.`maqam_type_translation` (`language_id` ASC);


-- -----------------------------------------------------
-- Table `FIPOP`.`martinez_scheffel_unreliable_narration`
-- -----------------------------------------------------
CREATE TABLE IF NOT EXISTS `FIPOP`.`martinez_scheffel_unreliable_narration` (
  `analysis_method_id` INT NOT NULL,
  PRIMARY KEY (`analysis_method_id`),
  CONSTRAINT `fk_martinez_scheffel_unreliable_narration_analysis_method1`
    FOREIGN KEY (`analysis_method_id`)
    REFERENCES `FIPOP`.`analysis_method` (`id`)
    ON DELETE NO ACTION
    ON UPDATE NO ACTION)
ENGINE = InnoDB;

CREATE INDEX `fk_martinez_scheffel_unreliable_narration_analysis_method1_idx` ON `FIPOP`.`martinez_scheffel_unreliable_narration` (`analysis_method_id` ASC);


-- -----------------------------------------------------
-- Table `FIPOP`.`martinez_scheffel_unreliable_narration_translation`
-- -----------------------------------------------------
CREATE TABLE IF NOT EXISTS `FIPOP`.`martinez_scheffel_unreliable_narration_translation` (
  `id` INT NOT NULL AUTO_INCREMENT,
  `martinez_scheffel_unreliable_narration_analysis_method_id` INT NOT NULL,
  `language_id` INT NOT NULL,
  `type` VARCHAR(45) NOT NULL,
  PRIMARY KEY (`id`),
  CONSTRAINT `fk_martinez_scheffel_unreliable_narration_translation_martinez1`
    FOREIGN KEY (`martinez_scheffel_unreliable_narration_analysis_method_id`)
    REFERENCES `FIPOP`.`martinez_scheffel_unreliable_narration` (`analysis_method_id`)
    ON DELETE CASCADE
    ON UPDATE NO ACTION,
  CONSTRAINT `fk_martinez_scheffel_unreliable_narration_translation_language1`
    FOREIGN KEY (`language_id`)
    REFERENCES `FIPOP`.`language` (`id`)
    ON DELETE NO ACTION
    ON UPDATE NO ACTION)
ENGINE = InnoDB;

CREATE INDEX `fk_martinez_scheffel_unreliable_narration_translation_lang1_idx` ON `FIPOP`.`martinez_scheffel_unreliable_narration_translation` (`language_id` ASC);

CREATE INDEX `fk_martinez_scheffel_unreliable_narration_translation_marti_idx` ON `FIPOP`.`martinez_scheffel_unreliable_narration_translation` (`martinez_scheffel_unreliable_narration_analysis_method_id` ASC);


-- -----------------------------------------------------
-- Table `FIPOP`.`media_collection`
-- -----------------------------------------------------
CREATE TABLE IF NOT EXISTS `FIPOP`.`media_collection` (
  `id` INT NOT NULL AUTO_INCREMENT,
  `media_collection_type_id` INT NOT NULL,
  `title` VARCHAR(255) NOT NULL,
  `comment` VARCHAR(4096) NULL,
  `is_systemic` TINYINT(1) NOT NULL,
  PRIMARY KEY (`id`),
  CONSTRAINT `fk_media_collection_media_collection_type1`
    FOREIGN KEY (`media_collection_type_id`)
    REFERENCES `FIPOP`.`media_collection_type` (`id`)
    ON DELETE NO ACTION
    ON UPDATE NO ACTION)
ENGINE = InnoDB;

CREATE INDEX `fk_media_collection_media_collection_type1_idx` ON `FIPOP`.`media_collection` (`media_collection_type_id` ASC);


-- -----------------------------------------------------
-- Table `FIPOP`.`media_collection_album`
-- -----------------------------------------------------
CREATE TABLE IF NOT EXISTS `FIPOP`.`media_collection_album` (
  `media_collection_id` INT NOT NULL,
  `tracks` TINYINT NULL,
  PRIMARY KEY (`media_collection_id`),
  CONSTRAINT `fk_media_collection_album_media_collection1`
    FOREIGN KEY (`media_collection_id`)
    REFERENCES `FIPOP`.`media_collection` (`id`)
    ON DELETE CASCADE
    ON UPDATE NO ACTION)
ENGINE = InnoDB;

CREATE INDEX `fk_media_collection_album_media_collection1_idx` ON `FIPOP`.`media_collection_album` (`media_collection_id` ASC);


-- -----------------------------------------------------
-- Table `FIPOP`.`media_collection_analysis_list`
-- -----------------------------------------------------
CREATE TABLE IF NOT EXISTS `FIPOP`.`media_collection_analysis_list` (
  `id` INT NOT NULL AUTO_INCREMENT,
  `media_collection_id` INT NOT NULL,
  `created_by_user_account_id` INT NOT NULL,
  `last_edited_by_user_account_id` INT NULL,
  `created_at` TIMESTAMP NOT NULL DEFAULT CURRENT_TIMESTAMP,
  `last_edited_at` TIMESTAMP NULL,
  PRIMARY KEY (`id`),
  CONSTRAINT `fk_media_collection_analysis_list_media_collection1`
    FOREIGN KEY (`media_collection_id`)
    REFERENCES `FIPOP`.`media_collection` (`id`)
    ON DELETE CASCADE
    ON UPDATE NO ACTION,
  CONSTRAINT `fk_media_collection_analysis_list_user_account1`
    FOREIGN KEY (`created_by_user_account_id`)
    REFERENCES `FIPOP`.`user_account` (`id`)
    ON DELETE NO ACTION
    ON UPDATE NO ACTION,
  CONSTRAINT `fk_media_collection_analysis_list_user_account2`
    FOREIGN KEY (`last_edited_by_user_account_id`)
    REFERENCES `FIPOP`.`user_account` (`id`)
    ON DELETE NO ACTION
    ON UPDATE NO ACTION)
ENGINE = InnoDB;

CREATE INDEX `fk_media_collection_analysis_list_media_collection1_idx` ON `FIPOP`.`media_collection_analysis_list` (`media_collection_id` ASC);

CREATE INDEX `fk_media_collection_analysis_list_user_account1_idx` ON `FIPOP`.`media_collection_analysis_list` (`created_by_user_account_id` ASC);

CREATE INDEX `fk_media_collection_analysis_list_user_account2_idx` ON `FIPOP`.`media_collection_analysis_list` (`last_edited_by_user_account_id` ASC);


-- -----------------------------------------------------
-- Table `FIPOP`.`media_collection_analysis_list_has_tag`
-- -----------------------------------------------------
CREATE TABLE IF NOT EXISTS `FIPOP`.`media_collection_analysis_list_has_tag` (
  `media_collection_analysis_list_id` INT NOT NULL,
  `tag_id` INT NOT NULL,
  PRIMARY KEY (`media_collection_analysis_list_id`, `tag_id`),
  CONSTRAINT `fk_media_collection_analysis_list_has_tag_media_collection_an1`
    FOREIGN KEY (`media_collection_analysis_list_id`)
    REFERENCES `FIPOP`.`media_collection_analysis_list` (`id`)
    ON DELETE CASCADE
    ON UPDATE NO ACTION,
  CONSTRAINT `fk_media_collection_analysis_list_has_tag_tag1`
    FOREIGN KEY (`tag_id`)
    REFERENCES `FIPOP`.`tag` (`id`)
    ON DELETE CASCADE
    ON UPDATE NO ACTION)
ENGINE = InnoDB;

CREATE INDEX `fk_media_collection_analysis_list_has_tag_tag1_idx` ON `FIPOP`.`media_collection_analysis_list_has_tag` (`tag_id` ASC);

CREATE INDEX `fk_media_collection_analysis_list_has_tag_media_collection__idx` ON `FIPOP`.`media_collection_analysis_list_has_tag` (`media_collection_analysis_list_id` ASC);


-- -----------------------------------------------------
-- Table `FIPOP`.`media_collection_analysis_list_translation`
-- -----------------------------------------------------
CREATE TABLE IF NOT EXISTS `FIPOP`.`media_collection_analysis_list_translation` (
  `id` INT NOT NULL AUTO_INCREMENT,
  `media_collection_analysis_list_id` INT NOT NULL,
  `language_id` INT NOT NULL,
  `title` VARCHAR(100) NOT NULL,
  `text` VARCHAR(4096) NULL,
  PRIMARY KEY (`id`),
  CONSTRAINT `fk_media_collection_analysis_list_translation_media_collection1`
    FOREIGN KEY (`media_collection_analysis_list_id`)
    REFERENCES `FIPOP`.`media_collection_analysis_list` (`id`)
    ON DELETE CASCADE
    ON UPDATE NO ACTION,
  CONSTRAINT `fk_media_collection_analysis_list_translation_language1`
    FOREIGN KEY (`language_id`)
    REFERENCES `FIPOP`.`language` (`id`)
    ON DELETE NO ACTION
    ON UPDATE NO ACTION)
ENGINE = InnoDB;

CREATE INDEX `fk_media_collection_analysis_list_translation_media_collec1_idx` ON `FIPOP`.`media_collection_analysis_list_translation` (`media_collection_analysis_list_id` ASC);

CREATE INDEX `fk_media_collection_analysis_list_translation_language1_idx` ON `FIPOP`.`media_collection_analysis_list_translation` (`language_id` ASC);


-- -----------------------------------------------------
-- Table `FIPOP`.`media_collection_has_medium`
-- -----------------------------------------------------
CREATE TABLE IF NOT EXISTS `FIPOP`.`media_collection_has_medium` (
  `media_collection_id` INT NOT NULL,
  `medium_id` INT NOT NULL,
  `sort_order` INT NULL,
  PRIMARY KEY (`media_collection_id`, `medium_id`),
  CONSTRAINT `fk_media_collection_has_medium_medium_collection1`
    FOREIGN KEY (`media_collection_id`)
    REFERENCES `FIPOP`.`media_collection` (`id`)
    ON DELETE CASCADE
    ON UPDATE NO ACTION,
  CONSTRAINT `fk_media_collection_has_medium_medium1`
    FOREIGN KEY (`medium_id`)
    REFERENCES `FIPOP`.`medium` (`id`)
    ON DELETE CASCADE
    ON UPDATE NO ACTION)
ENGINE = InnoDB;

CREATE INDEX `fk_media_collection_has_medium_medium1_idx` ON `FIPOP`.`media_collection_has_medium` (`medium_id` ASC);

CREATE INDEX `fk_media_collection_has_medium_medium_collection1_idx` ON `FIPOP`.`media_collection_has_medium` (`media_collection_id` ASC);


-- -----------------------------------------------------
-- Table `FIPOP`.`media_collection_has_tag`
-- -----------------------------------------------------
CREATE TABLE IF NOT EXISTS `FIPOP`.`media_collection_has_tag` (
  `media_collection_id` INT NOT NULL,
  `tag_id` INT NOT NULL,
  PRIMARY KEY (`media_collection_id`, `tag_id`),
  CONSTRAINT `fk_media_collection_has_tag_media_collection1`
    FOREIGN KEY (`media_collection_id`)
    REFERENCES `FIPOP`.`media_collection` (`id`)
    ON DELETE CASCADE
    ON UPDATE NO ACTION,
  CONSTRAINT `fk_media_collection_has_tag_tag1`
    FOREIGN KEY (`tag_id`)
    REFERENCES `FIPOP`.`tag` (`id`)
    ON DELETE CASCADE
    ON UPDATE NO ACTION)
ENGINE = InnoDB;

CREATE INDEX `fk_media_collection_has_tag_tag1_idx` ON `FIPOP`.`media_collection_has_tag` (`tag_id` ASC);

CREATE INDEX `fk_media_collection_has_tag_media_collection1_idx` ON `FIPOP`.`media_collection_has_tag` (`media_collection_id` ASC);


-- -----------------------------------------------------
-- Table `FIPOP`.`media_collection_has_work`
-- -----------------------------------------------------
CREATE TABLE IF NOT EXISTS `FIPOP`.`media_collection_has_work` (
  `media_collection_id` INT NOT NULL,
  `work_id` INT NOT NULL,
  PRIMARY KEY (`media_collection_id`, `work_id`),
  CONSTRAINT `fk_media_collection_has_work_media_collection1`
    FOREIGN KEY (`media_collection_id`)
    REFERENCES `FIPOP`.`media_collection` (`id`)
    ON DELETE NO ACTION
    ON UPDATE NO ACTION,
  CONSTRAINT `fk_media_collection_has_work_work1`
    FOREIGN KEY (`work_id`)
    REFERENCES `FIPOP`.`work` (`id`)
    ON DELETE NO ACTION
    ON UPDATE NO ACTION)
ENGINE = InnoDB;

CREATE INDEX `fk_media_collection_has_work_work1_idx` ON `FIPOP`.`media_collection_has_work` (`work_id` ASC);

CREATE INDEX `fk_media_collection_has_work_media_collection1_idx` ON `FIPOP`.`media_collection_has_work` (`media_collection_id` ASC);


-- -----------------------------------------------------
-- Table `FIPOP`.`media_collection_series`
-- -----------------------------------------------------
CREATE TABLE IF NOT EXISTS `FIPOP`.`media_collection_series` (
  `media_collection_id` INT NOT NULL,
  `seasons` TINYINT NULL,
  `started` DATE NULL,
  `ended` DATE NULL,
  PRIMARY KEY (`media_collection_id`),
  CONSTRAINT `fk_media_collection_series_media_collection1`
    FOREIGN KEY (`media_collection_id`)
    REFERENCES `FIPOP`.`media_collection` (`id`)
    ON DELETE CASCADE
    ON UPDATE NO ACTION)
ENGINE = InnoDB;

CREATE INDEX `fk_media_collection_series_media_collection1_idx` ON `FIPOP`.`media_collection_series` (`media_collection_id` ASC);


-- -----------------------------------------------------
-- Table `FIPOP`.`media_collection_type`
-- -----------------------------------------------------
CREATE TABLE IF NOT EXISTS `FIPOP`.`media_collection_type` (
  `id` INT NOT NULL AUTO_INCREMENT,
  PRIMARY KEY (`id`))
ENGINE = InnoDB;


-- -----------------------------------------------------
-- Table `FIPOP`.`media_collection_type_translation`
-- -----------------------------------------------------
CREATE TABLE IF NOT EXISTS `FIPOP`.`media_collection_type_translation` (
  `id` INT NOT NULL AUTO_INCREMENT,
  `media_collection_type_id` INT NOT NULL,
  `language_id` INT NOT NULL,
  `type` VARCHAR(45) NOT NULL,
  PRIMARY KEY (`id`),
  CONSTRAINT `fk_media_collection_type_translation_media_collection_type1`
    FOREIGN KEY (`media_collection_type_id`)
    REFERENCES `FIPOP`.`media_collection_type` (`id`)
    ON DELETE CASCADE
    ON UPDATE NO ACTION,
  CONSTRAINT `fk_media_collection_type_translation_language1`
    FOREIGN KEY (`language_id`)
    REFERENCES `FIPOP`.`language` (`id`)
    ON DELETE NO ACTION
    ON UPDATE NO ACTION)
ENGINE = InnoDB;

CREATE INDEX `fk_media_collection_type_translation_media_collection_type1_idx` ON `FIPOP`.`media_collection_type_translation` (`media_collection_type_id` ASC);

CREATE INDEX `fk_media_collection_type_translation_language1_idx` ON `FIPOP`.`media_collection_type_translation` (`language_id` ASC);


-- -----------------------------------------------------
-- Table `FIPOP`.`media_type`
-- -----------------------------------------------------
CREATE TABLE IF NOT EXISTS `FIPOP`.`media_type` (
  `id` INT NOT NULL AUTO_INCREMENT,
  `has_visual` TINYINT(1) NOT NULL,
  `has_audio` TINYINT(1) NOT NULL,
  `has_content` TINYINT(1) NOT NULL,
  PRIMARY KEY (`id`))
ENGINE = InnoDB;


-- -----------------------------------------------------
-- Table `FIPOP`.`media_type_translation`
-- -----------------------------------------------------
CREATE TABLE IF NOT EXISTS `FIPOP`.`media_type_translation` (
  `id` INT NOT NULL AUTO_INCREMENT,
  `media_type_id` INT NOT NULL,
  `language_id` INT NOT NULL,
  `type` VARCHAR(45) NOT NULL,
  PRIMARY KEY (`id`),
  CONSTRAINT `fk_media_type_translation_language1`
    FOREIGN KEY (`language_id`)
    REFERENCES `FIPOP`.`language` (`id`)
    ON DELETE NO ACTION
    ON UPDATE NO ACTION,
  CONSTRAINT `fk_media_type_translation_media_type1`
    FOREIGN KEY (`media_type_id`)
    REFERENCES `FIPOP`.`media_type` (`id`)
    ON DELETE CASCADE
    ON UPDATE NO ACTION)
ENGINE = InnoDB;

CREATE INDEX `fk_media_type_translation_language1_idx` ON `FIPOP`.`media_type_translation` (`language_id` ASC);

CREATE INDEX `fk_media_type_translation_media_type1_idx` ON `FIPOP`.`media_type_translation` (`media_type_id` ASC);


-- -----------------------------------------------------
-- Table `FIPOP`.`medium`
-- -----------------------------------------------------
CREATE TABLE IF NOT EXISTS `FIPOP`.`medium` (
  `id` INT NOT NULL AUTO_INCREMENT,
  `media_type_id` INT NOT NULL,
  `reference_id` INT NULL,
  `display_title_title_id` INT NOT NULL,
  `original_title_title_id` INT NULL,
  `propaganda_type_id` INT NULL,
  `work_id` INT NULL,
  `created_by_user_account_id` INT NOT NULL,
  `last_edited_by_user_account_id` INT NULL,
  `created_at` TIMESTAMP NOT NULL DEFAULT CURRENT_TIMESTAMP,
  `last_edited_at` TIMESTAMP NULL,
  `release_date` DATE NULL,
  `recording_start_date` DATE NULL,
  `recording_end_date` DATE NULL,
  `remark` VARCHAR(1000) NULL,
  `file_path` VARCHAR(255) NULL,
  `file_hash` VARCHAR(64) NULL,
  `copyright` VARCHAR(100) NULL,
  PRIMARY KEY (`id`),
  CONSTRAINT `fk_medium_media_type1`
    FOREIGN KEY (`media_type_id`)
    REFERENCES `FIPOP`.`media_type` (`id`)
    ON DELETE NO ACTION
    ON UPDATE NO ACTION,
  CONSTRAINT `fk_medium_reference1`
    FOREIGN KEY (`reference_id`)
    REFERENCES `FIPOP`.`reference` (`id`)
    ON DELETE NO ACTION
    ON UPDATE NO ACTION,
  CONSTRAINT `fk_medium_propaganda_type1`
    FOREIGN KEY (`propaganda_type_id`)
    REFERENCES `FIPOP`.`propaganda_type` (`id`)
    ON DELETE NO ACTION
    ON UPDATE NO ACTION,
  CONSTRAINT `fk_medium_title1`
    FOREIGN KEY (`display_title_title_id`)
    REFERENCES `FIPOP`.`title` (`id`)
    ON DELETE NO ACTION
    ON UPDATE NO ACTION,
  CONSTRAINT `fk_medium_user_account1`
    FOREIGN KEY (`created_by_user_account_id`)
    REFERENCES `FIPOP`.`user_account` (`id`)
    ON DELETE NO ACTION
    ON UPDATE NO ACTION,
  CONSTRAINT `fk_medium_user_account2`
    FOREIGN KEY (`last_edited_by_user_account_id`)
    REFERENCES `FIPOP`.`user_account` (`id`)
    ON DELETE NO ACTION
    ON UPDATE NO ACTION,
  CONSTRAINT `fk_medium_work1`
    FOREIGN KEY (`work_id`)
    REFERENCES `FIPOP`.`work` (`id`)
    ON DELETE NO ACTION
    ON UPDATE NO ACTION,
  CONSTRAINT `fk_medium_title2`
    FOREIGN KEY (`original_title_title_id`)
    REFERENCES `FIPOP`.`title` (`id`)
    ON DELETE NO ACTION
    ON UPDATE NO ACTION)
ENGINE = InnoDB;

CREATE INDEX `fk_medium_media_type1_idx` ON `FIPOP`.`medium` (`media_type_id` ASC);

CREATE INDEX `fk_medium_reference1_idx` ON `FIPOP`.`medium` (`reference_id` ASC);

CREATE INDEX `fk_medium_propaganda_type1_idx` ON `FIPOP`.`medium` (`propaganda_type_id` ASC);

CREATE INDEX `fk_medium_title1_idx` ON `FIPOP`.`medium` (`display_title_title_id` ASC);

CREATE INDEX `fk_medium_user_account1_idx` ON `FIPOP`.`medium` (`created_by_user_account_id` ASC);

CREATE INDEX `fk_medium_user_account2_idx` ON `FIPOP`.`medium` (`last_edited_by_user_account_id` ASC);

CREATE INDEX `fk_medium_work1_idx` ON `FIPOP`.`medium` (`work_id` ASC);

CREATE INDEX `fk_medium_title2_idx` ON `FIPOP`.`medium` (`original_title_title_id` ASC);


-- -----------------------------------------------------
-- Table `FIPOP`.`medium_analysis_list`
-- -----------------------------------------------------
CREATE TABLE IF NOT EXISTS `FIPOP`.`medium_analysis_list` (
  `id` INT NOT NULL AUTO_INCREMENT,
  `medium_id` INT NOT NULL,
  `media_collection_analysis_list_id` INT NULL,
  `created_by_user_account_id` INT NOT NULL,
  `last_edited_by_user_account_id` INT NULL,
  `created_at` TIMESTAMP NOT NULL DEFAULT CURRENT_TIMESTAMP,
  `last_edited_at` TIMESTAMP NULL,
  PRIMARY KEY (`id`),
  CONSTRAINT `fk_medium_analysis_list_user_account1`
    FOREIGN KEY (`created_by_user_account_id`)
    REFERENCES `FIPOP`.`user_account` (`id`)
    ON DELETE NO ACTION
    ON UPDATE NO ACTION,
  CONSTRAINT `fk_medium_analysis_list_medium1`
    FOREIGN KEY (`medium_id`)
    REFERENCES `FIPOP`.`medium` (`id`)
    ON DELETE CASCADE
    ON UPDATE NO ACTION,
  CONSTRAINT `fk_medium_analysis_list_media_collection_analysis_list1`
    FOREIGN KEY (`media_collection_analysis_list_id`)
    REFERENCES `FIPOP`.`media_collection_analysis_list` (`id`)
    ON DELETE SET NULL
    ON UPDATE NO ACTION,
  CONSTRAINT `fk_medium_analysis_list_user_account2`
    FOREIGN KEY (`last_edited_by_user_account_id`)
    REFERENCES `FIPOP`.`user_account` (`id`)
    ON DELETE NO ACTION
    ON UPDATE NO ACTION)
ENGINE = InnoDB;

CREATE INDEX `fk_medium_analysis_list_user_account1_idx` ON `FIPOP`.`medium_analysis_list` (`created_by_user_account_id` ASC);

CREATE INDEX `fk_medium_analysis_list_medium1_idx` ON `FIPOP`.`medium_analysis_list` (`medium_id` ASC);

CREATE INDEX `fk_medium_analysis_list_media_collection_analysis_list1_idx` ON `FIPOP`.`medium_analysis_list` (`media_collection_analysis_list_id` ASC);

CREATE INDEX `fk_medium_analysis_list_user_account2_idx` ON `FIPOP`.`medium_analysis_list` (`last_edited_by_user_account_id` ASC);


-- -----------------------------------------------------
-- Table `FIPOP`.`medium_analysis_list_has_category_set`
-- -----------------------------------------------------
CREATE TABLE IF NOT EXISTS `FIPOP`.`medium_analysis_list_has_category_set` (
  `medium_analysis_list_id` INT NOT NULL,
  `category_set_id` INT NOT NULL,
  PRIMARY KEY (`medium_analysis_list_id`, `category_set_id`),
  CONSTRAINT `fk_medium_analysis_list_has_category_set_medium_analysis_list1`
    FOREIGN KEY (`medium_analysis_list_id`)
    REFERENCES `FIPOP`.`medium_analysis_list` (`id`)
    ON DELETE CASCADE
    ON UPDATE NO ACTION,
  CONSTRAINT `fk_medium_analysis_list_has_category_set_category_set1`
    FOREIGN KEY (`category_set_id`)
    REFERENCES `FIPOP`.`category_set` (`id`)
    ON DELETE CASCADE
    ON UPDATE NO ACTION)
ENGINE = InnoDB;

CREATE INDEX `fk_medium_analysis_list_has_category_set_category_set1_idx` ON `FIPOP`.`medium_analysis_list_has_category_set` (`category_set_id` ASC);

CREATE INDEX `fk_medium_analysis_list_has_category_set_medium_analysis_li_idx` ON `FIPOP`.`medium_analysis_list_has_category_set` (`medium_analysis_list_id` ASC);


-- -----------------------------------------------------
-- Table `FIPOP`.`medium_analysis_list_has_tag`
-- -----------------------------------------------------
CREATE TABLE IF NOT EXISTS `FIPOP`.`medium_analysis_list_has_tag` (
  `medium_analysis_list_id` INT NOT NULL,
  `tag_id` INT NOT NULL,
  PRIMARY KEY (`medium_analysis_list_id`, `tag_id`),
  CONSTRAINT `fk_medium_analysis_list_has_tag_medium_analysis_list1`
    FOREIGN KEY (`medium_analysis_list_id`)
    REFERENCES `FIPOP`.`medium_analysis_list` (`id`)
    ON DELETE CASCADE
    ON UPDATE NO ACTION,
  CONSTRAINT `fk_medium_analysis_list_has_tag_tag1`
    FOREIGN KEY (`tag_id`)
    REFERENCES `FIPOP`.`tag` (`id`)
    ON DELETE CASCADE
    ON UPDATE NO ACTION)
ENGINE = InnoDB;

CREATE INDEX `fk_medium_analysis_list_has_tag_tag1_idx` ON `FIPOP`.`medium_analysis_list_has_tag` (`tag_id` ASC);

CREATE INDEX `fk_medium_analysis_list_has_tag_medium_analysis_list1_idx` ON `FIPOP`.`medium_analysis_list_has_tag` (`medium_analysis_list_id` ASC);


-- -----------------------------------------------------
-- Table `FIPOP`.`medium_analysis_list_translation`
-- -----------------------------------------------------
CREATE TABLE IF NOT EXISTS `FIPOP`.`medium_analysis_list_translation` (
  `id` INT NOT NULL AUTO_INCREMENT,
  `medium_analysis_list_id` INT NOT NULL,
  `language_id` INT NOT NULL,
  `title` VARCHAR(100) NOT NULL,
  `text` VARCHAR(4096) NULL,
  PRIMARY KEY (`id`),
  CONSTRAINT `fk_medium_analysis_list_translation_medium_analysis_list1`
    FOREIGN KEY (`medium_analysis_list_id`)
    REFERENCES `FIPOP`.`medium_analysis_list` (`id`)
    ON DELETE CASCADE
    ON UPDATE NO ACTION,
  CONSTRAINT `fk_medium_analysis_list_translation_language1`
    FOREIGN KEY (`language_id`)
    REFERENCES `FIPOP`.`language` (`id`)
    ON DELETE NO ACTION
    ON UPDATE NO ACTION)
ENGINE = InnoDB;

CREATE INDEX `fk_medium_analysis_list_translation_medium_analysis_list1_idx` ON `FIPOP`.`medium_analysis_list_translation` (`medium_analysis_list_id` ASC);

CREATE INDEX `fk_medium_analysis_list_translation_language1_idx` ON `FIPOP`.`medium_analysis_list_translation` (`language_id` ASC);


-- -----------------------------------------------------
-- Table `FIPOP`.`medium_audio`
-- -----------------------------------------------------
CREATE TABLE IF NOT EXISTS `FIPOP`.`medium_audio` (
  `medium_id` INT NOT NULL,
  `audio_codec_information_id` INT NOT NULL,
  `length` TIME NOT NULL,
  PRIMARY KEY (`medium_id`),
  CONSTRAINT `fk_medium_audio_audio_codec_information1`
    FOREIGN KEY (`audio_codec_information_id`)
    REFERENCES `FIPOP`.`audio_codec_information` (`id`)
    ON DELETE NO ACTION
    ON UPDATE NO ACTION,
  CONSTRAINT `fk_medium_audio_medium1`
    FOREIGN KEY (`medium_id`)
    REFERENCES `FIPOP`.`medium` (`id`)
    ON DELETE CASCADE
    ON UPDATE NO ACTION)
ENGINE = InnoDB;

CREATE INDEX `fk_medium_audio_audio_codec_information1_idx` ON `FIPOP`.`medium_audio` (`audio_codec_information_id` ASC);

CREATE INDEX `fk_medium_audio_medium1_idx` ON `FIPOP`.`medium_audio` (`medium_id` ASC);


-- -----------------------------------------------------
-- Table `FIPOP`.`medium_document`
-- -----------------------------------------------------
CREATE TABLE IF NOT EXISTS `FIPOP`.`medium_document` (
  `medium_id` INT NOT NULL,
  PRIMARY KEY (`medium_id`),
  CONSTRAINT `fk_medium_document_medium1`
    FOREIGN KEY (`medium_id`)
    REFERENCES `FIPOP`.`medium` (`id`)
    ON DELETE CASCADE
    ON UPDATE NO ACTION)
ENGINE = InnoDB;

CREATE INDEX `fk_medium_document_medium1_idx` ON `FIPOP`.`medium_document` (`medium_id` ASC);


-- -----------------------------------------------------
-- Table `FIPOP`.`medium_event_relationship_type`
-- -----------------------------------------------------
CREATE TABLE IF NOT EXISTS `FIPOP`.`medium_event_relationship_type` (
  `id` INT NOT NULL AUTO_INCREMENT,
  PRIMARY KEY (`id`))
ENGINE = InnoDB;


-- -----------------------------------------------------
-- Table `FIPOP`.`medium_event_relationship_type_translation`
-- -----------------------------------------------------
CREATE TABLE IF NOT EXISTS `FIPOP`.`medium_event_relationship_type_translation` (
  `id` INT NOT NULL AUTO_INCREMENT,
  `medium_event_relationship_type_id` INT NOT NULL,
  `language_id` INT NOT NULL,
  `type` VARCHAR(45) NOT NULL,
  PRIMARY KEY (`id`),
  CONSTRAINT `fk_medium_event_relationship_type_translation_medium_event_rel1`
    FOREIGN KEY (`medium_event_relationship_type_id`)
    REFERENCES `FIPOP`.`medium_event_relationship_type` (`id`)
    ON DELETE CASCADE
    ON UPDATE NO ACTION,
  CONSTRAINT `fk_medium_event_relationship_type_translation_language1`
    FOREIGN KEY (`language_id`)
    REFERENCES `FIPOP`.`language` (`id`)
    ON DELETE NO ACTION
    ON UPDATE NO ACTION)
ENGINE = InnoDB;

CREATE INDEX `fk_medium_event_relationship_type_translation_medium_event1_idx` ON `FIPOP`.`medium_event_relationship_type_translation` (`medium_event_relationship_type_id` ASC);

CREATE INDEX `fk_medium_event_relationship_type_translation_language1_idx` ON `FIPOP`.`medium_event_relationship_type_translation` (`language_id` ASC);


-- -----------------------------------------------------
-- Table `FIPOP`.`medium_has_actor_with_role`
-- -----------------------------------------------------
CREATE TABLE IF NOT EXISTS `FIPOP`.`medium_has_actor_with_role` (
  `medium_id` INT NOT NULL,
  `actor_has_role_actor_id` INT NOT NULL,
  `actor_has_role_role_id` INT NOT NULL,
  PRIMARY KEY (`medium_id`, `actor_has_role_actor_id`, `actor_has_role_role_id`),
  CONSTRAINT `fk_medium_has_actor_with_role_medium1`
    FOREIGN KEY (`medium_id`)
    REFERENCES `FIPOP`.`medium` (`id`)
    ON DELETE CASCADE
    ON UPDATE NO ACTION,
  CONSTRAINT `fk_medium_has_actor_with_role_actor_has_role1`
    FOREIGN KEY (`actor_has_role_actor_id` , `actor_has_role_role_id`)
    REFERENCES `FIPOP`.`actor_has_role` (`actor_id` , `role_id`)
    ON DELETE CASCADE
    ON UPDATE NO ACTION)
ENGINE = InnoDB;

CREATE INDEX `fk_medium_has_actor_with_role_actor_has_role1_idx` ON `FIPOP`.`medium_has_actor_with_role` (`actor_has_role_actor_id` ASC, `actor_has_role_role_id` ASC);

CREATE INDEX `fk_medium_has_actor_with_role_medium1_idx` ON `FIPOP`.`medium_has_actor_with_role` (`medium_id` ASC);


-- -----------------------------------------------------
-- Table `FIPOP`.`medium_has_category`
-- -----------------------------------------------------
CREATE TABLE IF NOT EXISTS `FIPOP`.`medium_has_category` (
  `medium_id` INT NOT NULL,
  `category_id` INT NOT NULL,
  PRIMARY KEY (`medium_id`, `category_id`),
  CONSTRAINT `fk_medium_has_category_medium1`
    FOREIGN KEY (`medium_id`)
    REFERENCES `FIPOP`.`medium` (`id`)
    ON DELETE CASCADE
    ON UPDATE NO ACTION,
  CONSTRAINT `fk_medium_has_category_category1`
    FOREIGN KEY (`category_id`)
    REFERENCES `FIPOP`.`category` (`id`)
    ON DELETE CASCADE
    ON UPDATE NO ACTION)
ENGINE = InnoDB;

CREATE INDEX `fk_medium_has_category_category1_idx` ON `FIPOP`.`medium_has_category` (`category_id` ASC);

CREATE INDEX `fk_medium_has_category_medium1_idx` ON `FIPOP`.`medium_has_category` (`medium_id` ASC);


-- -----------------------------------------------------
-- Table `FIPOP`.`medium_has_category_set`
-- -----------------------------------------------------
CREATE TABLE IF NOT EXISTS `FIPOP`.`medium_has_category_set` (
  `medium_id` INT NOT NULL,
  `category_set_id` INT NOT NULL,
  PRIMARY KEY (`medium_id`, `category_set_id`),
  CONSTRAINT `fk_medium_has_category_set_medium1`
    FOREIGN KEY (`medium_id`)
    REFERENCES `FIPOP`.`medium` (`id`)
    ON DELETE CASCADE
    ON UPDATE NO ACTION,
  CONSTRAINT `fk_medium_has_category_set_category_set1`
    FOREIGN KEY (`category_set_id`)
    REFERENCES `FIPOP`.`category_set` (`id`)
    ON DELETE CASCADE
    ON UPDATE NO ACTION)
ENGINE = InnoDB;

CREATE INDEX `fk_medium_has_category_set_category_set1_idx` ON `FIPOP`.`medium_has_category_set` (`category_set_id` ASC);

CREATE INDEX `fk_medium_has_category_set_medium1_idx` ON `FIPOP`.`medium_has_category_set` (`medium_id` ASC);


-- -----------------------------------------------------
-- Table `FIPOP`.`medium_has_genre`
-- -----------------------------------------------------
CREATE TABLE IF NOT EXISTS `FIPOP`.`medium_has_genre` (
  `medium_id` INT NOT NULL,
  `genre_id` INT NOT NULL,
  PRIMARY KEY (`medium_id`, `genre_id`),
  CONSTRAINT `fk_medium_has_genre_medium1`
    FOREIGN KEY (`medium_id`)
    REFERENCES `FIPOP`.`medium` (`id`)
    ON DELETE NO ACTION
    ON UPDATE NO ACTION,
  CONSTRAINT `fk_medium_has_genre_genre1`
    FOREIGN KEY (`genre_id`)
    REFERENCES `FIPOP`.`genre` (`id`)
    ON DELETE NO ACTION
    ON UPDATE NO ACTION)
ENGINE = InnoDB;

CREATE INDEX `fk_medium_has_genre_genre1_idx` ON `FIPOP`.`medium_has_genre` (`genre_id` ASC);

CREATE INDEX `fk_medium_has_genre_medium1_idx` ON `FIPOP`.`medium_has_genre` (`medium_id` ASC);


-- -----------------------------------------------------
-- Table `FIPOP`.`medium_has_language`
-- -----------------------------------------------------
CREATE TABLE IF NOT EXISTS `FIPOP`.`medium_has_language` (
  `medium_id` INT NOT NULL,
  `language_id` INT NOT NULL,
  `medium_language_type_id` INT NOT NULL,
  PRIMARY KEY (`medium_id`, `language_id`, `medium_language_type_id`),
  CONSTRAINT `fk_medium_has_language_medium1`
    FOREIGN KEY (`medium_id`)
    REFERENCES `FIPOP`.`medium` (`id`)
    ON DELETE CASCADE
    ON UPDATE NO ACTION,
  CONSTRAINT `fk_medium_has_language_language_code1`
    FOREIGN KEY (`language_id`)
    REFERENCES `FIPOP`.`language` (`id`)
    ON DELETE NO ACTION
    ON UPDATE NO ACTION,
  CONSTRAINT `fk_medium_has_language_medium_language_type1`
    FOREIGN KEY (`medium_language_type_id`)
    REFERENCES `FIPOP`.`medium_language_type` (`id`)
    ON DELETE NO ACTION
    ON UPDATE NO ACTION)
ENGINE = InnoDB;

CREATE INDEX `fk_medium_has_language_medium1_idx` ON `FIPOP`.`medium_has_language` (`medium_id` ASC);

CREATE INDEX `fk_medium_has_language_language_code1_idx` ON `FIPOP`.`medium_has_language` (`language_id` ASC);

CREATE INDEX `fk_medium_has_language_medium_language_type1_idx` ON `FIPOP`.`medium_has_language` (`medium_language_type_id` ASC);


-- -----------------------------------------------------
-- Table `FIPOP`.`medium_has_rating_category`
-- -----------------------------------------------------
CREATE TABLE IF NOT EXISTS `FIPOP`.`medium_has_rating_category` (
  `medium_id` INT NOT NULL,
  `rating_category_id` INT NOT NULL,
  PRIMARY KEY (`medium_id`, `rating_category_id`),
  CONSTRAINT `fk_medium_has_rating_category_medium1`
    FOREIGN KEY (`medium_id`)
    REFERENCES `FIPOP`.`medium` (`id`)
    ON DELETE NO ACTION
    ON UPDATE NO ACTION,
  CONSTRAINT `fk_medium_has_rating_category_rating_category1`
    FOREIGN KEY (`rating_category_id`)
    REFERENCES `FIPOP`.`rating_category` (`id`)
    ON DELETE NO ACTION
    ON UPDATE NO ACTION)
ENGINE = InnoDB;

CREATE INDEX `fk_medium_has_rating_category_medium1_idx` ON `FIPOP`.`medium_has_rating_category` (`medium_id` ASC);

CREATE INDEX `fk_medium_has_rating_category_rating_category1_idx` ON `FIPOP`.`medium_has_rating_category` (`rating_category_id` ASC);


-- -----------------------------------------------------
-- Table `FIPOP`.`medium_has_tag`
-- -----------------------------------------------------
CREATE TABLE IF NOT EXISTS `FIPOP`.`medium_has_tag` (
  `medium_id` INT NOT NULL,
  `tag_id` INT NOT NULL,
  PRIMARY KEY (`medium_id`, `tag_id`),
  CONSTRAINT `fk_medium_has_tag_medium1`
    FOREIGN KEY (`medium_id`)
    REFERENCES `FIPOP`.`medium` (`id`)
    ON DELETE CASCADE
    ON UPDATE NO ACTION,
  CONSTRAINT `fk_medium_has_tag_tag1`
    FOREIGN KEY (`tag_id`)
    REFERENCES `FIPOP`.`tag` (`id`)
    ON DELETE CASCADE
    ON UPDATE NO ACTION)
ENGINE = InnoDB;

CREATE INDEX `fk_medium_has_tag_tag1_idx` ON `FIPOP`.`medium_has_tag` (`tag_id` ASC);

CREATE INDEX `fk_medium_has_tag_medium1_idx` ON `FIPOP`.`medium_has_tag` (`medium_id` ASC);


-- -----------------------------------------------------
-- Table `FIPOP`.`medium_has_target_audience`
-- -----------------------------------------------------
CREATE TABLE IF NOT EXISTS `FIPOP`.`medium_has_target_audience` (
  `medium_id` INT NOT NULL,
  `target_audience_id` INT NOT NULL,
  PRIMARY KEY (`medium_id`, `target_audience_id`),
  CONSTRAINT `fk_medium_has_target_audience_medium1`
    FOREIGN KEY (`medium_id`)
    REFERENCES `FIPOP`.`medium` (`id`)
    ON DELETE NO ACTION
    ON UPDATE NO ACTION,
  CONSTRAINT `fk_medium_has_target_audience_target_audience1`
    FOREIGN KEY (`target_audience_id`)
    REFERENCES `FIPOP`.`target_audience` (`id`)
    ON DELETE NO ACTION
    ON UPDATE NO ACTION)
ENGINE = InnoDB;

CREATE INDEX `fk_medium_has_target_audience_target_audience1_idx` ON `FIPOP`.`medium_has_target_audience` (`target_audience_id` ASC);

CREATE INDEX `fk_medium_has_target_audience_medium1_idx` ON `FIPOP`.`medium_has_target_audience` (`medium_id` ASC);


-- -----------------------------------------------------
-- Table `FIPOP`.`medium_has_title`
-- -----------------------------------------------------
CREATE TABLE IF NOT EXISTS `FIPOP`.`medium_has_title` (
  `medium_id` INT NOT NULL,
  `title_id` INT NOT NULL,
  PRIMARY KEY (`medium_id`, `title_id`),
  CONSTRAINT `fk_medium_has_title_medium1`
    FOREIGN KEY (`medium_id`)
    REFERENCES `FIPOP`.`medium` (`id`)
    ON DELETE CASCADE
    ON UPDATE NO ACTION,
  CONSTRAINT `fk_medium_has_title_title1`
    FOREIGN KEY (`title_id`)
    REFERENCES `FIPOP`.`title` (`id`)
    ON DELETE CASCADE
    ON UPDATE NO ACTION)
ENGINE = InnoDB;

CREATE INDEX `fk_medium_has_title_title1_idx` ON `FIPOP`.`medium_has_title` (`title_id` ASC);

CREATE INDEX `fk_medium_has_title_medium1_idx` ON `FIPOP`.`medium_has_title` (`medium_id` ASC);


-- -----------------------------------------------------
-- Table `FIPOP`.`medium_image`
-- -----------------------------------------------------
CREATE TABLE IF NOT EXISTS `FIPOP`.`medium_image` (
  `medium_id` INT NOT NULL,
  `width` INT NOT NULL,
  `height` INT NOT NULL,
  `bit_depth` VARCHAR(45) NOT NULL,
  PRIMARY KEY (`medium_id`),
  CONSTRAINT `fk_medium_image_medium1`
    FOREIGN KEY (`medium_id`)
    REFERENCES `FIPOP`.`medium` (`id`)
    ON DELETE CASCADE
    ON UPDATE NO ACTION)
ENGINE = InnoDB;

CREATE INDEX `fk_medium_image_medium1_idx` ON `FIPOP`.`medium_image` (`medium_id` ASC);


-- -----------------------------------------------------
-- Table `FIPOP`.`medium_language_type`
-- -----------------------------------------------------
CREATE TABLE IF NOT EXISTS `FIPOP`.`medium_language_type` (
  `id` INT NOT NULL AUTO_INCREMENT,
  PRIMARY KEY (`id`))
ENGINE = InnoDB;


-- -----------------------------------------------------
-- Table `FIPOP`.`medium_language_type_translation`
-- -----------------------------------------------------
CREATE TABLE IF NOT EXISTS `FIPOP`.`medium_language_type_translation` (
  `id` INT NOT NULL AUTO_INCREMENT,
  `medium_language_type_id` INT NOT NULL,
  `language_id` INT NOT NULL,
  `type` VARCHAR(45) NOT NULL,
  PRIMARY KEY (`id`),
  CONSTRAINT `fk_medium_language_type_translation_medium_language_type1`
    FOREIGN KEY (`medium_language_type_id`)
    REFERENCES `FIPOP`.`medium_language_type` (`id`)
    ON DELETE CASCADE
    ON UPDATE NO ACTION,
  CONSTRAINT `fk_medium_language_type_translation_language1`
    FOREIGN KEY (`language_id`)
    REFERENCES `FIPOP`.`language` (`id`)
    ON DELETE NO ACTION
    ON UPDATE NO ACTION)
ENGINE = InnoDB;

CREATE INDEX `fk_medium_language_type_translation_medium_language_type1_idx` ON `FIPOP`.`medium_language_type_translation` (`medium_language_type_id` ASC);

CREATE INDEX `fk_medium_language_type_translation_language1_idx` ON `FIPOP`.`medium_language_type_translation` (`language_id` ASC);


-- -----------------------------------------------------
-- Table `FIPOP`.`medium_relates_to_event`
-- -----------------------------------------------------
CREATE TABLE IF NOT EXISTS `FIPOP`.`medium_relates_to_event` (
  `medium_id` INT NOT NULL,
  `event_id` INT NOT NULL,
  `medium_event_relationship_type_id` INT NOT NULL,
  PRIMARY KEY (`medium_id`, `event_id`, `medium_event_relationship_type_id`),
  CONSTRAINT `fk_medium_relates_to_event_event1`
    FOREIGN KEY (`event_id`)
    REFERENCES `FIPOP`.`event` (`id`)
    ON DELETE NO ACTION
    ON UPDATE NO ACTION,
  CONSTRAINT `fk_medium_relates_to_event_medium1`
    FOREIGN KEY (`medium_id`)
    REFERENCES `FIPOP`.`medium` (`id`)
    ON DELETE NO ACTION
    ON UPDATE NO ACTION,
  CONSTRAINT `fk_medium_relates_to_event_medium_event_relationship_type1`
    FOREIGN KEY (`medium_event_relationship_type_id`)
    REFERENCES `FIPOP`.`medium_event_relationship_type` (`id`)
    ON DELETE NO ACTION
    ON UPDATE NO ACTION)
ENGINE = InnoDB;

CREATE INDEX `fk_medium_relates_to_event_medium1_idx` ON `FIPOP`.`medium_relates_to_event` (`medium_id` ASC);

CREATE INDEX `fk_medium_relates_to_event_event1_idx` ON `FIPOP`.`medium_relates_to_event` (`event_id` ASC);

CREATE INDEX `fk_medium_relates_to_event_medium_event_relationship_type_idx` ON `FIPOP`.`medium_relates_to_event` (`medium_event_relationship_type_id` ASC);


-- -----------------------------------------------------
-- Table `FIPOP`.`medium_relates_to_medium`
-- -----------------------------------------------------
CREATE TABLE IF NOT EXISTS `FIPOP`.`medium_relates_to_medium` (
  `medium_id` INT NOT NULL,
  `relates_to_medium_id` INT NOT NULL,
  `medium_relates_to_medium_type_id` INT NOT NULL,
  PRIMARY KEY (`medium_id`, `relates_to_medium_id`, `medium_relates_to_medium_type_id`),
  CONSTRAINT `fk_medium_relates_to_medium_medium1`
    FOREIGN KEY (`medium_id`)
    REFERENCES `FIPOP`.`medium` (`id`)
    ON DELETE NO ACTION
    ON UPDATE NO ACTION,
  CONSTRAINT `fk_medium_relates_to_medium_medium2`
    FOREIGN KEY (`relates_to_medium_id`)
    REFERENCES `FIPOP`.`medium` (`id`)
    ON DELETE NO ACTION
    ON UPDATE NO ACTION,
  CONSTRAINT `fk_medium_relates_to_medium_medium_relates_to_medium_type1`
    FOREIGN KEY (`medium_relates_to_medium_type_id`)
    REFERENCES `FIPOP`.`medium_relates_to_medium_type` (`id`)
    ON DELETE NO ACTION
    ON UPDATE NO ACTION)
ENGINE = InnoDB;

CREATE INDEX `fk_medium_relates_to_medium_medium2_idx` ON `FIPOP`.`medium_relates_to_medium` (`relates_to_medium_id` ASC);

CREATE INDEX `fk_medium_relates_to_medium_medium1_idx` ON `FIPOP`.`medium_relates_to_medium` (`medium_id` ASC);

CREATE INDEX `fk_medium_relates_to_mediumm_medium_relates_to_medium_type1_idx` ON `FIPOP`.`medium_relates_to_medium` (`medium_relates_to_medium_type_id` ASC);


-- -----------------------------------------------------
-- Table `FIPOP`.`medium_relates_to_medium_subtype`
-- -----------------------------------------------------
CREATE TABLE IF NOT EXISTS `FIPOP`.`medium_relates_to_medium_subtype` (
  `id` INT NOT NULL,
  `medium_relates_to_medium_type_id` INT NOT NULL,
  `subtype` VARCHAR(45) NOT NULL,
  PRIMARY KEY (`id`, `medium_relates_to_medium_type_id`),
  CONSTRAINT `fk_medium_relates_to_medium_subtype_medium_relates_to_medium_1`
    FOREIGN KEY (`medium_relates_to_medium_type_id`)
    REFERENCES `FIPOP`.`medium_relates_to_medium_type` (`id`)
    ON DELETE NO ACTION
    ON UPDATE NO ACTION)
ENGINE = InnoDB;

CREATE INDEX `fk_medium_relates_to_medium_subtype_medium_relates_to_med1_idx` ON `FIPOP`.`medium_relates_to_medium_subtype` (`medium_relates_to_medium_type_id` ASC);


-- -----------------------------------------------------
-- Table `FIPOP`.`medium_relates_to_medium_type`
-- -----------------------------------------------------
CREATE TABLE IF NOT EXISTS `FIPOP`.`medium_relates_to_medium_type` (
  `id` INT NOT NULL,
  `type` VARCHAR(45) NOT NULL,
  PRIMARY KEY (`id`))
ENGINE = InnoDB;


-- -----------------------------------------------------
-- Table `FIPOP`.`medium_software`
-- -----------------------------------------------------
CREATE TABLE IF NOT EXISTS `FIPOP`.`medium_software` (
  `medium_id` INT NOT NULL,
  `version` VARCHAR(25) NULL,
  PRIMARY KEY (`medium_id`),
  CONSTRAINT `fk_medium_software_medium1`
    FOREIGN KEY (`medium_id`)
    REFERENCES `FIPOP`.`medium` (`id`)
    ON DELETE CASCADE
    ON UPDATE NO ACTION)
ENGINE = InnoDB;

CREATE INDEX `fk_medium_software_medium1_idx` ON `FIPOP`.`medium_software` (`medium_id` ASC);


-- -----------------------------------------------------
-- Table `FIPOP`.`medium_software_has_platform`
-- -----------------------------------------------------
CREATE TABLE IF NOT EXISTS `FIPOP`.`medium_software_has_platform` (
  `medium_software_medium_id` INT NOT NULL,
  `platform_id` INT NOT NULL,
  PRIMARY KEY (`medium_software_medium_id`, `platform_id`),
  CONSTRAINT `fk_medium_software_has_platform_medium_software1`
    FOREIGN KEY (`medium_software_medium_id`)
    REFERENCES `FIPOP`.`medium_software` (`medium_id`)
    ON DELETE NO ACTION
    ON UPDATE NO ACTION,
  CONSTRAINT `fk_medium_software_has_platform_platform1`
    FOREIGN KEY (`platform_id`)
    REFERENCES `FIPOP`.`platform` (`id`)
    ON DELETE NO ACTION
    ON UPDATE NO ACTION)
ENGINE = InnoDB;

CREATE INDEX `fk_medium_software_has_platform_platform1_idx` ON `FIPOP`.`medium_software_has_platform` (`platform_id` ASC);

CREATE INDEX `fk_medium_software_has_platform_medium_software1_idx` ON `FIPOP`.`medium_software_has_platform` (`medium_software_medium_id` ASC);


-- -----------------------------------------------------
-- Table `FIPOP`.`medium_text`
-- -----------------------------------------------------
CREATE TABLE IF NOT EXISTS `FIPOP`.`medium_text` (
  `medium_id` INT NOT NULL,
  `content` VARCHAR(45) NOT NULL,
  PRIMARY KEY (`medium_id`),
  CONSTRAINT `fk_medium_text_medium1`
    FOREIGN KEY (`medium_id`)
    REFERENCES `FIPOP`.`medium` (`id`)
    ON DELETE CASCADE
    ON UPDATE NO ACTION)
ENGINE = InnoDB;

CREATE INDEX `fk_medium_text_medium1_idx` ON `FIPOP`.`medium_text` (`medium_id` ASC);


-- -----------------------------------------------------
-- Table `FIPOP`.`medium_video`
-- -----------------------------------------------------
CREATE TABLE IF NOT EXISTS `FIPOP`.`medium_video` (
  `medium_id` INT NOT NULL,
  `audio_codec_information_id` INT NOT NULL,
  `length` TIME NOT NULL,
  `video_codec` VARCHAR(45) NOT NULL,
  `width` SMALLINT UNSIGNED NOT NULL,
  `height` SMALLINT UNSIGNED NOT NULL,
  `frame_rate` SMALLINT UNSIGNED NOT NULL,
  `data_rate` SMALLINT UNSIGNED NOT NULL,
  `total_bitrate` SMALLINT UNSIGNED NOT NULL,
  `is_episode` TINYINT(1) NOT NULL,
  PRIMARY KEY (`medium_id`),
  CONSTRAINT `fk_medium_video_audio_codec_information1`
    FOREIGN KEY (`audio_codec_information_id`)
    REFERENCES `FIPOP`.`audio_codec_information` (`id`)
    ON DELETE NO ACTION
    ON UPDATE NO ACTION,
  CONSTRAINT `fk_medium_video_medium1`
    FOREIGN KEY (`medium_id`)
    REFERENCES `FIPOP`.`medium` (`id`)
    ON DELETE CASCADE
    ON UPDATE NO ACTION)
ENGINE = InnoDB;

CREATE INDEX `fk_medium_video_audio_codec_information1_idx` ON `FIPOP`.`medium_video` (`audio_codec_information_id` ASC);

CREATE INDEX `fk_medium_video_medium1_idx` ON `FIPOP`.`medium_video` (`medium_id` ASC);


-- -----------------------------------------------------
-- Table `FIPOP`.`medium_video_has_medium_image`
-- -----------------------------------------------------
CREATE TABLE IF NOT EXISTS `FIPOP`.`medium_video_has_medium_image` (
  `medium_video_medium_id` INT NOT NULL,
  `medium_image_medium_id` INT NOT NULL,
  `timestamp` TIME NOT NULL,
  PRIMARY KEY (`medium_video_medium_id`, `medium_image_medium_id`),
  CONSTRAINT `fk_medium_video_has_medium_image_medium_video1`
    FOREIGN KEY (`medium_video_medium_id`)
    REFERENCES `FIPOP`.`medium_video` (`medium_id`)
    ON DELETE NO ACTION
    ON UPDATE NO ACTION,
  CONSTRAINT `fk_medium_video_has_medium_image_medium_image1`
    FOREIGN KEY (`medium_image_medium_id`)
    REFERENCES `FIPOP`.`medium_image` (`medium_id`)
    ON DELETE NO ACTION
    ON UPDATE NO ACTION)
ENGINE = InnoDB;

CREATE INDEX `fk_medium_video_has_medium_image_medium_image1_idx` ON `FIPOP`.`medium_video_has_medium_image` (`medium_image_medium_id` ASC);

CREATE INDEX `fk_medium_video_has_medium_image_medium_video1_idx` ON `FIPOP`.`medium_video_has_medium_image` (`medium_video_medium_id` ASC);


-- -----------------------------------------------------
-- Table `FIPOP`.`medium_videogame`
-- -----------------------------------------------------
CREATE TABLE IF NOT EXISTS `FIPOP`.`medium_videogame` (
  `medium_id` INT NOT NULL,
  `is_episode` TINYINT(1) NOT NULL,
  PRIMARY KEY (`medium_id`),
  CONSTRAINT `fk_medium_videogame_medium1`
    FOREIGN KEY (`medium_id`)
    REFERENCES `FIPOP`.`medium` (`id`)
    ON DELETE CASCADE
    ON UPDATE NO ACTION)
ENGINE = InnoDB;

CREATE INDEX `fk_medium_videogame_medium1_idx` ON `FIPOP`.`medium_videogame` (`medium_id` ASC);


-- -----------------------------------------------------
-- Table `FIPOP`.`membership_details`
-- -----------------------------------------------------
CREATE TABLE IF NOT EXISTS `FIPOP`.`membership_details` (
  `id` INT NOT NULL AUTO_INCREMENT,
  `actor_person_actor_id` INT NOT NULL,
  `member_of_actor_collective_actor_id` INT NOT NULL,
  `role_id` INT NULL,
  `joined_at` DATE NULL,
  `left_at` DATE NULL,
  PRIMARY KEY (`id`),
  CONSTRAINT `fk_membership_details_actor_person_is_member_of_actor_collect1`
    FOREIGN KEY (`actor_person_actor_id` , `member_of_actor_collective_actor_id`)
    REFERENCES `FIPOP`.`actor_person_is_member_of_actor_collective` (`actor_person_actor_id` , `member_of_actor_collective_actor_id`)
    ON DELETE CASCADE
    ON UPDATE NO ACTION,
  CONSTRAINT `fk_membership_details_role1`
    FOREIGN KEY (`role_id`)
    REFERENCES `FIPOP`.`role` (`id`)
    ON DELETE SET NULL
    ON UPDATE NO ACTION)
ENGINE = InnoDB;

CREATE INDEX `fk_membership_details_actor_person_is_member_of_actor_colle_idx` ON `FIPOP`.`membership_details` (`actor_person_actor_id` ASC, `member_of_actor_collective_actor_id` ASC);

CREATE INDEX `fk_membership_details_role1_idx` ON `FIPOP`.`membership_details` (`role_id` ASC);


-- -----------------------------------------------------
-- Table `FIPOP`.`mod`
-- -----------------------------------------------------
CREATE TABLE IF NOT EXISTS `FIPOP`.`mod` (
  `id` INT NOT NULL AUTO_INCREMENT,
  `medium_videogame_medium_id` INT NOT NULL,
  `name` VARCHAR(45) NOT NULL,
  `release_date` DATE NULL,
  `version` VARCHAR(45) NULL,
  `changed_by_mod` VARCHAR(45) NULL,
  PRIMARY KEY (`id`),
  CONSTRAINT `fk_mod_medium_videogame1`
    FOREIGN KEY (`medium_videogame_medium_id`)
    REFERENCES `FIPOP`.`medium_videogame` (`medium_id`)
    ON DELETE NO ACTION
    ON UPDATE NO ACTION)
ENGINE = InnoDB;

CREATE INDEX `fk_mod_medium_videogame1_idx` ON `FIPOP`.`mod` (`medium_videogame_medium_id` ASC);


-- -----------------------------------------------------
-- Table `FIPOP`.`motivation`
-- -----------------------------------------------------
CREATE TABLE IF NOT EXISTS `FIPOP`.`motivation` (
  `id` INT NOT NULL AUTO_INCREMENT,
  PRIMARY KEY (`id`))
ENGINE = InnoDB;


-- -----------------------------------------------------
-- Table `FIPOP`.`motivation_translation`
-- -----------------------------------------------------
CREATE TABLE IF NOT EXISTS `FIPOP`.`motivation_translation` (
  `id` INT NOT NULL AUTO_INCREMENT,
  `motivation_id` INT NOT NULL,
  `language_id` INT NOT NULL,
  `type` VARCHAR(45) NOT NULL,
  PRIMARY KEY (`id`),
  CONSTRAINT `fk_motivation_translation_motivation1`
    FOREIGN KEY (`motivation_id`)
    REFERENCES `FIPOP`.`motivation` (`id`)
    ON DELETE CASCADE
    ON UPDATE NO ACTION,
  CONSTRAINT `fk_motivation_translation_language1`
    FOREIGN KEY (`language_id`)
    REFERENCES `FIPOP`.`language` (`id`)
    ON DELETE NO ACTION
    ON UPDATE NO ACTION)
ENGINE = InnoDB;

CREATE INDEX `fk_motivation_translation_motivation1_idx` ON `FIPOP`.`motivation_translation` (`motivation_id` ASC);

CREATE INDEX `fk_motivation_translation_language1_idx` ON `FIPOP`.`motivation_translation` (`language_id` ASC);


-- -----------------------------------------------------
-- Table `FIPOP`.`musical_key`
-- -----------------------------------------------------
CREATE TABLE IF NOT EXISTS `FIPOP`.`musical_key` (
  `id` INT NOT NULL AUTO_INCREMENT,
  PRIMARY KEY (`id`))
ENGINE = InnoDB;


-- -----------------------------------------------------
-- Table `FIPOP`.`musical_key_translation`
-- -----------------------------------------------------
CREATE TABLE IF NOT EXISTS `FIPOP`.`musical_key_translation` (
  `id` INT NOT NULL AUTO_INCREMENT,
  `musical_key_id` INT NOT NULL,
  `language_id` INT NOT NULL,
  `type` VARCHAR(3) NOT NULL,
  PRIMARY KEY (`id`),
  CONSTRAINT `fk_musical_key_translation_musical_key1`
    FOREIGN KEY (`musical_key_id`)
    REFERENCES `FIPOP`.`musical_key` (`id`)
    ON DELETE CASCADE
    ON UPDATE NO ACTION,
  CONSTRAINT `fk_musical_key_translation_language1`
    FOREIGN KEY (`language_id`)
    REFERENCES `FIPOP`.`language` (`id`)
    ON DELETE NO ACTION
    ON UPDATE NO ACTION)
ENGINE = InnoDB;

CREATE INDEX `fk_musical_key_translation_musical_key1_idx` ON `FIPOP`.`musical_key_translation` (`musical_key_id` ASC);

CREATE INDEX `fk_musical_key_translation_language1_idx` ON `FIPOP`.`musical_key_translation` (`language_id` ASC);


-- -----------------------------------------------------
-- Table `FIPOP`.`musical_notation`
-- -----------------------------------------------------
CREATE TABLE IF NOT EXISTS `FIPOP`.`musical_notation` (
  `id` INT NOT NULL AUTO_INCREMENT,
  `analysis_music_analysis_method_id` INT NULL,
  `analysis_voice_analysis_method_id` INT NULL,
  `medium_id` INT NOT NULL,
  PRIMARY KEY (`id`),
  CONSTRAINT `fk_musical_notation_analysis_music1`
    FOREIGN KEY (`analysis_music_analysis_method_id`)
    REFERENCES `FIPOP`.`analysis_music` (`analysis_method_id`)
    ON DELETE NO ACTION
    ON UPDATE NO ACTION,
  CONSTRAINT `fk_musical_notation_analysis_voice1`
    FOREIGN KEY (`analysis_voice_analysis_method_id`)
    REFERENCES `FIPOP`.`analysis_voice` (`analysis_method_id`)
    ON DELETE NO ACTION
    ON UPDATE NO ACTION,
  CONSTRAINT `fk_musical_notation_medium1`
    FOREIGN KEY (`medium_id`)
    REFERENCES `FIPOP`.`medium` (`id`)
    ON DELETE CASCADE
    ON UPDATE NO ACTION)
ENGINE = InnoDB;

CREATE INDEX `fk_musical_notation_medium1_idx` ON `FIPOP`.`musical_notation` (`medium_id` ASC);

CREATE INDEX `fk_musical_notation_analysis_music1_idx` ON `FIPOP`.`musical_notation` (`analysis_music_analysis_method_id` ASC);

CREATE INDEX `fk_musical_notation_analysis_voice1_idx` ON `FIPOP`.`musical_notation` (`analysis_voice_analysis_method_id` ASC);


-- -----------------------------------------------------
-- Table `FIPOP`.`nasheed`
-- -----------------------------------------------------
CREATE TABLE IF NOT EXISTS `FIPOP`.`nasheed` (
  `id` INT NOT NULL AUTO_INCREMENT,
  `primary_title_title_id` INT NOT NULL,
  PRIMARY KEY (`id`),
  CONSTRAINT `fk_nasheed_title1`
    FOREIGN KEY (`primary_title_title_id`)
    REFERENCES `FIPOP`.`title` (`id`)
    ON DELETE NO ACTION
    ON UPDATE NO ACTION)
ENGINE = InnoDB;

CREATE INDEX `fk_nasheed_title1_idx` ON `FIPOP`.`nasheed` (`primary_title_title_id` ASC);


-- -----------------------------------------------------
-- Table `FIPOP`.`nasheed_has_title`
-- -----------------------------------------------------
CREATE TABLE IF NOT EXISTS `FIPOP`.`nasheed_has_title` (
  `nasheed_id` INT NOT NULL,
  `title_id` INT NOT NULL,
  PRIMARY KEY (`nasheed_id`, `title_id`),
  CONSTRAINT `fk_nasheed_has_title_nasheed1`
    FOREIGN KEY (`nasheed_id`)
    REFERENCES `FIPOP`.`nasheed` (`id`)
    ON DELETE NO ACTION
    ON UPDATE NO ACTION,
  CONSTRAINT `fk_nasheed_has_title_title1`
    FOREIGN KEY (`title_id`)
    REFERENCES `FIPOP`.`title` (`id`)
    ON DELETE NO ACTION
    ON UPDATE NO ACTION)
ENGINE = InnoDB;

CREATE INDEX `fk_nasheed_has_title_title1_idx` ON `FIPOP`.`nasheed_has_title` (`title_id` ASC);

CREATE INDEX `fk_nasheed_has_title_nasheed1_idx` ON `FIPOP`.`nasheed_has_title` (`nasheed_id` ASC);


-- -----------------------------------------------------
-- Table `FIPOP`.`noise`
-- -----------------------------------------------------
CREATE TABLE IF NOT EXISTS `FIPOP`.`noise` (
  `id` INT NOT NULL AUTO_INCREMENT,
  `noise_type_id` INT NOT NULL,
  `noise_subtype_id` INT NULL,
  PRIMARY KEY (`id`),
  CONSTRAINT `fk_noise_noise_type1`
    FOREIGN KEY (`noise_type_id`)
    REFERENCES `FIPOP`.`noise_type` (`id`)
    ON DELETE NO ACTION
    ON UPDATE NO ACTION,
  CONSTRAINT `fk_noise_noise_subtype1`
    FOREIGN KEY (`noise_subtype_id`)
    REFERENCES `FIPOP`.`noise_subtype` (`id`)
    ON DELETE NO ACTION
    ON UPDATE NO ACTION)
ENGINE = InnoDB;

CREATE INDEX `fk_noise_noise_type1_idx` ON `FIPOP`.`noise` (`noise_type_id` ASC);

CREATE INDEX `fk_noise_noise_subtype1_idx` ON `FIPOP`.`noise` (`noise_subtype_id` ASC);


-- -----------------------------------------------------
-- Table `FIPOP`.`noise_subtype`
-- -----------------------------------------------------
CREATE TABLE IF NOT EXISTS `FIPOP`.`noise_subtype` (
  `id` INT NOT NULL AUTO_INCREMENT,
  PRIMARY KEY (`id`))
ENGINE = InnoDB;


-- -----------------------------------------------------
-- Table `FIPOP`.`noise_subtype_translation`
-- -----------------------------------------------------
CREATE TABLE IF NOT EXISTS `FIPOP`.`noise_subtype_translation` (
  `id` INT NOT NULL AUTO_INCREMENT,
  `noise_subtype_id` INT NOT NULL,
  `language_id` INT NOT NULL,
  `subtype` VARCHAR(45) NOT NULL,
  PRIMARY KEY (`id`),
  CONSTRAINT `fk_noise_subtype_translation_noise_subtype1`
    FOREIGN KEY (`noise_subtype_id`)
    REFERENCES `FIPOP`.`noise_subtype` (`id`)
    ON DELETE CASCADE
    ON UPDATE NO ACTION,
  CONSTRAINT `fk_noise_subtype_translation_language1`
    FOREIGN KEY (`language_id`)
    REFERENCES `FIPOP`.`language` (`id`)
    ON DELETE NO ACTION
    ON UPDATE NO ACTION)
ENGINE = InnoDB;

CREATE INDEX `fk_noise_subtype_translation_noise_subtype1_idx` ON `FIPOP`.`noise_subtype_translation` (`noise_subtype_id` ASC);

CREATE INDEX `fk_noise_subtype_translation_language1_idx` ON `FIPOP`.`noise_subtype_translation` (`language_id` ASC);


-- -----------------------------------------------------
-- Table `FIPOP`.`noise_type`
-- -----------------------------------------------------
CREATE TABLE IF NOT EXISTS `FIPOP`.`noise_type` (
  `id` INT NOT NULL AUTO_INCREMENT,
  PRIMARY KEY (`id`))
ENGINE = InnoDB;


-- -----------------------------------------------------
-- Table `FIPOP`.`noise_type_translation`
-- -----------------------------------------------------
CREATE TABLE IF NOT EXISTS `FIPOP`.`noise_type_translation` (
  `id` INT NOT NULL AUTO_INCREMENT,
  `noise_type_id` INT NOT NULL,
  `language_id` INT NOT NULL,
  `type` VARCHAR(45) NOT NULL,
  PRIMARY KEY (`id`),
  CONSTRAINT `fk_noise_type_translation_noise_type1`
    FOREIGN KEY (`noise_type_id`)
    REFERENCES `FIPOP`.`noise_type` (`id`)
    ON DELETE CASCADE
    ON UPDATE NO ACTION,
  CONSTRAINT `fk_noise_type_translation_language1`
    FOREIGN KEY (`language_id`)
    REFERENCES `FIPOP`.`language` (`id`)
    ON DELETE NO ACTION
    ON UPDATE NO ACTION)
ENGINE = InnoDB;

CREATE INDEX `fk_noise_type_translation_noise_type1_idx` ON `FIPOP`.`noise_type_translation` (`noise_type_id` ASC);

CREATE INDEX `fk_noise_type_translation_language1_idx` ON `FIPOP`.`noise_type_translation` (`language_id` ASC);


-- -----------------------------------------------------
-- Table `FIPOP`.`phone_number`
-- -----------------------------------------------------
CREATE TABLE IF NOT EXISTS `FIPOP`.`phone_number` (
  `id` INT NOT NULL AUTO_INCREMENT,
  `phone_number` VARCHAR(30) NOT NULL,
  PRIMARY KEY (`id`))
ENGINE = InnoDB;


-- -----------------------------------------------------
-- Table `FIPOP`.`phone_number_type`
-- -----------------------------------------------------
CREATE TABLE IF NOT EXISTS `FIPOP`.`phone_number_type` (
  `id` INT NOT NULL AUTO_INCREMENT,
  PRIMARY KEY (`id`))
ENGINE = InnoDB;


-- -----------------------------------------------------
-- Table `FIPOP`.`phone_number_type_translation`
-- -----------------------------------------------------
CREATE TABLE IF NOT EXISTS `FIPOP`.`phone_number_type_translation` (
  `id` INT NOT NULL AUTO_INCREMENT,
  `phone_number_type_id` INT NOT NULL,
  `language_id` INT NOT NULL,
  `type` VARCHAR(45) NOT NULL,
  PRIMARY KEY (`id`),
  CONSTRAINT `fk_phone_number_type_translation_phone_number_type1`
    FOREIGN KEY (`phone_number_type_id`)
    REFERENCES `FIPOP`.`phone_number_type` (`id`)
    ON DELETE CASCADE
    ON UPDATE NO ACTION,
  CONSTRAINT `fk_phone_number_type_translation_language1`
    FOREIGN KEY (`language_id`)
    REFERENCES `FIPOP`.`language` (`id`)
    ON DELETE NO ACTION
    ON UPDATE NO ACTION)
ENGINE = InnoDB;

CREATE INDEX `fk_phone_number_type_translation_phone_number_type1_idx` ON `FIPOP`.`phone_number_type_translation` (`phone_number_type_id` ASC);

CREATE INDEX `fk_phone_number_type_translation_language1_idx` ON `FIPOP`.`phone_number_type_translation` (`language_id` ASC);


-- -----------------------------------------------------
-- Table `FIPOP`.`platform`
-- -----------------------------------------------------
CREATE TABLE IF NOT EXISTS `FIPOP`.`platform` (
  `id` INT NOT NULL AUTO_INCREMENT,
  `type` VARCHAR(45) NOT NULL,
  PRIMARY KEY (`id`))
ENGINE = InnoDB;

CREATE UNIQUE INDEX `type_UNIQUE` ON `FIPOP`.`platform` (`type` ASC);


-- -----------------------------------------------------
-- Table `FIPOP`.`propaganda_type`
-- -----------------------------------------------------
CREATE TABLE IF NOT EXISTS `FIPOP`.`propaganda_type` (
  `id` INT NOT NULL AUTO_INCREMENT,
  `type` VARCHAR(45) NOT NULL,
  PRIMARY KEY (`id`))
ENGINE = InnoDB;

CREATE UNIQUE INDEX `type_UNIQUE` ON `FIPOP`.`propaganda_type` (`type` ASC);


-- -----------------------------------------------------
-- Table `FIPOP`.`province`
-- -----------------------------------------------------
CREATE TABLE IF NOT EXISTS `FIPOP`.`province` (
  `location_id` INT NOT NULL,
  PRIMARY KEY (`location_id`),
  CONSTRAINT `fk_province_location1`
    FOREIGN KEY (`location_id`)
    REFERENCES `FIPOP`.`location` (`id`)
    ON DELETE CASCADE
    ON UPDATE NO ACTION)
ENGINE = InnoDB;

CREATE INDEX `fk_province_location1_idx` ON `FIPOP`.`province` (`location_id` ASC);


-- -----------------------------------------------------
-- Table `FIPOP`.`publication`
-- -----------------------------------------------------
CREATE TABLE IF NOT EXISTS `FIPOP`.`publication` (
  `id` INT NOT NULL AUTO_INCREMENT,
  `owner_user_account_id` INT NULL,
  `media_collection_id` INT NULL,
  `medium_id` INT NULL,
  `slug` VARCHAR(512) NOT NULL,
  `title` VARCHAR(256) NOT NULL,
  `access` VARCHAR(64) NOT NULL DEFAULT 'public',
  `credentials` VARCHAR(2048) NOT NULL,
  `settings` TEXT NULL,
  PRIMARY KEY (`id`),
  CONSTRAINT `fk_publication_user_account1`
    FOREIGN KEY (`owner_user_account_id`)
    REFERENCES `FIPOP`.`user_account` (`id`)
    ON DELETE SET NULL
    ON UPDATE NO ACTION,
  CONSTRAINT `fk_publication_media_collection1`
    FOREIGN KEY (`media_collection_id`)
    REFERENCES `FIPOP`.`media_collection` (`id`)
    ON DELETE CASCADE
    ON UPDATE NO ACTION,
  CONSTRAINT `fk_publication_medium1`
    FOREIGN KEY (`medium_id`)
    REFERENCES `FIPOP`.`medium` (`id`)
    ON DELETE CASCADE
    ON UPDATE NO ACTION)
ENGINE = InnoDB
COMMENT = '		';

CREATE INDEX `fk_publication_user_account1_idx` ON `FIPOP`.`publication` (`owner_user_account_id` ASC);

CREATE INDEX `fk_publication_media_collection1_idx` ON `FIPOP`.`publication` (`media_collection_id` ASC);

CREATE INDEX `fk_publication_medium1_idx` ON `FIPOP`.`publication` (`medium_id` ASC);


-- -----------------------------------------------------
-- Table `FIPOP`.`rating_category`
-- -----------------------------------------------------
CREATE TABLE IF NOT EXISTS `FIPOP`.`rating_category` (
  `id` INT NOT NULL AUTO_INCREMENT,
  `rating_system_id` INT NOT NULL,
  PRIMARY KEY (`id`),
  CONSTRAINT `fk_rating_category_rating_system1`
    FOREIGN KEY (`rating_system_id`)
    REFERENCES `FIPOP`.`rating_system` (`id`)
    ON DELETE NO ACTION
    ON UPDATE NO ACTION)
ENGINE = InnoDB;

CREATE INDEX `fk_rating_category_rating_system1_idx` ON `FIPOP`.`rating_category` (`rating_system_id` ASC);


-- -----------------------------------------------------
-- Table `FIPOP`.`rating_category_translation`
-- -----------------------------------------------------
CREATE TABLE IF NOT EXISTS `FIPOP`.`rating_category_translation` (
  `id` INT NOT NULL AUTO_INCREMENT,
  `rating_category_id` INT NOT NULL,
  `language_id` INT NOT NULL,
  `name` VARCHAR(60) NOT NULL,
  PRIMARY KEY (`id`),
  CONSTRAINT `fk_rating_category_translation_rating_category1`
    FOREIGN KEY (`rating_category_id`)
    REFERENCES `FIPOP`.`rating_category` (`id`)
    ON DELETE CASCADE
    ON UPDATE NO ACTION,
  CONSTRAINT `fk_rating_category_translation_language1`
    FOREIGN KEY (`language_id`)
    REFERENCES `FIPOP`.`language` (`id`)
    ON DELETE NO ACTION
    ON UPDATE NO ACTION)
ENGINE = InnoDB;

CREATE INDEX `fk_rating_category_translation_rating_category1_idx` ON `FIPOP`.`rating_category_translation` (`rating_category_id` ASC);

CREATE INDEX `fk_rating_category_translation_language1_idx` ON `FIPOP`.`rating_category_translation` (`language_id` ASC);


-- -----------------------------------------------------
-- Table `FIPOP`.`rating_system`
-- -----------------------------------------------------
CREATE TABLE IF NOT EXISTS `FIPOP`.`rating_system` (
  `id` INT NOT NULL AUTO_INCREMENT,
  `name` VARCHAR(45) NOT NULL,
  PRIMARY KEY (`id`))
ENGINE = InnoDB;

CREATE UNIQUE INDEX `name_UNIQUE` ON `FIPOP`.`rating_system` (`name` ASC);


-- -----------------------------------------------------
-- Table `FIPOP`.`reference`
-- -----------------------------------------------------
CREATE TABLE IF NOT EXISTS `FIPOP`.`reference` (
  `id` INT NOT NULL AUTO_INCREMENT,
  `reference_entry_type_id` INT NOT NULL,
  `abstract` TEXT NULL,
  `addendum` TEXT NULL,
  `afterword` TEXT NULL,
  `annotation` TEXT NULL,
  `annotator` TEXT NULL,
  `author` TEXT NULL,
  `authortype` TEXT NULL,
  `bookauthor` TEXT NULL,
  `bookpagination` TEXT NULL,
  `booksubtitle` TEXT NULL,
  `booktitle` TEXT NULL,
  `booktitleaddon` TEXT NULL,
  `chapter` TEXT NULL,
  `commentator` TEXT NULL,
  `date` TEXT NULL,
  `doi` TEXT NULL,
  `edition` TEXT NULL,
  `editor` TEXT NULL,
  `editora` TEXT NULL,
  `editorb` TEXT NULL,
  `editorc` TEXT NULL,
  `editortype` TEXT NULL,
  `editoratype` TEXT NULL,
  `editorbtype` TEXT NULL,
  `editorctype` TEXT NULL,
  `eid` TEXT NULL,
  `entrysubtype` TEXT NULL,
  `eprint` TEXT NULL,
  `eprintclass` TEXT NULL,
  `eprinttype` TEXT NULL,
  `eventdate` TEXT NULL,
  `eventtitle` TEXT NULL,
  `eventtitleaddon` TEXT NULL,
  `file` TEXT NULL,
  `foreword` TEXT NULL,
  `holder` TEXT NULL,
  `howpublished` TEXT NULL,
  `indextitle` TEXT NULL,
  `institution` TEXT NULL,
  `introduction` TEXT NULL,
  `isan` TEXT NULL,
  `isbn` TEXT NULL,
  `ismn` TEXT NULL,
  `isrn` TEXT NULL,
  `issn` TEXT NULL,
  `issue` TEXT NULL,
  `issuesubtitle` TEXT NULL,
  `issuetitle` TEXT NULL,
  `iswc` TEXT NULL,
  `journalsubtitle` TEXT NULL,
  `journaltitle` TEXT NULL,
  `label` TEXT NULL,
  `language` TEXT NULL,
  `library` TEXT NULL,
  `location` TEXT NULL,
  `mainsubstitle` TEXT NULL,
  `maintitle` TEXT NULL,
  `maintitleaddon` TEXT NULL,
  `month` TEXT NULL,
  `nameaddon` TEXT NULL,
  `note` TEXT NULL,
  `number` TEXT NULL,
  `organization` TEXT NULL,
  `origdate` TEXT NULL,
  `origlanguage` TEXT NULL,
  `origlocation` TEXT NULL,
  `origpublisher` TEXT NULL,
  `origtitle` TEXT NULL,
  `pages` TEXT NULL,
  `pagetotal` TEXT NULL,
  `pagination` TEXT NULL,
  `part` TEXT NULL,
  `publisher` TEXT NULL,
  `pubstate` TEXT NULL,
  `reprinttitle` TEXT NULL,
  `series` TEXT NULL,
  `shortauthor` TEXT NULL,
  `shorteditor` TEXT NULL,
  `shorthand` TEXT NULL,
  `shorthandintro` TEXT NULL,
  `shortjournal` TEXT NULL,
  `shortseries` TEXT NULL,
  `shorttitle` TEXT NULL,
  `subtitle` TEXT NULL,
  `title` TEXT NULL,
  `titleaddon` TEXT NULL,
  `translator` TEXT NULL,
  `type` TEXT NULL,
  `url` TEXT NULL,
  `urldate` TEXT NULL,
  `venue` TEXT NULL,
  `version` TEXT NULL,
  `volume` TEXT NULL,
  `volumes` TEXT NULL,
  `year` TEXT NULL,
  PRIMARY KEY (`id`),
  CONSTRAINT `fk_reference_reference_entry_type1`
    FOREIGN KEY (`reference_entry_type_id`)
    REFERENCES `FIPOP`.`reference_entry_type` (`id`)
    ON DELETE NO ACTION
    ON UPDATE NO ACTION)
ENGINE = InnoDB;

CREATE INDEX `fk_reference_reference_entry_type1_idx` ON `FIPOP`.`reference` (`reference_entry_type_id` ASC);


-- -----------------------------------------------------
-- Table `FIPOP`.`reference_data_field_requirements`
-- -----------------------------------------------------
CREATE TABLE IF NOT EXISTS `FIPOP`.`reference_data_field_requirements` (
  `reference_entry_type_id` INT NOT NULL,
  `reference_id` INT NOT NULL,
  `is_required` TINYINT NULL,
  `is_optional` TINYINT NULL,
  `is_not_standard_style` TINYINT NULL,
  PRIMARY KEY (`reference_entry_type_id`, `reference_id`),
  CONSTRAINT `fk_reference_data_field_requirements_reference_entry_type1`
    FOREIGN KEY (`reference_entry_type_id`)
    REFERENCES `FIPOP`.`reference_entry_type` (`id`)
    ON DELETE NO ACTION
    ON UPDATE NO ACTION,
  CONSTRAINT `fk_reference_data_field_requirements_reference1`
    FOREIGN KEY (`reference_id`)
    REFERENCES `FIPOP`.`reference` (`id`)
    ON DELETE NO ACTION
    ON UPDATE NO ACTION)
ENGINE = InnoDB;

CREATE INDEX `fk_reference_data_field_requirements_reference1_idx` ON `FIPOP`.`reference_data_field_requirements` (`reference_id` ASC);

CREATE INDEX `fk_reference_data_field_requirements_reference_entry_type1_idx` ON `FIPOP`.`reference_data_field_requirements` (`reference_entry_type_id` ASC);


-- -----------------------------------------------------
-- Table `FIPOP`.`reference_entry_type`
-- -----------------------------------------------------
CREATE TABLE IF NOT EXISTS `FIPOP`.`reference_entry_type` (
  `id` INT NOT NULL AUTO_INCREMENT,
  `type` VARCHAR(45) NOT NULL,
  PRIMARY KEY (`id`))
ENGINE = InnoDB;

CREATE UNIQUE INDEX `type_UNIQUE` ON `FIPOP`.`reference_entry_type` (`type` ASC);


-- -----------------------------------------------------
-- Table `FIPOP`.`religion`
-- -----------------------------------------------------
CREATE TABLE IF NOT EXISTS `FIPOP`.`religion` (
  `id` INT NOT NULL,
  `name` VARCHAR(45) NOT NULL,
  PRIMARY KEY (`id`))
ENGINE = InnoDB;

CREATE UNIQUE INDEX `name_UNIQUE` ON `FIPOP`.`religion` (`name` ASC);


-- -----------------------------------------------------
-- Table `FIPOP`.`religious_reference`
-- -----------------------------------------------------
CREATE TABLE IF NOT EXISTS `FIPOP`.`religious_reference` (
  `id` INT NOT NULL AUTO_INCREMENT,
  `medium_text_medium_id` INT NOT NULL,
  PRIMARY KEY (`id`),
  CONSTRAINT `fk_religious_reference_medium_text1`
    FOREIGN KEY (`medium_text_medium_id`)
    REFERENCES `FIPOP`.`medium_text` (`medium_id`)
    ON DELETE CASCADE
    ON UPDATE NO ACTION)
ENGINE = InnoDB;

CREATE INDEX `fk_religious_reference_medium_text1_idx` ON `FIPOP`.`religious_reference` (`medium_text_medium_id` ASC);


-- -----------------------------------------------------
-- Table `FIPOP`.`religious_reference_translation`
-- -----------------------------------------------------
CREATE TABLE IF NOT EXISTS `FIPOP`.`religious_reference_translation` (
  `id` INT NOT NULL AUTO_INCREMENT,
  `religious_reference_id` INT NOT NULL,
  `language_id` INT NOT NULL,
  `text_passage` VARCHAR(45) NOT NULL,
  PRIMARY KEY (`id`),
  CONSTRAINT `fk_religious_reference_translation_religious_reference1`
    FOREIGN KEY (`religious_reference_id`)
    REFERENCES `FIPOP`.`religious_reference` (`id`)
    ON DELETE CASCADE
    ON UPDATE NO ACTION,
  CONSTRAINT `fk_religious_reference_translation_language1`
    FOREIGN KEY (`language_id`)
    REFERENCES `FIPOP`.`language` (`id`)
    ON DELETE NO ACTION
    ON UPDATE NO ACTION)
ENGINE = InnoDB;

CREATE INDEX `fk_religious_reference_translation_religious_referemce1_idx` ON `FIPOP`.`religious_reference_translation` (`religious_reference_id` ASC);

CREATE INDEX `fk_religious_reference_translation_language1_idx` ON `FIPOP`.`religious_reference_translation` (`language_id` ASC);


-- -----------------------------------------------------
-- Table `FIPOP`.`rhythm`
-- -----------------------------------------------------
CREATE TABLE IF NOT EXISTS `FIPOP`.`rhythm` (
  `id` INT NOT NULL AUTO_INCREMENT,
  `type` VARCHAR(45) NOT NULL,
  PRIMARY KEY (`id`))
ENGINE = InnoDB;

CREATE UNIQUE INDEX `type_UNIQUE` ON `FIPOP`.`rhythm` (`type` ASC);


-- -----------------------------------------------------
-- Table `FIPOP`.`role`
-- -----------------------------------------------------
CREATE TABLE IF NOT EXISTS `FIPOP`.`role` (
  `id` INT NOT NULL AUTO_INCREMENT,
  `dummy` TINYINT(1) NULL,
  PRIMARY KEY (`id`))
ENGINE = InnoDB;


-- -----------------------------------------------------
-- Table `FIPOP`.`role_group`
-- -----------------------------------------------------
CREATE TABLE IF NOT EXISTS `FIPOP`.`role_group` (
  `id` INT NOT NULL AUTO_INCREMENT,
  `dummy` TINYINT(1) NULL,
  PRIMARY KEY (`id`))
ENGINE = InnoDB;


-- -----------------------------------------------------
-- Table `FIPOP`.`role_group_has_role`
-- -----------------------------------------------------
CREATE TABLE IF NOT EXISTS `FIPOP`.`role_group_has_role` (
  `role_group_id` INT NOT NULL,
  `role_id` INT NOT NULL,
  PRIMARY KEY (`role_group_id`, `role_id`),
  CONSTRAINT `fk_role_group_has_role_role_groups1`
    FOREIGN KEY (`role_group_id`)
    REFERENCES `FIPOP`.`role_group` (`id`)
    ON DELETE CASCADE
    ON UPDATE NO ACTION,
  CONSTRAINT `fk_role_group_has_role_role1`
    FOREIGN KEY (`role_id`)
    REFERENCES `FIPOP`.`role` (`id`)
    ON DELETE CASCADE
    ON UPDATE NO ACTION)
ENGINE = InnoDB;

CREATE INDEX `fk_role_group_has_role_role1_idx` ON `FIPOP`.`role_group_has_role` (`role_id` ASC);

CREATE INDEX `fk_role_group_has_role_role_group1_idx` ON `FIPOP`.`role_group_has_role` (`role_group_id` ASC);


-- -----------------------------------------------------
-- Table `FIPOP`.`role_group_translation`
-- -----------------------------------------------------
CREATE TABLE IF NOT EXISTS `FIPOP`.`role_group_translation` (
  `id` INT NOT NULL AUTO_INCREMENT,
  `role_group_id` INT NOT NULL,
  `language_id` INT NOT NULL,
  `name` VARCHAR(100) NOT NULL,
  PRIMARY KEY (`id`),
  CONSTRAINT `fk_role_group_translation_role_group1`
    FOREIGN KEY (`role_group_id`)
    REFERENCES `FIPOP`.`role_group` (`id`)
    ON DELETE CASCADE
    ON UPDATE NO ACTION,
  CONSTRAINT `fk_role_group_translation_language1`
    FOREIGN KEY (`language_id`)
    REFERENCES `FIPOP`.`language` (`id`)
    ON DELETE NO ACTION
    ON UPDATE NO ACTION)
ENGINE = InnoDB;

CREATE INDEX `fk_role_group_translation_role_group1_idx` ON `FIPOP`.`role_group_translation` (`role_group_id` ASC);

CREATE INDEX `fk_role_group_translation_language1_idx` ON `FIPOP`.`role_group_translation` (`language_id` ASC);


-- -----------------------------------------------------
-- Table `FIPOP`.`role_translation`
-- -----------------------------------------------------
CREATE TABLE IF NOT EXISTS `FIPOP`.`role_translation` (
  `id` INT NOT NULL AUTO_INCREMENT,
  `role_id` INT NOT NULL,
  `language_id` INT NOT NULL,
  `name` VARCHAR(100) NOT NULL,
  PRIMARY KEY (`id`),
  CONSTRAINT `fk_role_translation_role1`
    FOREIGN KEY (`role_id`)
    REFERENCES `FIPOP`.`role` (`id`)
    ON DELETE CASCADE
    ON UPDATE NO ACTION,
  CONSTRAINT `fk_role_translation_language1`
    FOREIGN KEY (`language_id`)
    REFERENCES `FIPOP`.`language` (`id`)
    ON DELETE NO ACTION
    ON UPDATE NO ACTION)
ENGINE = InnoDB;

CREATE UNIQUE INDEX `name_UNIQUE` ON `FIPOP`.`role_translation` (`name` ASC);

CREATE INDEX `fk_role_translation_role1_idx` ON `FIPOP`.`role_translation` (`role_id` ASC);

CREATE INDEX `fk_role_translation_language1_idx` ON `FIPOP`.`role_translation` (`language_id` ASC);


-- -----------------------------------------------------
-- Table `FIPOP`.`segment_selector_type`
-- -----------------------------------------------------
CREATE TABLE IF NOT EXISTS `FIPOP`.`segment_selector_type` (
  `id` INT NOT NULL AUTO_INCREMENT,
  PRIMARY KEY (`id`))
ENGINE = InnoDB;


-- -----------------------------------------------------
-- Table `FIPOP`.`segment_selector_type_translation`
-- -----------------------------------------------------
CREATE TABLE IF NOT EXISTS `FIPOP`.`segment_selector_type_translation` (
  `id` INT NOT NULL AUTO_INCREMENT,
  `segment_selector_type_id` INT NOT NULL,
  `language_id` INT NOT NULL,
  `type` VARCHAR(45) NOT NULL,
  PRIMARY KEY (`id`),
  CONSTRAINT `fk_segment_selector_type_translation_segment_selector_type1`
    FOREIGN KEY (`segment_selector_type_id`)
    REFERENCES `FIPOP`.`segment_selector_type` (`id`)
    ON DELETE CASCADE
    ON UPDATE NO ACTION,
  CONSTRAINT `fk_segment_selector_type_translation_language1`
    FOREIGN KEY (`language_id`)
    REFERENCES `FIPOP`.`language` (`id`)
    ON DELETE NO ACTION
    ON UPDATE NO ACTION)
ENGINE = InnoDB;

CREATE INDEX `fk_segment_selector_type_translation_segment_selector_type1_idx` ON `FIPOP`.`segment_selector_type_translation` (`segment_selector_type_id` ASC);

CREATE INDEX `fk_segment_selector_type_translation_language1_idx` ON `FIPOP`.`segment_selector_type_translation` (`language_id` ASC);


-- -----------------------------------------------------
-- Table `FIPOP`.`selector_svg`
-- -----------------------------------------------------
CREATE TABLE IF NOT EXISTS `FIPOP`.`selector_svg` (
  `id` INT NOT NULL AUTO_INCREMENT,
  `annotation_id` INT NOT NULL,
  `svg_shape_type_id` INT NOT NULL,
  `stroke_width` BIT NOT NULL,
  `color_rgba` VARCHAR(8) NOT NULL,
  `svg_data` MEDIUMTEXT NOT NULL,
  PRIMARY KEY (`id`),
  CONSTRAINT `fk_selector_svg_svg_shape_type1`
    FOREIGN KEY (`svg_shape_type_id`)
    REFERENCES `FIPOP`.`svg_shape_type` (`id`)
    ON DELETE NO ACTION
    ON UPDATE NO ACTION,
  CONSTRAINT `fk_selector_svg_annotation1`
    FOREIGN KEY (`annotation_id`)
    REFERENCES `FIPOP`.`annotation` (`id`)
    ON DELETE CASCADE
    ON UPDATE NO ACTION)
ENGINE = InnoDB;

CREATE INDEX `fk_selector_svg_svg_shape_type1_idx` ON `FIPOP`.`selector_svg` (`svg_shape_type_id` ASC);

CREATE INDEX `fk_selector_svg_annotation1_idx` ON `FIPOP`.`selector_svg` (`annotation_id` ASC);


-- -----------------------------------------------------
-- Table `FIPOP`.`sex`
-- -----------------------------------------------------
CREATE TABLE IF NOT EXISTS `FIPOP`.`sex` (
  `id` INT NOT NULL AUTO_INCREMENT,
  PRIMARY KEY (`id`))
ENGINE = InnoDB;


-- -----------------------------------------------------
-- Table `FIPOP`.`sex_translation`
-- -----------------------------------------------------
CREATE TABLE IF NOT EXISTS `FIPOP`.`sex_translation` (
  `id` INT NOT NULL AUTO_INCREMENT,
  `sex_id` INT NOT NULL,
  `language_id` INT NOT NULL,
  `type` VARCHAR(45) NOT NULL,
  PRIMARY KEY (`id`),
  CONSTRAINT `fk_sex_translation_language1`
    FOREIGN KEY (`language_id`)
    REFERENCES `FIPOP`.`language` (`id`)
    ON DELETE NO ACTION
    ON UPDATE NO ACTION,
  CONSTRAINT `fk_sex_translation_sex1`
    FOREIGN KEY (`sex_id`)
    REFERENCES `FIPOP`.`sex` (`id`)
    ON DELETE CASCADE
    ON UPDATE NO ACTION)
ENGINE = InnoDB;

CREATE INDEX `fk_sex_translation_language1_idx` ON `FIPOP`.`sex_translation` (`language_id` ASC);

CREATE INDEX `fk_sex_translation_sex1_idx` ON `FIPOP`.`sex_translation` (`sex_id` ASC);


-- -----------------------------------------------------
-- Table `FIPOP`.`sioc_container`
-- -----------------------------------------------------
CREATE TABLE IF NOT EXISTS `FIPOP`.`sioc_container` (
  `id` INT NOT NULL AUTO_INCREMENT,
  `sioc_container_type_id` INT NOT NULL,
  `sioc_site_id` INT NOT NULL,
  `backup_screenshot_medium_image_medium_id` INT NULL,
  `created_by_sioc_user_account_id` INT NOT NULL,
  `edited_by_sioc_user_account_id` INT NULL,
  `has_parent_sioc_container_id` INT NULL,
  `sioc_container_access_type_id` INT NOT NULL,
  `header_photo_medium_image_medium_id` INT NULL,
  `language_id` INT NULL,
  `title` VARCHAR(45) NOT NULL,
  `description` VARCHAR(45) NULL,
  `created_at` TIMESTAMP NOT NULL DEFAULT CURRENT_TIMESTAMP,
  `last_edited_at` TIMESTAMP NULL,
  `url` VARCHAR(45) NULL,
  PRIMARY KEY (`id`),
  CONSTRAINT `fk_sioc_container_sioc_container1`
    FOREIGN KEY (`has_parent_sioc_container_id`)
    REFERENCES `FIPOP`.`sioc_container` (`id`)
    ON DELETE NO ACTION
    ON UPDATE NO ACTION,
  CONSTRAINT `fk_sioc_container_sioc_user_account1`
    FOREIGN KEY (`created_by_sioc_user_account_id`)
    REFERENCES `FIPOP`.`sioc_user_account` (`id`)
    ON DELETE NO ACTION
    ON UPDATE NO ACTION,
  CONSTRAINT `fk_sioc_container_sioc_user_account2`
    FOREIGN KEY (`edited_by_sioc_user_account_id`)
    REFERENCES `FIPOP`.`sioc_user_account` (`id`)
    ON DELETE NO ACTION
    ON UPDATE NO ACTION,
  CONSTRAINT `fk_sioc_container_medium_image1`
    FOREIGN KEY (`header_photo_medium_image_medium_id`)
    REFERENCES `FIPOP`.`medium_image` (`medium_id`)
    ON DELETE NO ACTION
    ON UPDATE NO ACTION,
  CONSTRAINT `fk_sioc_container_sioc_site1`
    FOREIGN KEY (`sioc_site_id`)
    REFERENCES `FIPOP`.`sioc_site` (`id`)
    ON DELETE NO ACTION
    ON UPDATE NO ACTION,
  CONSTRAINT `fk_sioc_container_sioc_container_type1`
    FOREIGN KEY (`sioc_container_type_id`)
    REFERENCES `FIPOP`.`sioc_container_type` (`ID`)
    ON DELETE NO ACTION
    ON UPDATE NO ACTION,
  CONSTRAINT `fk_sioc_container_sioc_container_access_type1`
    FOREIGN KEY (`sioc_container_access_type_id`)
    REFERENCES `FIPOP`.`sioc_container_access_type` (`id`)
    ON DELETE NO ACTION
    ON UPDATE NO ACTION,
  CONSTRAINT `fk_sioc_container_medium_image2`
    FOREIGN KEY (`backup_screenshot_medium_image_medium_id`)
    REFERENCES `FIPOP`.`medium_image` (`medium_id`)
    ON DELETE NO ACTION
    ON UPDATE NO ACTION,
  CONSTRAINT `fk_sioc_container_language1`
    FOREIGN KEY (`language_id`)
    REFERENCES `FIPOP`.`language` (`id`)
    ON DELETE NO ACTION
    ON UPDATE NO ACTION)
ENGINE = InnoDB;

CREATE INDEX `fk_sioc_container_sioc_container1_idx` ON `FIPOP`.`sioc_container` (`has_parent_sioc_container_id` ASC);

CREATE INDEX `fk_sioc_container_sioc_user_account1_idx` ON `FIPOP`.`sioc_container` (`created_by_sioc_user_account_id` ASC);

CREATE INDEX `fk_sioc_container_sioc_user_account2_idx` ON `FIPOP`.`sioc_container` (`edited_by_sioc_user_account_id` ASC);

CREATE INDEX `fk_sioc_container_medium_image1_idx` ON `FIPOP`.`sioc_container` (`header_photo_medium_image_medium_id` ASC);

CREATE INDEX `fk_sioc_container_sioc_site1_idx` ON `FIPOP`.`sioc_container` (`sioc_site_id` ASC);

CREATE INDEX `fk_sioc_container_sioc_container_type1_idx` ON `FIPOP`.`sioc_container` (`sioc_container_type_id` ASC);

CREATE INDEX `fk_sioc_container_sioc_container_access_type1_idx` ON `FIPOP`.`sioc_container` (`sioc_container_access_type_id` ASC);

CREATE INDEX `fk_sioc_container_medium_image2_idx` ON `FIPOP`.`sioc_container` (`backup_screenshot_medium_image_medium_id` ASC);

CREATE INDEX `fk_sioc_container_language1_idx` ON `FIPOP`.`sioc_container` (`language_id` ASC);


-- -----------------------------------------------------
-- Table `FIPOP`.`sioc_container_access_type`
-- -----------------------------------------------------
CREATE TABLE IF NOT EXISTS `FIPOP`.`sioc_container_access_type` (
  `id` INT NOT NULL AUTO_INCREMENT,
  PRIMARY KEY (`id`))
ENGINE = InnoDB;


-- -----------------------------------------------------
-- Table `FIPOP`.`sioc_container_access_type_translation`
-- -----------------------------------------------------
CREATE TABLE IF NOT EXISTS `FIPOP`.`sioc_container_access_type_translation` (
  `id` INT NOT NULL AUTO_INCREMENT,
  `sioc_container_access_type_id` INT NOT NULL,
  `language_id` INT NOT NULL,
  `type` VARCHAR(45) NOT NULL,
  PRIMARY KEY (`id`),
  CONSTRAINT `fk_sioc_container_access_type_translation_sioc_container_acces1`
    FOREIGN KEY (`sioc_container_access_type_id`)
    REFERENCES `FIPOP`.`sioc_container_access_type` (`id`)
    ON DELETE CASCADE
    ON UPDATE NO ACTION,
  CONSTRAINT `fk_sioc_container_access_type_translation_language1`
    FOREIGN KEY (`language_id`)
    REFERENCES `FIPOP`.`language` (`id`)
    ON DELETE NO ACTION
    ON UPDATE NO ACTION)
ENGINE = InnoDB;

CREATE INDEX `fk_sioc_container_access_type_translation_sioc_container_a1_idx` ON `FIPOP`.`sioc_container_access_type_translation` (`sioc_container_access_type_id` ASC);

CREATE INDEX `fk_sioc_container_access_type_translation_language1_idx` ON `FIPOP`.`sioc_container_access_type_translation` (`language_id` ASC);


-- -----------------------------------------------------
-- Table `FIPOP`.`sioc_container_has_role_in_area`
-- -----------------------------------------------------
CREATE TABLE IF NOT EXISTS `FIPOP`.`sioc_container_has_role_in_area` (
  `sioc_container_id` INT NOT NULL,
  `role_id` INT NOT NULL,
  `sioc_container_permission_area_id` INT NOT NULL,
  PRIMARY KEY (`sioc_container_id`, `role_id`),
  CONSTRAINT `fk_sioc_container_has_role_in_area_sioc_container1`
    FOREIGN KEY (`sioc_container_id`)
    REFERENCES `FIPOP`.`sioc_container` (`id`)
    ON DELETE NO ACTION
    ON UPDATE NO ACTION,
  CONSTRAINT `fk_sioc_container_has_role_in_area_role1`
    FOREIGN KEY (`role_id`)
    REFERENCES `FIPOP`.`role` (`id`)
    ON DELETE NO ACTION
    ON UPDATE NO ACTION,
  CONSTRAINT `fk_sioc_container_has_role_in_area_sioc_container_permission_a1`
    FOREIGN KEY (`sioc_container_permission_area_id`)
    REFERENCES `FIPOP`.`sioc_container_permission_area` (`id`)
    ON DELETE NO ACTION
    ON UPDATE NO ACTION)
ENGINE = InnoDB;

CREATE INDEX `fk_sioc_container_has_role_in_area_sioc_container1_idx` ON `FIPOP`.`sioc_container_has_role_in_area` (`sioc_container_id` ASC);

CREATE INDEX `fk_sioc_container_has_role_in_area_role1_idx` ON `FIPOP`.`sioc_container_has_role_in_area` (`role_id` ASC);

CREATE INDEX `fk_sioc_container_has_role_in_area_sioc_container_permissi1_idx` ON `FIPOP`.`sioc_container_has_role_in_area` (`sioc_container_permission_area_id` ASC);


-- -----------------------------------------------------
-- Table `FIPOP`.`sioc_container_has_sioc_user_account`
-- -----------------------------------------------------
CREATE TABLE IF NOT EXISTS `FIPOP`.`sioc_container_has_sioc_user_account` (
  `sioc_container_id` INT NOT NULL,
  `sioc_user_account_id` INT NOT NULL,
  `role_id` INT NOT NULL,
  PRIMARY KEY (`sioc_container_id`, `sioc_user_account_id`),
  CONSTRAINT `fk_sioc_container_has_sioc_user_account_sioc_container1`
    FOREIGN KEY (`sioc_container_id`)
    REFERENCES `FIPOP`.`sioc_container` (`id`)
    ON DELETE NO ACTION
    ON UPDATE NO ACTION,
  CONSTRAINT `fk_sioc_container_has_sioc_user_account_sioc_user_account1`
    FOREIGN KEY (`sioc_user_account_id`)
    REFERENCES `FIPOP`.`sioc_user_account` (`id`)
    ON DELETE NO ACTION
    ON UPDATE NO ACTION,
  CONSTRAINT `fk_sioc_container_has_sioc_user_account_role1`
    FOREIGN KEY (`role_id`)
    REFERENCES `FIPOP`.`role` (`id`)
    ON DELETE NO ACTION
    ON UPDATE NO ACTION)
ENGINE = InnoDB;

CREATE INDEX `fk_sioc_container_has_sioc_user_account_sioc_user_account1_idx` ON `FIPOP`.`sioc_container_has_sioc_user_account` (`sioc_user_account_id` ASC);

CREATE INDEX `fk_sioc_container_has_sioc_user_account_sioc_container1_idx` ON `FIPOP`.`sioc_container_has_sioc_user_account` (`sioc_container_id` ASC);

CREATE INDEX `fk_sioc_container_has_sioc_user_account_role1_idx` ON `FIPOP`.`sioc_container_has_sioc_user_account` (`role_id` ASC);


-- -----------------------------------------------------
-- Table `FIPOP`.`sioc_container_permission_area`
-- -----------------------------------------------------
CREATE TABLE IF NOT EXISTS `FIPOP`.`sioc_container_permission_area` (
  `id` INT NOT NULL AUTO_INCREMENT,
  PRIMARY KEY (`id`))
ENGINE = InnoDB;


-- -----------------------------------------------------
-- Table `FIPOP`.`sioc_container_permission_area_translation`
-- -----------------------------------------------------
CREATE TABLE IF NOT EXISTS `FIPOP`.`sioc_container_permission_area_translation` (
  `id` INT NOT NULL AUTO_INCREMENT,
  `sioc_container_permission_area_id` INT NOT NULL,
  `language_id` INT NOT NULL,
  `type` VARCHAR(45) NOT NULL,
  PRIMARY KEY (`id`),
  CONSTRAINT `fk_sioc_container_permission_area_translation_sioc_container_p1`
    FOREIGN KEY (`sioc_container_permission_area_id`)
    REFERENCES `FIPOP`.`sioc_container_permission_area` (`id`)
    ON DELETE CASCADE
    ON UPDATE NO ACTION,
  CONSTRAINT `fk_sioc_container_permission_area_translation_language1`
    FOREIGN KEY (`language_id`)
    REFERENCES `FIPOP`.`language` (`id`)
    ON DELETE NO ACTION
    ON UPDATE NO ACTION)
ENGINE = InnoDB;

CREATE INDEX `fk_sioc_container_permission_area_translation_sioc_contain1_idx` ON `FIPOP`.`sioc_container_permission_area_translation` (`sioc_container_permission_area_id` ASC);

CREATE INDEX `fk_sioc_container_permission_area_translation_language1_idx` ON `FIPOP`.`sioc_container_permission_area_translation` (`language_id` ASC);


-- -----------------------------------------------------
-- Table `FIPOP`.`sioc_container_type`
-- -----------------------------------------------------
CREATE TABLE IF NOT EXISTS `FIPOP`.`sioc_container_type` (
  `ID` INT NOT NULL AUTO_INCREMENT,
  PRIMARY KEY (`ID`))
ENGINE = InnoDB;


-- -----------------------------------------------------
-- Table `FIPOP`.`sioc_container_type_translation`
-- -----------------------------------------------------
CREATE TABLE IF NOT EXISTS `FIPOP`.`sioc_container_type_translation` (
  `id` INT NOT NULL AUTO_INCREMENT,
  `sioc_container_type_id` INT NOT NULL,
  `language_id` INT NOT NULL,
  `type` VARCHAR(45) NOT NULL,
  PRIMARY KEY (`id`),
  CONSTRAINT `fk_sioc_container_type_translation_sioc_container_type1`
    FOREIGN KEY (`sioc_container_type_id`)
    REFERENCES `FIPOP`.`sioc_container_type` (`ID`)
    ON DELETE CASCADE
    ON UPDATE NO ACTION,
  CONSTRAINT `fk_sioc_container_type_translation_language1`
    FOREIGN KEY (`language_id`)
    REFERENCES `FIPOP`.`language` (`id`)
    ON DELETE NO ACTION
    ON UPDATE NO ACTION)
ENGINE = InnoDB;

CREATE INDEX `fk_sioc_container_type_translation_sioc_container_type1_idx` ON `FIPOP`.`sioc_container_type_translation` (`sioc_container_type_id` ASC);

CREATE INDEX `fk_sioc_container_type_translation_language1_idx` ON `FIPOP`.`sioc_container_type_translation` (`language_id` ASC);


-- -----------------------------------------------------
-- Table `FIPOP`.`sioc_item`
-- -----------------------------------------------------
CREATE TABLE IF NOT EXISTS `FIPOP`.`sioc_item` (
  `id` INT NOT NULL AUTO_INCREMENT,
  `sioc_container_id` INT NOT NULL,
  `content_medium_document_medium_id` INT NOT NULL,
  `backup_screenshot_medium_image_medium_id` INT NULL,
  `created_by_sioc_user_account_id` INT NULL,
  `edited_by_sioc_user_account_id` INT NULL,
  `sibling_sioc_item_id` INT NULL,
  `later_version_sioc_item_id` INT NULL,
  `reply_to_sioc_item_id` INT NULL,
  `language_id` INT NULL,
  `created_by_ip` VARCHAR(45) NULL,
  `created_at` TIMESTAMP NOT NULL DEFAULT CURRENT_TIMESTAMP,
  `edited_at` TIMESTAMP NULL,
  `edit_nNote` VARCHAR(45) NULL,
  `deleted_at` VARCHAR(45) NULL,
  `url` VARCHAR(45) NULL,
  `respond_to` VARCHAR(45) NULL,
  `addressed_to` VARCHAR(45) NULL,
  `number_of_views` INT NULL,
  PRIMARY KEY (`id`),
  CONSTRAINT `fk_sioc_item_sioc_container1`
    FOREIGN KEY (`sioc_container_id`)
    REFERENCES `FIPOP`.`sioc_container` (`id`)
    ON DELETE NO ACTION
    ON UPDATE NO ACTION,
  CONSTRAINT `fk_sioc_item_sioc_user_account1`
    FOREIGN KEY (`created_by_sioc_user_account_id`)
    REFERENCES `FIPOP`.`sioc_user_account` (`id`)
    ON DELETE NO ACTION
    ON UPDATE NO ACTION,
  CONSTRAINT `fk_sioc_item_sioc_user_account2`
    FOREIGN KEY (`edited_by_sioc_user_account_id`)
    REFERENCES `FIPOP`.`sioc_user_account` (`id`)
    ON DELETE NO ACTION
    ON UPDATE NO ACTION,
  CONSTRAINT `fk_sioc_item_sioc_item1`
    FOREIGN KEY (`reply_to_sioc_item_id`)
    REFERENCES `FIPOP`.`sioc_item` (`id`)
    ON DELETE NO ACTION
    ON UPDATE NO ACTION,
  CONSTRAINT `fk_sioc_item_sioc_item2`
    FOREIGN KEY (`later_version_sioc_item_id`)
    REFERENCES `FIPOP`.`sioc_item` (`id`)
    ON DELETE NO ACTION
    ON UPDATE NO ACTION,
  CONSTRAINT `fk_sioc_item_sioc_item3`
    FOREIGN KEY (`sibling_sioc_item_id`)
    REFERENCES `FIPOP`.`sioc_item` (`id`)
    ON DELETE NO ACTION
    ON UPDATE NO ACTION,
  CONSTRAINT `fk_sioc_item_medium_document1`
    FOREIGN KEY (`content_medium_document_medium_id`)
    REFERENCES `FIPOP`.`medium_document` (`medium_id`)
    ON DELETE NO ACTION
    ON UPDATE NO ACTION,
  CONSTRAINT `fk_sioc_item_medium_image1`
    FOREIGN KEY (`backup_screenshot_medium_image_medium_id`)
    REFERENCES `FIPOP`.`medium_image` (`medium_id`)
    ON DELETE NO ACTION
    ON UPDATE NO ACTION,
  CONSTRAINT `fk_sioc_item_language1`
    FOREIGN KEY (`language_id`)
    REFERENCES `FIPOP`.`language` (`id`)
    ON DELETE NO ACTION
    ON UPDATE NO ACTION)
ENGINE = InnoDB;

CREATE INDEX `fk_sioc_item_sioc_container1_idx` ON `FIPOP`.`sioc_item` (`sioc_container_id` ASC);

CREATE INDEX `fk_sioc_item_sioc_user_account1_idx` ON `FIPOP`.`sioc_item` (`created_by_sioc_user_account_id` ASC);

CREATE INDEX `fk_sioc_item_sioc_user_account2_idx` ON `FIPOP`.`sioc_item` (`edited_by_sioc_user_account_id` ASC);

CREATE INDEX `fk_sioc_item_sioc_item1_idx` ON `FIPOP`.`sioc_item` (`reply_to_sioc_item_id` ASC);

CREATE INDEX `fk_sioc_item_sioc_item2_idx` ON `FIPOP`.`sioc_item` (`later_version_sioc_item_id` ASC);

CREATE INDEX `fk_sioc_item_sioc_item3_idx` ON `FIPOP`.`sioc_item` (`sibling_sioc_item_id` ASC);

CREATE INDEX `fk_sioc_item_medium_document1_idx` ON `FIPOP`.`sioc_item` (`content_medium_document_medium_id` ASC);

CREATE INDEX `fk_sioc_item_medium_image1_idx` ON `FIPOP`.`sioc_item` (`backup_screenshot_medium_image_medium_id` ASC);

CREATE INDEX `fk_sioc_item_language1_idx` ON `FIPOP`.`sioc_item` (`language_id` ASC);


-- -----------------------------------------------------
-- Table `FIPOP`.`sioc_item_has_attached_medium`
-- -----------------------------------------------------
CREATE TABLE IF NOT EXISTS `FIPOP`.`sioc_item_has_attached_medium` (
  `sioc_item_id` INT NOT NULL,
  `medium_id` INT NOT NULL,
  PRIMARY KEY (`sioc_item_id`, `medium_id`),
  CONSTRAINT `fk_sioc_item_has_attached_medium_sioc_item1`
    FOREIGN KEY (`sioc_item_id`)
    REFERENCES `FIPOP`.`sioc_item` (`id`)
    ON DELETE NO ACTION
    ON UPDATE NO ACTION,
  CONSTRAINT `fk_sioc_item_has_attached_medium_medium1`
    FOREIGN KEY (`medium_id`)
    REFERENCES `FIPOP`.`medium` (`id`)
    ON DELETE NO ACTION
    ON UPDATE NO ACTION)
ENGINE = InnoDB;

CREATE INDEX `fk_sioc_item_has_attached_medium_medium1_idx` ON `FIPOP`.`sioc_item_has_attached_medium` (`medium_id` ASC);

CREATE INDEX `fk_sioc_item_has_attached_medium_sioc_item1_idx` ON `FIPOP`.`sioc_item_has_attached_medium` (`sioc_item_id` ASC);


-- -----------------------------------------------------
-- Table `FIPOP`.`sioc_item_has_hashtag`
-- -----------------------------------------------------
CREATE TABLE IF NOT EXISTS `FIPOP`.`sioc_item_has_hashtag` (
  `sioc_item_id` INT NOT NULL,
  `hashtag_id` INT NOT NULL,
  PRIMARY KEY (`sioc_item_id`, `hashtag_id`),
  CONSTRAINT `fk_sioc_item_has_hashtag_sioc_item1`
    FOREIGN KEY (`sioc_item_id`)
    REFERENCES `FIPOP`.`sioc_item` (`id`)
    ON DELETE NO ACTION
    ON UPDATE NO ACTION,
  CONSTRAINT `fk_sioc_item_has_hashtag_hashtag1`
    FOREIGN KEY (`hashtag_id`)
    REFERENCES `FIPOP`.`hashtag` (`id`)
    ON DELETE NO ACTION
    ON UPDATE NO ACTION)
ENGINE = InnoDB;

CREATE INDEX `fk_sioc_item_has_hashtag_hashtag1_idx` ON `FIPOP`.`sioc_item_has_hashtag` (`hashtag_id` ASC);

CREATE INDEX `fk_sioc_item_has_hashtag_sioc_item1_idx` ON `FIPOP`.`sioc_item_has_hashtag` (`sioc_item_id` ASC);


-- -----------------------------------------------------
-- Table `FIPOP`.`sioc_item_has_sioc_item_posting_type`
-- -----------------------------------------------------
CREATE TABLE IF NOT EXISTS `FIPOP`.`sioc_item_has_sioc_item_posting_type` (
  `sioc_item_id` INT NOT NULL,
  `sioc_item_posting_type_id` INT NOT NULL,
  PRIMARY KEY (`sioc_item_id`, `sioc_item_posting_type_id`),
  CONSTRAINT `fk_sioc_item_has_sioc_item_posting_type_sioc_item1`
    FOREIGN KEY (`sioc_item_id`)
    REFERENCES `FIPOP`.`sioc_item` (`id`)
    ON DELETE NO ACTION
    ON UPDATE NO ACTION,
  CONSTRAINT `fk_sioc_item_has_sioc_item_posting_type_sioc_item_posting_type1`
    FOREIGN KEY (`sioc_item_posting_type_id`)
    REFERENCES `FIPOP`.`sioc_item_posting_type` (`id`)
    ON DELETE NO ACTION
    ON UPDATE NO ACTION)
ENGINE = InnoDB;

CREATE INDEX `fk_sioc_item_has_sioc_item_posting_type_sioc_item_posting_t1_idx` ON `FIPOP`.`sioc_item_has_sioc_item_posting_type` (`sioc_item_posting_type_id` ASC);

CREATE INDEX `fk_sioc_item_has_sioc_item_posting_type_sioc_item1_idx` ON `FIPOP`.`sioc_item_has_sioc_item_posting_type` (`sioc_item_id` ASC);


-- -----------------------------------------------------
-- Table `FIPOP`.`sioc_item_has_sioc_reaction`
-- -----------------------------------------------------
CREATE TABLE IF NOT EXISTS `FIPOP`.`sioc_item_has_sioc_reaction` (
  `sioc_item_id` INT NOT NULL,
  `sioc_reaction_id` INT NOT NULL,
  `amount` INT NOT NULL,
  PRIMARY KEY (`sioc_item_id`, `sioc_reaction_id`),
  CONSTRAINT `fk_sioc_item_has_sioc_reaction_sioc_item1`
    FOREIGN KEY (`sioc_item_id`)
    REFERENCES `FIPOP`.`sioc_item` (`id`)
    ON DELETE NO ACTION
    ON UPDATE NO ACTION,
  CONSTRAINT `fk_sioc_item_has_sioc_reaction_sioc_reaction1`
    FOREIGN KEY (`sioc_reaction_id`)
    REFERENCES `FIPOP`.`sioc_reaction` (`id`)
    ON DELETE NO ACTION
    ON UPDATE NO ACTION)
ENGINE = InnoDB;

CREATE INDEX `fk_sioc_item_has_sioc_reaction_sioc_reaction1_idx` ON `FIPOP`.`sioc_item_has_sioc_reaction` (`sioc_reaction_id` ASC);

CREATE INDEX `fk_sioc_item_has_sioc_reaction_sioc_item1_idx` ON `FIPOP`.`sioc_item_has_sioc_reaction` (`sioc_item_id` ASC);


-- -----------------------------------------------------
-- Table `FIPOP`.`sioc_item_mentions_sioc_user_account`
-- -----------------------------------------------------
CREATE TABLE IF NOT EXISTS `FIPOP`.`sioc_item_mentions_sioc_user_account` (
  `sioc_item_id` INT NOT NULL,
  `sioc_user_account_id` INT NOT NULL,
  PRIMARY KEY (`sioc_item_id`, `sioc_user_account_id`),
  CONSTRAINT `fk_sioc_item_mentions_sioc_user_account_sioc_item1`
    FOREIGN KEY (`sioc_item_id`)
    REFERENCES `FIPOP`.`sioc_item` (`id`)
    ON DELETE NO ACTION
    ON UPDATE NO ACTION,
  CONSTRAINT `fk_sioc_item_mentions_sioc_user_account_sioc_user_Account1`
    FOREIGN KEY (`sioc_user_account_id`)
    REFERENCES `FIPOP`.`sioc_user_account` (`id`)
    ON DELETE NO ACTION
    ON UPDATE NO ACTION)
ENGINE = InnoDB;

CREATE INDEX `fk_sioc_item_mentions_sioc_user_account_sioc_user_account1_idx` ON `FIPOP`.`sioc_item_mentions_sioc_user_account` (`sioc_user_account_id` ASC);

CREATE INDEX `fk_sioc_item_mentions_sioc_user_account_sioc_item1_idx` ON `FIPOP`.`sioc_item_mentions_sioc_user_account` (`sioc_item_id` ASC);


-- -----------------------------------------------------
-- Table `FIPOP`.`sioc_item_posting_type`
-- -----------------------------------------------------
CREATE TABLE IF NOT EXISTS `FIPOP`.`sioc_item_posting_type` (
  `id` INT NOT NULL AUTO_INCREMENT,
  PRIMARY KEY (`id`))
ENGINE = InnoDB;


-- -----------------------------------------------------
-- Table `FIPOP`.`sioc_item_posting_type_translation`
-- -----------------------------------------------------
CREATE TABLE IF NOT EXISTS `FIPOP`.`sioc_item_posting_type_translation` (
  `id` INT NOT NULL AUTO_INCREMENT,
  `sioc_item_posting_type_id` INT NOT NULL,
  `language_id` INT NOT NULL,
  `type` VARCHAR(45) NOT NULL,
  PRIMARY KEY (`id`),
  CONSTRAINT `fk_sioc_item_posting_type_sioc_item_posting_type1`
    FOREIGN KEY (`sioc_item_posting_type_id`)
    REFERENCES `FIPOP`.`sioc_item_posting_type` (`id`)
    ON DELETE CASCADE
    ON UPDATE NO ACTION,
  CONSTRAINT `fk_sioc_item_posting_type_language1`
    FOREIGN KEY (`language_id`)
    REFERENCES `FIPOP`.`language` (`id`)
    ON DELETE NO ACTION
    ON UPDATE NO ACTION)
ENGINE = InnoDB;

CREATE INDEX `fk_sioc_item_posting_type_sioc_item_posting_type1_idx` ON `FIPOP`.`sioc_item_posting_type_translation` (`sioc_item_posting_type_id` ASC);

CREATE INDEX `fk_sioc_item_posting_type_language1_idx` ON `FIPOP`.`sioc_item_posting_type_translation` (`language_id` ASC);


-- -----------------------------------------------------
-- Table `FIPOP`.`sioc_reaction`
-- -----------------------------------------------------
CREATE TABLE IF NOT EXISTS `FIPOP`.`sioc_reaction` (
  `id` INT NOT NULL AUTO_INCREMENT,
  PRIMARY KEY (`id`))
ENGINE = InnoDB;


-- -----------------------------------------------------
-- Table `FIPOP`.`sioc_reaction_translation`
-- -----------------------------------------------------
CREATE TABLE IF NOT EXISTS `FIPOP`.`sioc_reaction_translation` (
  `id` INT NOT NULL AUTO_INCREMENT,
  `sioc_reaction_id` INT NOT NULL,
  `language_id` INT NOT NULL,
  `type` VARCHAR(45) NOT NULL,
  PRIMARY KEY (`id`),
  CONSTRAINT `fk_sioc_reaction_translation_sioc_reaction1`
    FOREIGN KEY (`sioc_reaction_id`)
    REFERENCES `FIPOP`.`sioc_reaction` (`id`)
    ON DELETE CASCADE
    ON UPDATE NO ACTION,
  CONSTRAINT `fk_sioc_reaction_translation_language1`
    FOREIGN KEY (`language_id`)
    REFERENCES `FIPOP`.`language` (`id`)
    ON DELETE NO ACTION
    ON UPDATE NO ACTION)
ENGINE = InnoDB;

CREATE INDEX `fk_sioc_reaction_translation_sioc_reaction1_idx` ON `FIPOP`.`sioc_reaction_translation` (`sioc_reaction_id` ASC);

CREATE INDEX `fk_sioc_reaction_translation_language1_idx` ON `FIPOP`.`sioc_reaction_translation` (`language_id` ASC);


-- -----------------------------------------------------
-- Table `FIPOP`.`sioc_site`
-- -----------------------------------------------------
CREATE TABLE IF NOT EXISTS `FIPOP`.`sioc_site` (
  `id` INT NOT NULL AUTO_INCREMENT,
  `sioc_site_type_id` INT NOT NULL,
  `name` VARCHAR(45) NOT NULL,
  PRIMARY KEY (`id`),
  CONSTRAINT `fk_sioc_site_sioc_site_type1`
    FOREIGN KEY (`sioc_site_type_id`)
    REFERENCES `FIPOP`.`sioc_site_type` (`id`)
    ON DELETE NO ACTION
    ON UPDATE NO ACTION)
ENGINE = InnoDB;

CREATE INDEX `fk_sioc_site_sioc_site_type1_idx` ON `FIPOP`.`sioc_site` (`sioc_site_type_id` ASC);


-- -----------------------------------------------------
-- Table `FIPOP`.`sioc_site_has_sioc_user_account`
-- -----------------------------------------------------
CREATE TABLE IF NOT EXISTS `FIPOP`.`sioc_site_has_sioc_user_account` (
  `sioc_site_id` INT NOT NULL,
  `sioc_user_account_id` INT NOT NULL,
  `role_id` INT NOT NULL,
  PRIMARY KEY (`sioc_site_id`, `sioc_user_account_id`),
  CONSTRAINT `fk_sioc_site_has_sioc_user_account_sioc_user_account1`
    FOREIGN KEY (`sioc_user_account_id`)
    REFERENCES `FIPOP`.`sioc_user_account` (`id`)
    ON DELETE NO ACTION
    ON UPDATE NO ACTION,
  CONSTRAINT `fk_sioc_site_has_sioc_user_account_sioc_site1`
    FOREIGN KEY (`sioc_site_id`)
    REFERENCES `FIPOP`.`sioc_site` (`id`)
    ON DELETE NO ACTION
    ON UPDATE NO ACTION,
  CONSTRAINT `fk_sioc_site_has_sioc_user_account_role1`
    FOREIGN KEY (`role_id`)
    REFERENCES `FIPOP`.`role` (`id`)
    ON DELETE NO ACTION
    ON UPDATE NO ACTION)
ENGINE = InnoDB;

CREATE INDEX `fk_sioc_site_has_sioc_user_account_sioc_user_account1_idx` ON `FIPOP`.`sioc_site_has_sioc_user_account` (`sioc_user_account_id` ASC);

CREATE INDEX `fk_sioc_site_has_sioc_user_account_sioc_site1_idx` ON `FIPOP`.`sioc_site_has_sioc_user_account` (`sioc_site_id` ASC);

CREATE INDEX `fk_sioc_site_has_sioc_user_account_role1_idx` ON `FIPOP`.`sioc_site_has_sioc_user_account` (`role_id` ASC);


-- -----------------------------------------------------
-- Table `FIPOP`.`sioc_site_type`
-- -----------------------------------------------------
CREATE TABLE IF NOT EXISTS `FIPOP`.`sioc_site_type` (
  `id` INT NOT NULL AUTO_INCREMENT,
  PRIMARY KEY (`id`))
ENGINE = InnoDB;


-- -----------------------------------------------------
-- Table `FIPOP`.`sioc_site_type_translation`
-- -----------------------------------------------------
CREATE TABLE IF NOT EXISTS `FIPOP`.`sioc_site_type_translation` (
  `id` INT NOT NULL AUTO_INCREMENT,
  `sioc_site_type_id` INT NOT NULL,
  `language_id` INT NOT NULL,
  `type` VARCHAR(45) NOT NULL,
  PRIMARY KEY (`id`),
  CONSTRAINT `fk_sioc_site_type_sioc_site_type1`
    FOREIGN KEY (`sioc_site_type_id`)
    REFERENCES `FIPOP`.`sioc_site_type` (`id`)
    ON DELETE CASCADE
    ON UPDATE NO ACTION,
  CONSTRAINT `fk_sioc_site_type_language1`
    FOREIGN KEY (`language_id`)
    REFERENCES `FIPOP`.`language` (`id`)
    ON DELETE NO ACTION
    ON UPDATE NO ACTION)
ENGINE = InnoDB;

CREATE INDEX `fk_sioc_site_type_sioc_site_type1_idx` ON `FIPOP`.`sioc_site_type_translation` (`sioc_site_type_id` ASC);

CREATE INDEX `fk_sioc_site_type_language1_idx` ON `FIPOP`.`sioc_site_type_translation` (`language_id` ASC);


-- -----------------------------------------------------
-- Table `FIPOP`.`sioc_user_account`
-- -----------------------------------------------------
CREATE TABLE IF NOT EXISTS `FIPOP`.`sioc_user_account` (
  `id` INT NOT NULL AUTO_INCREMENT,
  `sioc_site_id` INT NOT NULL,
  `account_of_actor_id` INT NULL,
  `sioc_user_account_privacy_setting_id` INT NULL,
  `profile_picture_medium_image_medium_id` INT NULL,
  `header_photo_medium_image_medium_id` INT NULL,
  `email_address_id` INT NULL,
  `email_sha1` VARCHAR(45) NULL,
  `account_name` VARCHAR(45) NULL,
  `user_name` VARCHAR(45) NULL,
  `user_profile_url` VARCHAR(45) NULL,
  `last_activity` DATETIME NULL,
  `created_at` TIMESTAMP NULL DEFAULT CURRENT_TIMESTAMP,
  `date_of_birth` DATE NULL,
  `education` VARCHAR(45) NULL,
  `location` VARCHAR(45) NULL,
  `about` VARCHAR(45) NULL,
  `relationship_status` VARCHAR(45) NULL,
  `number_of_friends` INT NULL,
  `signature` VARCHAR(45) NULL,
  PRIMARY KEY (`id`),
  CONSTRAINT `fk_sioc_user_account_medium_image1`
    FOREIGN KEY (`header_photo_medium_image_medium_id`)
    REFERENCES `FIPOP`.`medium_image` (`medium_id`)
    ON DELETE NO ACTION
    ON UPDATE NO ACTION,
  CONSTRAINT `fk_sioc_user_account_email_address1`
    FOREIGN KEY (`email_address_id`)
    REFERENCES `FIPOP`.`email_address` (`id`)
    ON DELETE NO ACTION
    ON UPDATE NO ACTION,
  CONSTRAINT `fk_sioc_user_account_medium_image2`
    FOREIGN KEY (`profile_picture_medium_image_medium_id`)
    REFERENCES `FIPOP`.`medium_image` (`medium_id`)
    ON DELETE NO ACTION
    ON UPDATE NO ACTION,
  CONSTRAINT `fk_sioc_user_account_actor1`
    FOREIGN KEY (`account_of_actor_id`)
    REFERENCES `FIPOP`.`actor` (`id`)
    ON DELETE NO ACTION
    ON UPDATE NO ACTION,
  CONSTRAINT `fk_sioc_user_account_account_privacy_setting1`
    FOREIGN KEY (`sioc_user_account_privacy_setting_id`)
    REFERENCES `FIPOP`.`sioc_user_account_privacy_setting` (`id`)
    ON DELETE NO ACTION
    ON UPDATE NO ACTION,
  CONSTRAINT `fk_sioc_user_account_sioc_site1`
    FOREIGN KEY (`sioc_site_id`)
    REFERENCES `FIPOP`.`sioc_site` (`id`)
    ON DELETE NO ACTION
    ON UPDATE NO ACTION)
ENGINE = InnoDB;

CREATE INDEX `fk_sioc_user_account_medium_image1_idx` ON `FIPOP`.`sioc_user_account` (`header_photo_medium_image_medium_id` ASC);

CREATE INDEX `fk_sioc_user_account_email_address1_idx` ON `FIPOP`.`sioc_user_account` (`email_address_id` ASC);

CREATE INDEX `fk_sioc_user_account_medium_image2_idx` ON `FIPOP`.`sioc_user_account` (`profile_picture_medium_image_medium_id` ASC);

CREATE INDEX `fk_sioc_user_account_actor1_idx` ON `FIPOP`.`sioc_user_account` (`account_of_actor_id` ASC);

CREATE INDEX `fk_sioc_user_account_account_privacy_setting1_idx` ON `FIPOP`.`sioc_user_account` (`sioc_user_account_privacy_setting_id` ASC);

CREATE INDEX `fk_sioc_user_account_sioc_site1_idx` ON `FIPOP`.`sioc_user_account` (`sioc_site_id` ASC);


-- -----------------------------------------------------
-- Table `FIPOP`.`sioc_user_account_follows_sioc_user_account`
-- -----------------------------------------------------
CREATE TABLE IF NOT EXISTS `FIPOP`.`sioc_user_account_follows_sioc_user_account` (
  `sioc_user_account_id` INT NOT NULL,
  `follows_sioc_user_account_id` INT NOT NULL,
  PRIMARY KEY (`sioc_user_account_id`, `follows_sioc_user_account_id`),
  CONSTRAINT `fk_sioc_user_account_follows_sioc_user_account_sioc_user_accou1`
    FOREIGN KEY (`sioc_user_account_id`)
    REFERENCES `FIPOP`.`sioc_user_account` (`id`)
    ON DELETE NO ACTION
    ON UPDATE NO ACTION,
  CONSTRAINT `fk_sioc_user_account_follows_sioc_user_account_sioc_user_accou2`
    FOREIGN KEY (`follows_sioc_user_account_id`)
    REFERENCES `FIPOP`.`sioc_user_account` (`id`)
    ON DELETE NO ACTION
    ON UPDATE NO ACTION)
ENGINE = InnoDB;

CREATE INDEX `fk_sioc_user_account_follows_sioc_user_account_sioc_user_a2_idx` ON `FIPOP`.`sioc_user_account_follows_sioc_user_account` (`follows_sioc_user_account_id` ASC);

CREATE INDEX `fk_sioc_user_account_follows_sioc_user_account_sioc_user_a1_idx` ON `FIPOP`.`sioc_user_account_follows_sioc_user_account` (`sioc_user_account_id` ASC);


-- -----------------------------------------------------
-- Table `FIPOP`.`sioc_user_account_privacy_setting`
-- -----------------------------------------------------
CREATE TABLE IF NOT EXISTS `FIPOP`.`sioc_user_account_privacy_setting` (
  `id` INT NOT NULL AUTO_INCREMENT,
  PRIMARY KEY (`id`))
ENGINE = InnoDB;


-- -----------------------------------------------------
-- Table `FIPOP`.`sioc_user_account_privacy_setting_translation`
-- -----------------------------------------------------
CREATE TABLE IF NOT EXISTS `FIPOP`.`sioc_user_account_privacy_setting_translation` (
  `id` INT NOT NULL AUTO_INCREMENT,
  `sioc_user_account_privacy_setting_id` INT NOT NULL,
  `language_id` INT NOT NULL,
  `type` VARCHAR(45) NOT NULL,
  PRIMARY KEY (`id`),
  CONSTRAINT `fk_sioc_user_account_privacy_setting_sioc_user_account_privacy1`
    FOREIGN KEY (`sioc_user_account_privacy_setting_id`)
    REFERENCES `FIPOP`.`sioc_user_account_privacy_setting` (`id`)
    ON DELETE CASCADE
    ON UPDATE NO ACTION,
  CONSTRAINT `fk_sioc_user_account_privacy_setting_language1`
    FOREIGN KEY (`language_id`)
    REFERENCES `FIPOP`.`language` (`id`)
    ON DELETE NO ACTION
    ON UPDATE NO ACTION)
ENGINE = InnoDB;

CREATE INDEX `fk_sioc_user_account_privacy_setting_sioc_user_account_pri1_idx` ON `FIPOP`.`sioc_user_account_privacy_setting_translation` (`sioc_user_account_privacy_setting_id` ASC);

CREATE INDEX `fk_sioc_user_account_privacy_setting_language1_idx` ON `FIPOP`.`sioc_user_account_privacy_setting_translation` (`language_id` ASC);


-- -----------------------------------------------------
-- Table `FIPOP`.`sioc_user_account_subscribes_to_video_gallery`
-- -----------------------------------------------------
CREATE TABLE IF NOT EXISTS `FIPOP`.`sioc_user_account_subscribes_to_video_gallery` (
  `sioc_user_account_id` INT NOT NULL,
  `video_gallery_id` INT NOT NULL,
  PRIMARY KEY (`sioc_user_account_id`, `video_gallery_id`),
  CONSTRAINT `fk_sioc_user_account_subscribes_to_video_gallery_sioc_user_acco1`
    FOREIGN KEY (`sioc_user_account_id`)
    REFERENCES `FIPOP`.`sioc_user_account` (`id`)
    ON DELETE NO ACTION
    ON UPDATE NO ACTION,
  CONSTRAINT `fk_sioc_user_account_subscribes_to_video_gallery_video_gallery1`
    FOREIGN KEY (`video_gallery_id`)
    REFERENCES `FIPOP`.`video_gallery` (`id`)
    ON DELETE NO ACTION
    ON UPDATE NO ACTION)
ENGINE = InnoDB;

CREATE INDEX `fk_sioc_user_account_subscribes_to_video_gallery_video_gall1_idx` ON `FIPOP`.`sioc_user_account_subscribes_to_video_gallery` (`video_gallery_id` ASC);

CREATE INDEX `fk_sioc_user_account_subscribes_to_video_gallery_sioc_user1_idx` ON `FIPOP`.`sioc_user_account_subscribes_to_video_gallery` (`sioc_user_account_id` ASC);


-- -----------------------------------------------------
-- Table `FIPOP`.`song_structure`
-- -----------------------------------------------------
CREATE TABLE IF NOT EXISTS `FIPOP`.`song_structure` (
  `id` INT NOT NULL AUTO_INCREMENT,
  PRIMARY KEY (`id`))
ENGINE = InnoDB;


-- -----------------------------------------------------
-- Table `FIPOP`.`song_structure_element`
-- -----------------------------------------------------
CREATE TABLE IF NOT EXISTS `FIPOP`.`song_structure_element` (
  `id` INT NOT NULL AUTO_INCREMENT,
  `order` BIT NOT NULL,
  PRIMARY KEY (`id`))
ENGINE = InnoDB;


-- -----------------------------------------------------
-- Table `FIPOP`.`song_structure_element_translation`
-- -----------------------------------------------------
CREATE TABLE IF NOT EXISTS `FIPOP`.`song_structure_element_translation` (
  `id` INT NOT NULL AUTO_INCREMENT,
  `song_structure_element_id` INT NOT NULL,
  `language_id` INT NOT NULL,
  `type` VARCHAR(45) NOT NULL,
  PRIMARY KEY (`id`),
  CONSTRAINT `fk_song_structure_element_translation_song_structure_element1`
    FOREIGN KEY (`song_structure_element_id`)
    REFERENCES `FIPOP`.`song_structure_element` (`id`)
    ON DELETE CASCADE
    ON UPDATE NO ACTION,
  CONSTRAINT `fk_song_structure_element_translation_language1`
    FOREIGN KEY (`language_id`)
    REFERENCES `FIPOP`.`language` (`id`)
    ON DELETE NO ACTION
    ON UPDATE NO ACTION)
ENGINE = InnoDB;

CREATE INDEX `fk_song_structure_element_translation_song_structure_eleme1_idx` ON `FIPOP`.`song_structure_element_translation` (`song_structure_element_id` ASC);

CREATE INDEX `fk_song_structure_element_translation_language1_idx` ON `FIPOP`.`song_structure_element_translation` (`language_id` ASC);


-- -----------------------------------------------------
-- Table `FIPOP`.`song_structure_has_song_structure_element`
-- -----------------------------------------------------
CREATE TABLE IF NOT EXISTS `FIPOP`.`song_structure_has_song_structure_element` (
  `song_structure_id` INT NOT NULL,
  `song_structure_element_id` INT NOT NULL,
  PRIMARY KEY (`song_structure_id`, `song_structure_element_id`),
  CONSTRAINT `fk_song_structure_has_song_structure_element_song_structure1`
    FOREIGN KEY (`song_structure_id`)
    REFERENCES `FIPOP`.`song_structure` (`id`)
    ON DELETE NO ACTION
    ON UPDATE NO ACTION,
  CONSTRAINT `fk_song_structure_has_song_structure_element_song_structure_el1`
    FOREIGN KEY (`song_structure_element_id`)
    REFERENCES `FIPOP`.`song_structure_element` (`id`)
    ON DELETE NO ACTION
    ON UPDATE NO ACTION)
ENGINE = InnoDB;

CREATE INDEX `fk_song_structure_has_song_structure_element_song_structur1_idx` ON `FIPOP`.`song_structure_has_song_structure_element` (`song_structure_element_id` ASC);

CREATE INDEX `fk_song_structure_has_song_structure_element_song_structur2_idx` ON `FIPOP`.`song_structure_has_song_structure_element` (`song_structure_id` ASC);


-- -----------------------------------------------------
-- Table `FIPOP`.`sound_effect`
-- -----------------------------------------------------
CREATE TABLE IF NOT EXISTS `FIPOP`.`sound_effect` (
  `id` INT NOT NULL AUTO_INCREMENT,
  `sound_effect_type_id` INT NOT NULL,
  `sound_effect_subtype_id` INT NULL,
  PRIMARY KEY (`id`),
  CONSTRAINT `fk_sound_effect_sound_effect_type1`
    FOREIGN KEY (`sound_effect_type_id`)
    REFERENCES `FIPOP`.`sound_effect_type` (`id`)
    ON DELETE NO ACTION
    ON UPDATE NO ACTION,
  CONSTRAINT `fk_sound_effect_sound_effect_subtype1`
    FOREIGN KEY (`sound_effect_subtype_id`)
    REFERENCES `FIPOP`.`sound_effect_subtype` (`id`)
    ON DELETE NO ACTION
    ON UPDATE NO ACTION)
ENGINE = InnoDB;

CREATE INDEX `fk_sound_effect_sound_effect_type1_idx` ON `FIPOP`.`sound_effect` (`sound_effect_type_id` ASC);

CREATE INDEX `fk_sound_effect_sound_effect_subtype1_idx` ON `FIPOP`.`sound_effect` (`sound_effect_subtype_id` ASC);


-- -----------------------------------------------------
-- Table `FIPOP`.`sound_effect_descriptive`
-- -----------------------------------------------------
CREATE TABLE IF NOT EXISTS `FIPOP`.`sound_effect_descriptive` (
  `analysis_method_id` INT NOT NULL AUTO_INCREMENT,
  `answer_q1` TEXT NULL,
  `answer_q2` TEXT NULL,
  `answer_q3` TEXT NULL,
  `answer_q4` TEXT NULL,
  `answer_q5` TEXT NULL,
  `answer_q6` TEXT NULL,
  PRIMARY KEY (`analysis_method_id`),
  CONSTRAINT `fk_sound_effect_descriptive_analysis_method1`
    FOREIGN KEY (`analysis_method_id`)
    REFERENCES `FIPOP`.`analysis_method` (`id`)
    ON DELETE CASCADE
    ON UPDATE NO ACTION)
ENGINE = InnoDB;

CREATE INDEX `fk_sound_effect_descriptive_analysis_method1_idx` ON `FIPOP`.`sound_effect_descriptive` (`analysis_method_id` ASC);


-- -----------------------------------------------------
-- Table `FIPOP`.`sound_effect_subtype`
-- -----------------------------------------------------
CREATE TABLE IF NOT EXISTS `FIPOP`.`sound_effect_subtype` (
  `id` INT NOT NULL AUTO_INCREMENT,
  PRIMARY KEY (`id`))
ENGINE = InnoDB;


-- -----------------------------------------------------
-- Table `FIPOP`.`sound_effect_subtype_translation`
-- -----------------------------------------------------
CREATE TABLE IF NOT EXISTS `FIPOP`.`sound_effect_subtype_translation` (
  `id` INT NOT NULL AUTO_INCREMENT,
  `sound_effect_subtype_id` INT NOT NULL,
  `language_id` INT NOT NULL,
  `subtype` VARCHAR(45) NOT NULL,
  PRIMARY KEY (`id`),
  CONSTRAINT `fk_sound_effect_subtype_translation_sound_effect_subtype1`
    FOREIGN KEY (`sound_effect_subtype_id`)
    REFERENCES `FIPOP`.`sound_effect_subtype` (`id`)
    ON DELETE CASCADE
    ON UPDATE NO ACTION,
  CONSTRAINT `fk_sound_effect_subtype_translation_language1`
    FOREIGN KEY (`language_id`)
    REFERENCES `FIPOP`.`language` (`id`)
    ON DELETE NO ACTION
    ON UPDATE NO ACTION)
ENGINE = InnoDB;

CREATE INDEX `fk_sound_effect_subtype_translation_sound_effect_subtype1_idx` ON `FIPOP`.`sound_effect_subtype_translation` (`sound_effect_subtype_id` ASC);

CREATE INDEX `fk_sound_effect_subtype_translation_language1_idx` ON `FIPOP`.`sound_effect_subtype_translation` (`language_id` ASC);


-- -----------------------------------------------------
-- Table `FIPOP`.`sound_effect_type`
-- -----------------------------------------------------
CREATE TABLE IF NOT EXISTS `FIPOP`.`sound_effect_type` (
  `id` INT NOT NULL AUTO_INCREMENT,
  PRIMARY KEY (`id`))
ENGINE = InnoDB;


-- -----------------------------------------------------
-- Table `FIPOP`.`sound_effect_type_translation`
-- -----------------------------------------------------
CREATE TABLE IF NOT EXISTS `FIPOP`.`sound_effect_type_translation` (
  `id` INT NOT NULL AUTO_INCREMENT,
  `sound_effect_type_id` INT NOT NULL,
  `language_id` INT NOT NULL,
  `type` VARCHAR(45) NOT NULL,
  PRIMARY KEY (`id`),
  CONSTRAINT `fk_sound_effect_type_translation_sound_effect_type1`
    FOREIGN KEY (`sound_effect_type_id`)
    REFERENCES `FIPOP`.`sound_effect_type` (`id`)
    ON DELETE CASCADE
    ON UPDATE NO ACTION,
  CONSTRAINT `fk_sound_effect_type_translation_language1`
    FOREIGN KEY (`language_id`)
    REFERENCES `FIPOP`.`language` (`id`)
    ON DELETE NO ACTION
    ON UPDATE NO ACTION)
ENGINE = InnoDB;

CREATE INDEX `fk_sound_effect_type_translation_sound_effect_type1_idx` ON `FIPOP`.`sound_effect_type_translation` (`sound_effect_type_id` ASC);

CREATE INDEX `fk_sound_effect_type_translation_language1_idx` ON `FIPOP`.`sound_effect_type_translation` (`language_id` ASC);


-- -----------------------------------------------------
-- Table `FIPOP`.`source`
-- -----------------------------------------------------
CREATE TABLE IF NOT EXISTS `FIPOP`.`source` (
  `id` INT NOT NULL AUTO_INCREMENT,
  `medium_id` INT NOT NULL,
  `is_primary_source` TINYINT(1) NULL,
  `url` TEXT(4096) NULL,
  `last_accessed` TIMESTAMP NULL,
  `is_still_available` TINYINT(1) NULL,
  PRIMARY KEY (`id`),
  CONSTRAINT `fk_source_medium1`
    FOREIGN KEY (`medium_id`)
    REFERENCES `FIPOP`.`medium` (`id`)
    ON DELETE CASCADE
    ON UPDATE NO ACTION)
ENGINE = InnoDB;

CREATE INDEX `fk_source_medium1_idx` ON `FIPOP`.`source` (`medium_id` ASC);


-- -----------------------------------------------------
-- Table `FIPOP`.`street`
-- -----------------------------------------------------
CREATE TABLE IF NOT EXISTS `FIPOP`.`street` (
  `location_id` INT NOT NULL,
  PRIMARY KEY (`location_id`),
  CONSTRAINT `fk_street_location1`
    FOREIGN KEY (`location_id`)
    REFERENCES `FIPOP`.`location` (`id`)
    ON DELETE CASCADE
    ON UPDATE NO ACTION)
ENGINE = InnoDB;

CREATE INDEX `fk_street_location1_idx` ON `FIPOP`.`street` (`location_id` ASC);


-- -----------------------------------------------------
-- Table `FIPOP`.`svg_shape_type`
-- -----------------------------------------------------
CREATE TABLE IF NOT EXISTS `FIPOP`.`svg_shape_type` (
  `id` INT NOT NULL AUTO_INCREMENT,
  PRIMARY KEY (`id`))
ENGINE = InnoDB;


-- -----------------------------------------------------
-- Table `FIPOP`.`svg_shape_type_translation`
-- -----------------------------------------------------
CREATE TABLE IF NOT EXISTS `FIPOP`.`svg_shape_type_translation` (
  `id` INT NOT NULL AUTO_INCREMENT,
  `svg_shape_type_id` INT NOT NULL,
  `language_id` INT NOT NULL,
  `type` VARCHAR(45) NOT NULL,
  PRIMARY KEY (`id`),
  CONSTRAINT `fk_svg_shape_type_translation_svg_shape_type1`
    FOREIGN KEY (`svg_shape_type_id`)
    REFERENCES `FIPOP`.`svg_shape_type` (`id`)
    ON DELETE CASCADE
    ON UPDATE NO ACTION,
  CONSTRAINT `fk_svg_shape_type_translation_language1`
    FOREIGN KEY (`language_id`)
    REFERENCES `FIPOP`.`language` (`id`)
    ON DELETE NO ACTION
    ON UPDATE NO ACTION)
ENGINE = InnoDB;

CREATE INDEX `fk_svg_shape_type_translation_svg_shape_type1_idx` ON `FIPOP`.`svg_shape_type_translation` (`svg_shape_type_id` ASC);

CREATE INDEX `fk_svg_shape_type_translation_language1_idx` ON `FIPOP`.`svg_shape_type_translation` (`language_id` ASC);


-- -----------------------------------------------------
-- Table `FIPOP`.`tag`
-- -----------------------------------------------------
CREATE TABLE IF NOT EXISTS `FIPOP`.`tag` (
  `id` INT NOT NULL AUTO_INCREMENT,
  `name` VARCHAR(45) BINARY NOT NULL,
  PRIMARY KEY (`id`))
ENGINE = InnoDB;

CREATE UNIQUE INDEX `name_UNIQUE` ON `FIPOP`.`tag` (`name` ASC);


-- -----------------------------------------------------
-- Table `FIPOP`.`target_audience`
-- -----------------------------------------------------
CREATE TABLE IF NOT EXISTS `FIPOP`.`target_audience` (
  `id` INT NOT NULL AUTO_INCREMENT,
  `type` VARCHAR(45) NOT NULL,
  PRIMARY KEY (`id`))
ENGINE = InnoDB;

CREATE UNIQUE INDEX `type_UNIQUE` ON `FIPOP`.`target_audience` (`type` ASC);


-- -----------------------------------------------------
-- Table `FIPOP`.`tempo_marking`
-- -----------------------------------------------------
CREATE TABLE IF NOT EXISTS `FIPOP`.`tempo_marking` (
  `id` INT NOT NULL AUTO_INCREMENT,
  PRIMARY KEY (`id`))
ENGINE = InnoDB;


-- -----------------------------------------------------
-- Table `FIPOP`.`tempo_marking_translation`
-- -----------------------------------------------------
CREATE TABLE IF NOT EXISTS `FIPOP`.`tempo_marking_translation` (
  `id` INT NOT NULL AUTO_INCREMENT,
  `tempo_marking_id` INT NOT NULL,
  `language_id` INT NOT NULL,
  `type` VARCHAR(30) NOT NULL,
  `description` VARCHAR(255) NULL,
  PRIMARY KEY (`id`),
  CONSTRAINT `fk_tempo_marking_translation_tempo_marking1`
    FOREIGN KEY (`tempo_marking_id`)
    REFERENCES `FIPOP`.`tempo_marking` (`id`)
    ON DELETE CASCADE
    ON UPDATE NO ACTION,
  CONSTRAINT `fk_tempo_marking_translation_language1`
    FOREIGN KEY (`language_id`)
    REFERENCES `FIPOP`.`language` (`id`)
    ON DELETE NO ACTION
    ON UPDATE NO ACTION)
ENGINE = InnoDB;

CREATE INDEX `fk_tempo_marking_translation_tempo_marking1_idx` ON `FIPOP`.`tempo_marking_translation` (`tempo_marking_id` ASC);

CREATE INDEX `fk_tempo_marking_translation_language1_idx` ON `FIPOP`.`tempo_marking_translation` (`language_id` ASC);


-- -----------------------------------------------------
-- Table `FIPOP`.`territory`
-- -----------------------------------------------------
CREATE TABLE IF NOT EXISTS `FIPOP`.`territory` (
  `id` INT NOT NULL AUTO_INCREMENT,
  `from` DATE NULL,
  `until` DATE NULL,
  PRIMARY KEY (`id`))
ENGINE = InnoDB;


-- -----------------------------------------------------
-- Table `FIPOP`.`territory_has_location`
-- -----------------------------------------------------
CREATE TABLE IF NOT EXISTS `FIPOP`.`territory_has_location` (
  `territory_id` INT NOT NULL,
  `location_id` INT NOT NULL,
  PRIMARY KEY (`territory_id`, `location_id`),
  CONSTRAINT `fk_territory_has_location_territory1`
    FOREIGN KEY (`territory_id`)
    REFERENCES `FIPOP`.`territory` (`id`)
    ON DELETE NO ACTION
    ON UPDATE NO ACTION,
  CONSTRAINT `fk_territory_has_location_location1`
    FOREIGN KEY (`location_id`)
    REFERENCES `FIPOP`.`location` (`id`)
    ON DELETE NO ACTION
    ON UPDATE NO ACTION)
ENGINE = InnoDB;

CREATE INDEX `fk_territory_has_location_location1_idx` ON `FIPOP`.`territory_has_location` (`location_id` ASC);

CREATE INDEX `fk_territory_has_location_territory1_idx` ON `FIPOP`.`territory_has_location` (`territory_id` ASC);


-- -----------------------------------------------------
-- Table `FIPOP`.`territory_translation`
-- -----------------------------------------------------
CREATE TABLE IF NOT EXISTS `FIPOP`.`territory_translation` (
  `id` INT NOT NULL AUTO_INCREMENT,
  `territory_id` INT NOT NULL,
  `language_id` INT NOT NULL,
  `name` VARCHAR(45) NOT NULL,
  PRIMARY KEY (`id`),
  CONSTRAINT `fk_territory_translation_territory1`
    FOREIGN KEY (`territory_id`)
    REFERENCES `FIPOP`.`territory` (`id`)
    ON DELETE CASCADE
    ON UPDATE NO ACTION,
  CONSTRAINT `fk_territory_translation_language1`
    FOREIGN KEY (`language_id`)
    REFERENCES `FIPOP`.`language` (`id`)
    ON DELETE NO ACTION
    ON UPDATE NO ACTION)
ENGINE = InnoDB;

CREATE INDEX `fk_territory_translation_territory1_idx` ON `FIPOP`.`territory_translation` (`territory_id` ASC);

CREATE INDEX `fk_territory_translation_language1_idx` ON `FIPOP`.`territory_translation` (`language_id` ASC);


-- -----------------------------------------------------
-- Table `FIPOP`.`timbre`
-- -----------------------------------------------------
CREATE TABLE IF NOT EXISTS `FIPOP`.`timbre` (
  `id` INT NOT NULL AUTO_INCREMENT,
  PRIMARY KEY (`id`))
ENGINE = InnoDB;


-- -----------------------------------------------------
-- Table `FIPOP`.`title`
-- -----------------------------------------------------
CREATE TABLE IF NOT EXISTS `FIPOP`.`title` (
  `id` INT NOT NULL AUTO_INCREMENT,
  `language_id` INT NOT NULL,
  `name` VARCHAR(200) NOT NULL,
  PRIMARY KEY (`id`),
  CONSTRAINT `fk_title_language1`
    FOREIGN KEY (`language_id`)
    REFERENCES `FIPOP`.`language` (`id`)
    ON DELETE NO ACTION
    ON UPDATE NO ACTION)
ENGINE = InnoDB;

CREATE INDEX `fk_title_language1_idx` ON `FIPOP`.`title` (`language_id` ASC);


-- -----------------------------------------------------
-- Table `FIPOP`.`url`
-- -----------------------------------------------------
CREATE TABLE IF NOT EXISTS `FIPOP`.`url` (
  `id` INT NOT NULL AUTO_INCREMENT,
  `url` VARCHAR(4096) NOT NULL,
  PRIMARY KEY (`id`))
ENGINE = InnoDB;


-- -----------------------------------------------------
-- Table `FIPOP`.`user_access_token`
-- -----------------------------------------------------
CREATE TABLE IF NOT EXISTS `FIPOP`.`user_access_token` (
  `id` INT NOT NULL AUTO_INCREMENT,
  `user_account_id` INT NOT NULL,
  `token` VARCHAR(45) NOT NULL,
  `issued` DATETIME NOT NULL,
  `expires` DATETIME NOT NULL,
  PRIMARY KEY (`id`),
  CONSTRAINT `fk_user_access_token_user_account1`
    FOREIGN KEY (`user_account_id`)
    REFERENCES `FIPOP`.`user_account` (`id`)
    ON DELETE NO ACTION
    ON UPDATE NO ACTION)
ENGINE = InnoDB;

CREATE UNIQUE INDEX `token_UNIQUE` ON `FIPOP`.`user_access_token` (`token` ASC);

CREATE INDEX `fk_user_access_token_user_account1_idx` ON `FIPOP`.`user_access_token` (`user_account_id` ASC);


-- -----------------------------------------------------
-- Table `FIPOP`.`user_account`
-- -----------------------------------------------------
CREATE TABLE IF NOT EXISTS `FIPOP`.`user_account` (
  `id` INT NOT NULL AUTO_INCREMENT,
  `user_password_id` INT NOT NULL,
  `user_account_status` VARCHAR(45) NOT NULL,
  `account_name` VARCHAR(45) NOT NULL,
  `display_name` VARCHAR(45) NOT NULL,
  `created_at` TIMESTAMP NOT NULL DEFAULT CURRENT_TIMESTAMP,
  `recovery_email_encrypted` VARCHAR(45) NOT NULL,
  `content_access_rights` VARCHAR(45) NULL,
  `user_settings_web_interface` VARCHAR(45) NULL,
  PRIMARY KEY (`id`),
  CONSTRAINT `fk_user_account_user_password1`
    FOREIGN KEY (`user_password_id`)
    REFERENCES `FIPOP`.`user_password` (`id`)
    ON DELETE NO ACTION
    ON UPDATE NO ACTION)
ENGINE = InnoDB;

CREATE INDEX `fk_user_account_user_password1_idx` ON `FIPOP`.`user_account` (`user_password_id` ASC);

CREATE UNIQUE INDEX `account_name_UNIQUE` ON `FIPOP`.`user_account` (`account_name` ASC);


-- -----------------------------------------------------
-- Table `FIPOP`.`user_account_has_category_set`
-- -----------------------------------------------------
CREATE TABLE IF NOT EXISTS `FIPOP`.`user_account_has_category_set` (
  `user_account_id` INT NOT NULL,
  `category_set_id` INT NOT NULL,
  `permission_type` VARCHAR(45) NOT NULL,
  PRIMARY KEY (`user_account_id`, `category_set_id`),
  CONSTRAINT `fk_user_account_has_category_set_user_account1`
    FOREIGN KEY (`user_account_id`)
    REFERENCES `FIPOP`.`user_account` (`id`)
    ON DELETE NO ACTION
    ON UPDATE NO ACTION,
  CONSTRAINT `fk_user_account_has_category_set_category_set1`
    FOREIGN KEY (`category_set_id`)
    REFERENCES `FIPOP`.`category_set` (`id`)
    ON DELETE NO ACTION
    ON UPDATE NO ACTION)
ENGINE = InnoDB;

CREATE INDEX `fk_user_account_has_category_set_category_set1_idx` ON `FIPOP`.`user_account_has_category_set` (`category_set_id` ASC);

CREATE INDEX `fk_user_account_has_category_set_user_account1_idx` ON `FIPOP`.`user_account_has_category_set` (`user_account_id` ASC);


-- -----------------------------------------------------
-- Table `FIPOP`.`user_account_has_media_collection`
-- -----------------------------------------------------
CREATE TABLE IF NOT EXISTS `FIPOP`.`user_account_has_media_collection` (
  `user_account_id` INT NOT NULL,
  `media_collection_id` INT NOT NULL,
  PRIMARY KEY (`user_account_id`, `media_collection_id`),
  CONSTRAINT `fk_user_account_has_media_collection_user_account1`
    FOREIGN KEY (`user_account_id`)
    REFERENCES `FIPOP`.`user_account` (`id`)
    ON DELETE NO ACTION
    ON UPDATE NO ACTION,
  CONSTRAINT `fk_user_account_has_media_collection_media_collection1`
    FOREIGN KEY (`media_collection_id`)
    REFERENCES `FIPOP`.`media_collection` (`id`)
    ON DELETE NO ACTION
    ON UPDATE NO ACTION)
ENGINE = InnoDB;

CREATE INDEX `fk_user_account_has_media_collection_media_collection1_idx` ON `FIPOP`.`user_account_has_media_collection` (`media_collection_id` ASC);

CREATE INDEX `fk_user_account_has_media_collection_user_account1_idx` ON `FIPOP`.`user_account_has_media_collection` (`user_account_id` ASC);


-- -----------------------------------------------------
-- Table `FIPOP`.`user_account_has_media_collection_analysis_list`
-- -----------------------------------------------------
CREATE TABLE IF NOT EXISTS `FIPOP`.`user_account_has_media_collection_analysis_list` (
  `user_account_id` INT NOT NULL,
  `media_collection_analysis_list_id` INT NOT NULL,
  `permission_type` VARCHAR(45) NOT NULL,
  PRIMARY KEY (`user_account_id`, `media_collection_analysis_list_id`),
  CONSTRAINT `fk_user_account_has_media_collection_analysis_list_user_accoun1`
    FOREIGN KEY (`user_account_id`)
    REFERENCES `FIPOP`.`user_account` (`id`)
    ON DELETE NO ACTION
    ON UPDATE NO ACTION,
  CONSTRAINT `fk_user_account_has_media_collection_analysis_list_media_colle1`
    FOREIGN KEY (`media_collection_analysis_list_id`)
    REFERENCES `FIPOP`.`media_collection_analysis_list` (`id`)
    ON DELETE NO ACTION
    ON UPDATE NO ACTION)
ENGINE = InnoDB;

CREATE INDEX `fk_user_account_has_media_collection_analysis_list_media_c1_idx` ON `FIPOP`.`user_account_has_media_collection_analysis_list` (`media_collection_analysis_list_id` ASC);

CREATE INDEX `fk_user_account_has_media_collection_analysis_list_user_ac1_idx` ON `FIPOP`.`user_account_has_media_collection_analysis_list` (`user_account_id` ASC);


-- -----------------------------------------------------
-- Table `FIPOP`.`user_account_has_medium_analysis_list`
-- -----------------------------------------------------
CREATE TABLE IF NOT EXISTS `FIPOP`.`user_account_has_medium_analysis_list` (
  `user_account_id` INT NOT NULL,
  `medium_analysis_list_id` INT NOT NULL,
  `permission_type` VARCHAR(45) NOT NULL,
  PRIMARY KEY (`user_account_id`, `medium_analysis_list_id`),
  CONSTRAINT `fk_user_account_has_medium_analysis_list_user_account1`
    FOREIGN KEY (`user_account_id`)
    REFERENCES `FIPOP`.`user_account` (`id`)
    ON DELETE NO ACTION
    ON UPDATE NO ACTION,
  CONSTRAINT `fk_user_account_has_medium_analysis_list_medium_analysis_list1`
    FOREIGN KEY (`medium_analysis_list_id`)
    REFERENCES `FIPOP`.`medium_analysis_list` (`id`)
    ON DELETE NO ACTION
    ON UPDATE NO ACTION)
ENGINE = InnoDB;

CREATE INDEX `fk_user_account_has_medium_analysis_list_medium_analysis_li1_idx` ON `FIPOP`.`user_account_has_medium_analysis_list` (`medium_analysis_list_id` ASC);

CREATE INDEX `fk_user_account_has_medium_analysis_list_user_account1_idx` ON `FIPOP`.`user_account_has_medium_analysis_list` (`user_account_id` ASC);


-- -----------------------------------------------------
-- Table `FIPOP`.`user_account_has_work_analysis_list`
-- -----------------------------------------------------
CREATE TABLE IF NOT EXISTS `FIPOP`.`user_account_has_work_analysis_list` (
  `user_account_id` INT NOT NULL,
  `work_analysis_list_id` INT NOT NULL,
  `permission_type` VARCHAR(45) NOT NULL,
  PRIMARY KEY (`user_account_id`, `work_analysis_list_id`),
  CONSTRAINT `fk_user_account_has_work_analysis_list_user_account1`
    FOREIGN KEY (`user_account_id`)
    REFERENCES `FIPOP`.`user_account` (`id`)
    ON DELETE NO ACTION
    ON UPDATE NO ACTION,
  CONSTRAINT `fk_user_account_has_work_analysis_list_work_analysis_list1`
    FOREIGN KEY (`work_analysis_list_id`)
    REFERENCES `FIPOP`.`work_analysis_list` (`id`)
    ON DELETE NO ACTION
    ON UPDATE NO ACTION)
ENGINE = InnoDB;

CREATE INDEX `fk_user_account_has_work_analysis_list_work_analysis_list_idx` ON `FIPOP`.`user_account_has_work_analysis_list` (`work_analysis_list_id` ASC);

CREATE INDEX `fk_user_account_has_work_analysis_list_user_account1_idx` ON `FIPOP`.`user_account_has_work_analysis_list` (`user_account_id` ASC);


-- -----------------------------------------------------
-- Table `FIPOP`.`user_log`
-- -----------------------------------------------------
CREATE TABLE IF NOT EXISTS `FIPOP`.`user_log` (
  `id` INT NOT NULL AUTO_INCREMENT,
  `user_account_id` INT NOT NULL,
  `user_log_event_type_id` INT NOT NULL,
  `date_time` DATETIME NOT NULL,
  PRIMARY KEY (`id`),
  CONSTRAINT `fk_user_log_user_account1`
    FOREIGN KEY (`user_account_id`)
    REFERENCES `FIPOP`.`user_account` (`id`)
    ON DELETE NO ACTION
    ON UPDATE NO ACTION,
  CONSTRAINT `fk_user_log_user_log_event_type1`
    FOREIGN KEY (`user_log_event_type_id`)
    REFERENCES `FIPOP`.`user_log_event_type` (`id`)
    ON DELETE NO ACTION
    ON UPDATE NO ACTION)
ENGINE = InnoDB;

CREATE INDEX `fk_user_log_user_account1_idx` ON `FIPOP`.`user_log` (`user_account_id` ASC);

CREATE INDEX `fk_user_log_user_log_event_type1_idx` ON `FIPOP`.`user_log` (`user_log_event_type_id` ASC);


-- -----------------------------------------------------
-- Table `FIPOP`.`user_log_event_type`
-- -----------------------------------------------------
CREATE TABLE IF NOT EXISTS `FIPOP`.`user_log_event_type` (
  `id` INT NOT NULL AUTO_INCREMENT,
  `type` VARCHAR(45) NOT NULL,
  PRIMARY KEY (`id`))
ENGINE = InnoDB;

CREATE UNIQUE INDEX `type_UNIQUE` ON `FIPOP`.`user_log_event_type` (`type` ASC);


-- -----------------------------------------------------
-- Table `FIPOP`.`user_password`
-- -----------------------------------------------------
CREATE TABLE IF NOT EXISTS `FIPOP`.`user_password` (
  `id` INT NOT NULL AUTO_INCREMENT,
  `user_password_hash_type_id` INT NOT NULL,
  `salt` VARCHAR(64) NOT NULL,
  `key_stretching_iterations` INT NOT NULL,
  `stretched_hash_encrypted` VARCHAR(512) NOT NULL,
  PRIMARY KEY (`id`),
  CONSTRAINT `fk_user_password_user_password_hash_type1`
    FOREIGN KEY (`user_password_hash_type_id`)
    REFERENCES `FIPOP`.`user_password_hash_type` (`id`)
    ON DELETE NO ACTION
    ON UPDATE NO ACTION)
ENGINE = InnoDB;

CREATE INDEX `fk_user_password_user_password_hash_type1_idx` ON `FIPOP`.`user_password` (`user_password_hash_type_id` ASC);


-- -----------------------------------------------------
-- Table `FIPOP`.`user_password_hash_type`
-- -----------------------------------------------------
CREATE TABLE IF NOT EXISTS `FIPOP`.`user_password_hash_type` (
  `id` INT NOT NULL AUTO_INCREMENT,
  `type` VARCHAR(45) NOT NULL,
  PRIMARY KEY (`id`))
ENGINE = InnoDB;


-- -----------------------------------------------------
-- Table `FIPOP`.`user_password_old_hash`
-- -----------------------------------------------------
CREATE TABLE IF NOT EXISTS `FIPOP`.`user_password_old_hash` (
  `id` INT NOT NULL AUTO_INCREMENT,
  `user_password_id` INT NOT NULL,
  `salt` VARCHAR(64) NOT NULL,
  `key_stretching_iterations` INT NOT NULL,
  `stretched_hash_encrypted` VARCHAR(512) NOT NULL,
  PRIMARY KEY (`id`),
  CONSTRAINT `fk_user_password_old_hash_user_password1`
    FOREIGN KEY (`user_password_id`)
    REFERENCES `FIPOP`.`user_password` (`id`)
    ON DELETE NO ACTION
    ON UPDATE NO ACTION)
ENGINE = InnoDB;

CREATE INDEX `fk_user_password_old_hash_user_password1_idx` ON `FIPOP`.`user_password_old_hash` (`user_password_id` ASC);


-- -----------------------------------------------------
-- Table `FIPOP`.`uuid`
-- -----------------------------------------------------
CREATE TABLE IF NOT EXISTS `FIPOP`.`uuid` (
  `id` INT NOT NULL AUTO_INCREMENT,
  `uuid` VARCHAR(45) NOT NULL,
  PRIMARY KEY (`id`))
ENGINE = InnoDB;

CREATE UNIQUE INDEX `uuid_UNIQUE` ON `FIPOP`.`uuid` (`uuid` ASC);


-- -----------------------------------------------------
-- Table `FIPOP`.`video_gallery`
-- -----------------------------------------------------
CREATE TABLE IF NOT EXISTS `FIPOP`.`video_gallery` (
  `id` INT NOT NULL AUTO_INCREMENT,
  `sioc_user_account_id` INT NOT NULL,
  `title` VARCHAR(45) NOT NULL,
  PRIMARY KEY (`id`),
  CONSTRAINT `fk_video_gallery_sioc_user_account1`
    FOREIGN KEY (`sioc_user_account_id`)
    REFERENCES `FIPOP`.`sioc_user_account` (`id`)
    ON DELETE NO ACTION
    ON UPDATE NO ACTION)
ENGINE = InnoDB;

CREATE INDEX `fk_video_gallery_sioc_user_account1_idx` ON `FIPOP`.`video_gallery` (`sioc_user_account_id` ASC);


-- -----------------------------------------------------
-- Table `FIPOP`.`video_gallery_has_medium_video`
-- -----------------------------------------------------
CREATE TABLE IF NOT EXISTS `FIPOP`.`video_gallery_has_medium_video` (
  `video_gallery_id` INT NOT NULL,
  `medium_video_medium_id` INT NOT NULL,
  PRIMARY KEY (`video_gallery_id`, `medium_video_medium_id`),
  CONSTRAINT `fk_video_gallery_has_medium_video_video_gallery1`
    FOREIGN KEY (`video_gallery_id`)
    REFERENCES `FIPOP`.`video_gallery` (`id`)
    ON DELETE NO ACTION
    ON UPDATE NO ACTION,
  CONSTRAINT `fk_video_gallery_has_medium_video_medium_video1`
    FOREIGN KEY (`medium_video_medium_id`)
    REFERENCES `FIPOP`.`medium_video` (`medium_id`)
    ON DELETE NO ACTION
    ON UPDATE NO ACTION)
ENGINE = InnoDB;

CREATE INDEX `fk_video_gallery_has_medium_video_medium_video1_idx` ON `FIPOP`.`video_gallery_has_medium_video` (`medium_video_medium_id` ASC);

CREATE INDEX `fk_video_gallery_has_medium_video_video_gallery1_idx` ON `FIPOP`.`video_gallery_has_medium_video` (`video_gallery_id` ASC);


-- -----------------------------------------------------
-- Table `FIPOP`.`voice`
-- -----------------------------------------------------
CREATE TABLE IF NOT EXISTS `FIPOP`.`voice` (
  `id` INT NOT NULL,
  `voice_type_id` INT NOT NULL,
  PRIMARY KEY (`id`),
  CONSTRAINT `fk_voice_voice_type1`
    FOREIGN KEY (`voice_type_id`)
    REFERENCES `FIPOP`.`voice_type` (`id`)
    ON DELETE NO ACTION
    ON UPDATE NO ACTION)
ENGINE = InnoDB;

CREATE INDEX `fk_voice_voice_type1_idx` ON `FIPOP`.`voice` (`voice_type_id` ASC);


-- -----------------------------------------------------
-- Table `FIPOP`.`voice_type`
-- -----------------------------------------------------
CREATE TABLE IF NOT EXISTS `FIPOP`.`voice_type` (
  `id` INT NOT NULL,
  PRIMARY KEY (`id`))
ENGINE = InnoDB;


-- -----------------------------------------------------
-- Table `FIPOP`.`voice_type_translation`
-- -----------------------------------------------------
CREATE TABLE IF NOT EXISTS `FIPOP`.`voice_type_translation` (
  `id` INT NOT NULL,
  `voice_type_id` INT NOT NULL,
  `language_id` INT NOT NULL,
  `type` VARCHAR(45) NOT NULL,
  PRIMARY KEY (`id`),
  CONSTRAINT `fk_voice_type_translation_language1`
    FOREIGN KEY (`language_id`)
    REFERENCES `FIPOP`.`language` (`id`)
    ON DELETE NO ACTION
    ON UPDATE NO ACTION,
  CONSTRAINT `fk_voice_type_translation_voice_type1`
    FOREIGN KEY (`voice_type_id`)
    REFERENCES `FIPOP`.`voice_type` (`id`)
    ON DELETE CASCADE
    ON UPDATE NO ACTION)
ENGINE = InnoDB;

CREATE INDEX `fk_voice_type_translation_language1_idx` ON `FIPOP`.`voice_type_translation` (`language_id` ASC);

CREATE INDEX `fk_voice_type_translation_voice_type1_idx` ON `FIPOP`.`voice_type_translation` (`voice_type_id` ASC);


-- -----------------------------------------------------
-- Table `FIPOP`.`work`
-- -----------------------------------------------------
CREATE TABLE IF NOT EXISTS `FIPOP`.`work` (
  `id` INT NOT NULL AUTO_INCREMENT,
  `title` VARCHAR(255) NOT NULL,
  PRIMARY KEY (`id`))
ENGINE = InnoDB;


-- -----------------------------------------------------
-- Table `FIPOP`.`work_analysis_list`
-- -----------------------------------------------------
CREATE TABLE IF NOT EXISTS `FIPOP`.`work_analysis_list` (
  `id` INT NOT NULL,
  `work_id` INT NOT NULL,
  `created_by_user_account_id` INT NOT NULL,
  `last_edited_by_user_account_id` INT NULL,
  `created_at` TIMESTAMP NOT NULL DEFAULT CURRENT_TIMESTAMP,
  `last_edited_at` TIMESTAMP NULL,
  PRIMARY KEY (`id`),
  CONSTRAINT `fk_work_analysis_list_work1`
    FOREIGN KEY (`work_id`)
    REFERENCES `FIPOP`.`work` (`id`)
    ON DELETE CASCADE
    ON UPDATE NO ACTION,
  CONSTRAINT `fk_work_analysis_list_user_account1`
    FOREIGN KEY (`created_by_user_account_id`)
    REFERENCES `FIPOP`.`user_account` (`id`)
    ON DELETE NO ACTION
    ON UPDATE NO ACTION,
  CONSTRAINT `fk_work_analysis_list_user_account2`
    FOREIGN KEY (`last_edited_by_user_account_id`)
    REFERENCES `FIPOP`.`user_account` (`id`)
    ON DELETE NO ACTION
    ON UPDATE NO ACTION)
ENGINE = InnoDB;

CREATE INDEX `fk_work_analysis_list_work1_idx` ON `FIPOP`.`work_analysis_list` (`work_id` ASC);

CREATE INDEX `fk_work_analysis_list_user_account1_idx` ON `FIPOP`.`work_analysis_list` (`created_by_user_account_id` ASC);

CREATE INDEX `fk_work_analysis_list_user_account2_idx` ON `FIPOP`.`work_analysis_list` (`last_edited_by_user_account_id` ASC);


-- -----------------------------------------------------
-- Table `FIPOP`.`work_analysis_list_has_tag`
-- -----------------------------------------------------
CREATE TABLE IF NOT EXISTS `FIPOP`.`work_analysis_list_has_tag` (
  `work_analysis_list_id` INT NOT NULL,
  `tag_id` INT NOT NULL,
  PRIMARY KEY (`work_analysis_list_id`, `tag_id`),
  CONSTRAINT `fk_work_analysis_list_has_tag_work_analysis_list1`
    FOREIGN KEY (`work_analysis_list_id`)
    REFERENCES `FIPOP`.`work_analysis_list` (`id`)
    ON DELETE CASCADE
    ON UPDATE NO ACTION,
  CONSTRAINT `fk_work_analysis_list_has_tag_tag1`
    FOREIGN KEY (`tag_id`)
    REFERENCES `FIPOP`.`tag` (`id`)
    ON DELETE CASCADE
    ON UPDATE NO ACTION)
ENGINE = InnoDB;

CREATE INDEX `fk_work_analysis_list_has_tag_tag1_idx` ON `FIPOP`.`work_analysis_list_has_tag` (`tag_id` ASC);

CREATE INDEX `fk_work_analysis_list_has_tag_work_analysis_list1_idx` ON `FIPOP`.`work_analysis_list_has_tag` (`work_analysis_list_id` ASC);


-- -----------------------------------------------------
-- Table `FIPOP`.`work_analysis_list_translation`
-- -----------------------------------------------------
CREATE TABLE IF NOT EXISTS `FIPOP`.`work_analysis_list_translation` (
  `id` INT NOT NULL,
  `work_analysis_list_id` INT NOT NULL,
  `language_id` INT NOT NULL,
  `title` VARCHAR(100) NOT NULL,
  `text` VARCHAR(4096) NULL,
  PRIMARY KEY (`id`),
  CONSTRAINT `fk_work_analysis_list_translation_work_analysis_list1`
    FOREIGN KEY (`work_analysis_list_id`)
    REFERENCES `FIPOP`.`work_analysis_list` (`id`)
    ON DELETE CASCADE
    ON UPDATE NO ACTION,
  CONSTRAINT `fk_work_analysis_list_translation_language1`
    FOREIGN KEY (`language_id`)
    REFERENCES `FIPOP`.`language` (`id`)
    ON DELETE NO ACTION
    ON UPDATE NO ACTION)
ENGINE = InnoDB;

CREATE INDEX `fk_work_analysis_list_translation_work_analysis_list1_idx` ON `FIPOP`.`work_analysis_list_translation` (`work_analysis_list_id` ASC);

CREATE INDEX `fk_work_analysis_list_translation_language1_idx` ON `FIPOP`.`work_analysis_list_translation` (`language_id` ASC);


-- -----------------------------------------------------
-- Table `FIPOP`.`work_has_tag`
-- -----------------------------------------------------
CREATE TABLE IF NOT EXISTS `FIPOP`.`work_has_tag` (
  `work_id` INT NOT NULL,
  `tag_id` INT NOT NULL,
  PRIMARY KEY (`work_id`, `tag_id`),
  CONSTRAINT `fk_work_has_tag_work1`
    FOREIGN KEY (`work_id`)
    REFERENCES `FIPOP`.`work` (`id`)
    ON DELETE CASCADE
    ON UPDATE NO ACTION,
  CONSTRAINT `fk_work_has_tag_tag1`
    FOREIGN KEY (`tag_id`)
    REFERENCES `FIPOP`.`tag` (`id`)
    ON DELETE CASCADE
    ON UPDATE NO ACTION)
ENGINE = InnoDB;

CREATE INDEX `fk_work_has_tag_tag1_idx` ON `FIPOP`.`work_has_tag` (`tag_id` ASC);

CREATE INDEX `fk_work_has_tag_work1_idx` ON `FIPOP`.`work_has_tag` (`work_id` ASC);


SET SQL_MODE=@OLD_SQL_MODE;
SET FOREIGN_KEY_CHECKS=@OLD_FOREIGN_KEY_CHECKS;
SET UNIQUE_CHECKS=@OLD_UNIQUE_CHECKS;

-- -----------------------------------------------------
-- Data for table `FIPOP`.`actor_type`
-- -----------------------------------------------------
START TRANSACTION;
USE `FIPOP`;
INSERT INTO `FIPOP`.`actor_type` (`id`) VALUES (1);
INSERT INTO `FIPOP`.`actor_type` (`id`) VALUES (2);

COMMIT;


-- -----------------------------------------------------
-- Data for table `FIPOP`.`actor_type_translation`
-- -----------------------------------------------------
START TRANSACTION;
USE `FIPOP`;
INSERT INTO `FIPOP`.`actor_type_translation` (`id`, `actor_type_id`, `language_id`, `type`) VALUES (1, 1, 1, 'person');
INSERT INTO `FIPOP`.`actor_type_translation` (`id`, `actor_type_id`, `language_id`, `type`) VALUES (2, 2, 1, 'collective');

COMMIT;


-- -----------------------------------------------------
-- Data for table `FIPOP`.`address_type`
-- -----------------------------------------------------
START TRANSACTION;
USE `FIPOP`;
INSERT INTO `FIPOP`.`address_type` (`id`) VALUES (1);
INSERT INTO `FIPOP`.`address_type` (`id`) VALUES (2);
INSERT INTO `FIPOP`.`address_type` (`id`) VALUES (3);
INSERT INTO `FIPOP`.`address_type` (`id`) VALUES (4);

COMMIT;


-- -----------------------------------------------------
-- Data for table `FIPOP`.`address_type_translation`
-- -----------------------------------------------------
START TRANSACTION;
USE `FIPOP`;
INSERT INTO `FIPOP`.`address_type_translation` (`id`, `address_type_id`, `language_id`, `type`) VALUES (1, 1, 1, ' ');
INSERT INTO `FIPOP`.`address_type_translation` (`id`, `address_type_id`, `language_id`, `type`) VALUES (2, 2, 1, 'business');
INSERT INTO `FIPOP`.`address_type_translation` (`id`, `address_type_id`, `language_id`, `type`) VALUES (3, 3, 1, 'home');
INSERT INTO `FIPOP`.`address_type_translation` (`id`, `address_type_id`, `language_id`, `type`) VALUES (4, 4, 1, 'other');

COMMIT;


-- -----------------------------------------------------
-- Data for table `FIPOP`.`analysis_method`
-- -----------------------------------------------------
START TRANSACTION;
USE `FIPOP`;
INSERT INTO `FIPOP`.`analysis_method` (`id`, `analysis_method_type_id`) VALUES (1, 1);
INSERT INTO `FIPOP`.`analysis_method` (`id`, `analysis_method_type_id`) VALUES (2, 1);
INSERT INTO `FIPOP`.`analysis_method` (`id`, `analysis_method_type_id`) VALUES (3, 1);
INSERT INTO `FIPOP`.`analysis_method` (`id`, `analysis_method_type_id`) VALUES (4, 1);
INSERT INTO `FIPOP`.`analysis_method` (`id`, `analysis_method_type_id`) VALUES (5, 1);
INSERT INTO `FIPOP`.`analysis_method` (`id`, `analysis_method_type_id`) VALUES (6, 1);
INSERT INTO `FIPOP`.`analysis_method` (`id`, `analysis_method_type_id`) VALUES (7, 7);
INSERT INTO `FIPOP`.`analysis_method` (`id`, `analysis_method_type_id`) VALUES (8, 7);
INSERT INTO `FIPOP`.`analysis_method` (`id`, `analysis_method_type_id`) VALUES (9, 7);
INSERT INTO `FIPOP`.`analysis_method` (`id`, `analysis_method_type_id`) VALUES (10, 9);
INSERT INTO `FIPOP`.`analysis_method` (`id`, `analysis_method_type_id`) VALUES (11, 9);
INSERT INTO `FIPOP`.`analysis_method` (`id`, `analysis_method_type_id`) VALUES (12, 9);
INSERT INTO `FIPOP`.`analysis_method` (`id`, `analysis_method_type_id`) VALUES (13, 9);
INSERT INTO `FIPOP`.`analysis_method` (`id`, `analysis_method_type_id`) VALUES (14, 9);
INSERT INTO `FIPOP`.`analysis_method` (`id`, `analysis_method_type_id`) VALUES (15, 9);
INSERT INTO `FIPOP`.`analysis_method` (`id`, `analysis_method_type_id`) VALUES (16, 9);
INSERT INTO `FIPOP`.`analysis_method` (`id`, `analysis_method_type_id`) VALUES (17, 9);
INSERT INTO `FIPOP`.`analysis_method` (`id`, `analysis_method_type_id`) VALUES (18, 9);
INSERT INTO `FIPOP`.`analysis_method` (`id`, `analysis_method_type_id`) VALUES (19, 10);
INSERT INTO `FIPOP`.`analysis_method` (`id`, `analysis_method_type_id`) VALUES (20, 10);
INSERT INTO `FIPOP`.`analysis_method` (`id`, `analysis_method_type_id`) VALUES (21, 10);
INSERT INTO `FIPOP`.`analysis_method` (`id`, `analysis_method_type_id`) VALUES (22, 10);
INSERT INTO `FIPOP`.`analysis_method` (`id`, `analysis_method_type_id`) VALUES (23, 10);
INSERT INTO `FIPOP`.`analysis_method` (`id`, `analysis_method_type_id`) VALUES (24, 10);
INSERT INTO `FIPOP`.`analysis_method` (`id`, `analysis_method_type_id`) VALUES (25, 10);
INSERT INTO `FIPOP`.`analysis_method` (`id`, `analysis_method_type_id`) VALUES (26, 10);
INSERT INTO `FIPOP`.`analysis_method` (`id`, `analysis_method_type_id`) VALUES (27, 11);
INSERT INTO `FIPOP`.`analysis_method` (`id`, `analysis_method_type_id`) VALUES (28, 11);
INSERT INTO `FIPOP`.`analysis_method` (`id`, `analysis_method_type_id`) VALUES (29, 11);
INSERT INTO `FIPOP`.`analysis_method` (`id`, `analysis_method_type_id`) VALUES (30, 11);
INSERT INTO `FIPOP`.`analysis_method` (`id`, `analysis_method_type_id`) VALUES (31, 11);
INSERT INTO `FIPOP`.`analysis_method` (`id`, `analysis_method_type_id`) VALUES (32, 11);
INSERT INTO `FIPOP`.`analysis_method` (`id`, `analysis_method_type_id`) VALUES (33, 11);
INSERT INTO `FIPOP`.`analysis_method` (`id`, `analysis_method_type_id`) VALUES (34, 11);
INSERT INTO `FIPOP`.`analysis_method` (`id`, `analysis_method_type_id`) VALUES (35, 11);
INSERT INTO `FIPOP`.`analysis_method` (`id`, `analysis_method_type_id`) VALUES (36, 11);
INSERT INTO `FIPOP`.`analysis_method` (`id`, `analysis_method_type_id`) VALUES (37, 12);
INSERT INTO `FIPOP`.`analysis_method` (`id`, `analysis_method_type_id`) VALUES (38, 12);
INSERT INTO `FIPOP`.`analysis_method` (`id`, `analysis_method_type_id`) VALUES (39, 12);
INSERT INTO `FIPOP`.`analysis_method` (`id`, `analysis_method_type_id`) VALUES (40, 12);
INSERT INTO `FIPOP`.`analysis_method` (`id`, `analysis_method_type_id`) VALUES (41, 12);
INSERT INTO `FIPOP`.`analysis_method` (`id`, `analysis_method_type_id`) VALUES (42, 12);
INSERT INTO `FIPOP`.`analysis_method` (`id`, `analysis_method_type_id`) VALUES (43, 12);
INSERT INTO `FIPOP`.`analysis_method` (`id`, `analysis_method_type_id`) VALUES (44, 12);
INSERT INTO `FIPOP`.`analysis_method` (`id`, `analysis_method_type_id`) VALUES (45, 12);
INSERT INTO `FIPOP`.`analysis_method` (`id`, `analysis_method_type_id`) VALUES (46, 12);
INSERT INTO `FIPOP`.`analysis_method` (`id`, `analysis_method_type_id`) VALUES (47, 13);
INSERT INTO `FIPOP`.`analysis_method` (`id`, `analysis_method_type_id`) VALUES (48, 13);
INSERT INTO `FIPOP`.`analysis_method` (`id`, `analysis_method_type_id`) VALUES (49, 13);
INSERT INTO `FIPOP`.`analysis_method` (`id`, `analysis_method_type_id`) VALUES (50, 13);
INSERT INTO `FIPOP`.`analysis_method` (`id`, `analysis_method_type_id`) VALUES (51, 13);
INSERT INTO `FIPOP`.`analysis_method` (`id`, `analysis_method_type_id`) VALUES (52, 13);
INSERT INTO `FIPOP`.`analysis_method` (`id`, `analysis_method_type_id`) VALUES (53, 13);
INSERT INTO `FIPOP`.`analysis_method` (`id`, `analysis_method_type_id`) VALUES (54, 13);
INSERT INTO `FIPOP`.`analysis_method` (`id`, `analysis_method_type_id`) VALUES (55, 14);
INSERT INTO `FIPOP`.`analysis_method` (`id`, `analysis_method_type_id`) VALUES (56, 14);
INSERT INTO `FIPOP`.`analysis_method` (`id`, `analysis_method_type_id`) VALUES (57, 14);
INSERT INTO `FIPOP`.`analysis_method` (`id`, `analysis_method_type_id`) VALUES (58, 14);
INSERT INTO `FIPOP`.`analysis_method` (`id`, `analysis_method_type_id`) VALUES (59, 17);
INSERT INTO `FIPOP`.`analysis_method` (`id`, `analysis_method_type_id`) VALUES (60, 17);
INSERT INTO `FIPOP`.`analysis_method` (`id`, `analysis_method_type_id`) VALUES (61, 17);
INSERT INTO `FIPOP`.`analysis_method` (`id`, `analysis_method_type_id`) VALUES (62, 17);
INSERT INTO `FIPOP`.`analysis_method` (`id`, `analysis_method_type_id`) VALUES (63, 17);
INSERT INTO `FIPOP`.`analysis_method` (`id`, `analysis_method_type_id`) VALUES (64, 17);
INSERT INTO `FIPOP`.`analysis_method` (`id`, `analysis_method_type_id`) VALUES (65, 17);
INSERT INTO `FIPOP`.`analysis_method` (`id`, `analysis_method_type_id`) VALUES (69, 25);
INSERT INTO `FIPOP`.`analysis_method` (`id`, `analysis_method_type_id`) VALUES (70, 25);
INSERT INTO `FIPOP`.`analysis_method` (`id`, `analysis_method_type_id`) VALUES (71, 25);
INSERT INTO `FIPOP`.`analysis_method` (`id`, `analysis_method_type_id`) VALUES (72, 25);
INSERT INTO `FIPOP`.`analysis_method` (`id`, `analysis_method_type_id`) VALUES (73, 25);
INSERT INTO `FIPOP`.`analysis_method` (`id`, `analysis_method_type_id`) VALUES (74, 25);
INSERT INTO `FIPOP`.`analysis_method` (`id`, `analysis_method_type_id`) VALUES (75, 25);
INSERT INTO `FIPOP`.`analysis_method` (`id`, `analysis_method_type_id`) VALUES (76, 25);
INSERT INTO `FIPOP`.`analysis_method` (`id`, `analysis_method_type_id`) VALUES (77, 25);
INSERT INTO `FIPOP`.`analysis_method` (`id`, `analysis_method_type_id`) VALUES (78, 25);
INSERT INTO `FIPOP`.`analysis_method` (`id`, `analysis_method_type_id`) VALUES (79, 25);
INSERT INTO `FIPOP`.`analysis_method` (`id`, `analysis_method_type_id`) VALUES (80, 25);
INSERT INTO `FIPOP`.`analysis_method` (`id`, `analysis_method_type_id`) VALUES (81, 25);

COMMIT;


-- -----------------------------------------------------
-- Data for table `FIPOP`.`analysis_method_type`
-- -----------------------------------------------------
START TRANSACTION;
USE `FIPOP`;
INSERT INTO `FIPOP`.`analysis_method_type` (`id`, `is_static`) VALUES (1, 1);
INSERT INTO `FIPOP`.`analysis_method_type` (`id`, `is_static`) VALUES (7, 1);
INSERT INTO `FIPOP`.`analysis_method_type` (`id`, `is_static`) VALUES (8, 0);
INSERT INTO `FIPOP`.`analysis_method_type` (`id`, `is_static`) VALUES (9, 1);
INSERT INTO `FIPOP`.`analysis_method_type` (`id`, `is_static`) VALUES (10, 1);
INSERT INTO `FIPOP`.`analysis_method_type` (`id`, `is_static`) VALUES (11, 1);
INSERT INTO `FIPOP`.`analysis_method_type` (`id`, `is_static`) VALUES (12, 1);
INSERT INTO `FIPOP`.`analysis_method_type` (`id`, `is_static`) VALUES (13, 1);
INSERT INTO `FIPOP`.`analysis_method_type` (`id`, `is_static`) VALUES (14, 1);
INSERT INTO `FIPOP`.`analysis_method_type` (`id`, `is_static`) VALUES (15, 0);
INSERT INTO `FIPOP`.`analysis_method_type` (`id`, `is_static`) VALUES (16, 0);
INSERT INTO `FIPOP`.`analysis_method_type` (`id`, `is_static`) VALUES (17, 1);
INSERT INTO `FIPOP`.`analysis_method_type` (`id`, `is_static`) VALUES (20, 0);
INSERT INTO `FIPOP`.`analysis_method_type` (`id`, `is_static`) VALUES (21, 0);
INSERT INTO `FIPOP`.`analysis_method_type` (`id`, `is_static`) VALUES (22, 0);
INSERT INTO `FIPOP`.`analysis_method_type` (`id`, `is_static`) VALUES (23, 0);
INSERT INTO `FIPOP`.`analysis_method_type` (`id`, `is_static`) VALUES (24, 0);
INSERT INTO `FIPOP`.`analysis_method_type` (`id`, `is_static`) VALUES (25, 1);

COMMIT;


-- -----------------------------------------------------
-- Data for table `FIPOP`.`analysis_method_type_translation`
-- -----------------------------------------------------
START TRANSACTION;
USE `FIPOP`;
INSERT INTO `FIPOP`.`analysis_method_type_translation` (`id`, `language_id`, `analysis_method_type_id`, `name`) VALUES (1, 1, 1, 'MartinezScheffelUnreliableNarration');
INSERT INTO `FIPOP`.`analysis_method_type_translation` (`id`, `language_id`, `analysis_method_type_id`, `name`) VALUES (7, 1, 7, 'ColorTemperature');
INSERT INTO `FIPOP`.`analysis_method_type_translation` (`id`, `language_id`, `analysis_method_type_id`, `name`) VALUES (8, 1, 8, 'ConceptCameraMovementAndDirection');
INSERT INTO `FIPOP`.`analysis_method_type_translation` (`id`, `language_id`, `analysis_method_type_id`, `name`) VALUES (9, 1, 9, 'CameraElevation');
INSERT INTO `FIPOP`.`analysis_method_type_translation` (`id`, `language_id`, `analysis_method_type_id`, `name`) VALUES (10, 1, 10, 'CameraAxisOfAction');
INSERT INTO `FIPOP`.`analysis_method_type_translation` (`id`, `language_id`, `analysis_method_type_id`, `name`) VALUES (11, 1, 11, 'CameraHorizontalAngle');
INSERT INTO `FIPOP`.`analysis_method_type_translation` (`id`, `language_id`, `analysis_method_type_id`, `name`) VALUES (12, 1, 12, 'CameraVerticalAngle');
INSERT INTO `FIPOP`.`analysis_method_type_translation` (`id`, `language_id`, `analysis_method_type_id`, `name`) VALUES (13, 1, 13, 'CameraShotType');
INSERT INTO `FIPOP`.`analysis_method_type_translation` (`id`, `language_id`, `analysis_method_type_id`, `name`) VALUES (14, 1, 14, 'CameraDistance');
INSERT INTO `FIPOP`.`analysis_method_type_translation` (`id`, `language_id`, `analysis_method_type_id`, `name`) VALUES (15, 1, 15, 'ConceptCameraMovementAndHandling');
INSERT INTO `FIPOP`.`analysis_method_type_translation` (`id`, `language_id`, `analysis_method_type_id`, `name`) VALUES (16, 1, 16, 'CameraMovement');
INSERT INTO `FIPOP`.`analysis_method_type_translation` (`id`, `language_id`, `analysis_method_type_id`, `name`) VALUES (17, 1, 17, 'CameraHandling');
INSERT INTO `FIPOP`.`analysis_method_type_translation` (`id`, `language_id`, `analysis_method_type_id`, `name`) VALUES (20, 1, 20, 'SoundEffectDescriptive');
INSERT INTO `FIPOP`.`analysis_method_type_translation` (`id`, `language_id`, `analysis_method_type_id`, `name`) VALUES (21, 1, 21, 'AnalysisAmbientSound');
INSERT INTO `FIPOP`.`analysis_method_type_translation` (`id`, `language_id`, `analysis_method_type_id`, `name`) VALUES (22, 1, 22, 'AnalysisMusic');
INSERT INTO `FIPOP`.`analysis_method_type_translation` (`id`, `language_id`, `analysis_method_type_id`, `name`) VALUES (23, 1, 23, 'AnalysisSpeech');
INSERT INTO `FIPOP`.`analysis_method_type_translation` (`id`, `language_id`, `analysis_method_type_id`, `name`) VALUES (24, 1, 24, 'AnalysisVoice');
INSERT INTO `FIPOP`.`analysis_method_type_translation` (`id`, `language_id`, `analysis_method_type_id`, `name`) VALUES (25, 1, 25, 'Lighting');

COMMIT;


-- -----------------------------------------------------
-- Data for table `FIPOP`.`audio_codec_information`
-- -----------------------------------------------------
START TRANSACTION;
USE `FIPOP`;
INSERT INTO `FIPOP`.`audio_codec_information` (`id`, `audio_codec`, `channels`, `sample_rate`, `bitrate`) VALUES (1, 'PLACEHOLDER [AUDIO_CODEC_INFORMATION]', '0', '0', '0');

COMMIT;


-- -----------------------------------------------------
-- Data for table `FIPOP`.`camera_axis_of_action`
-- -----------------------------------------------------
START TRANSACTION;
USE `FIPOP`;
INSERT INTO `FIPOP`.`camera_axis_of_action` (`analysis_method_id`, `max_angle`, `min_angle`) VALUES (19, '91', '179');
INSERT INTO `FIPOP`.`camera_axis_of_action` (`analysis_method_id`, `max_angle`, `min_angle`) VALUES (20, '90', '90');
INSERT INTO `FIPOP`.`camera_axis_of_action` (`analysis_method_id`, `max_angle`, `min_angle`) VALUES (21, '1', '89');
INSERT INTO `FIPOP`.`camera_axis_of_action` (`analysis_method_id`, `max_angle`, `min_angle`) VALUES (22, '0', '0');
INSERT INTO `FIPOP`.`camera_axis_of_action` (`analysis_method_id`, `max_angle`, `min_angle`) VALUES (23, '-1', '-89');
INSERT INTO `FIPOP`.`camera_axis_of_action` (`analysis_method_id`, `max_angle`, `min_angle`) VALUES (24, '-90', '-90');
INSERT INTO `FIPOP`.`camera_axis_of_action` (`analysis_method_id`, `max_angle`, `min_angle`) VALUES (25, '-91', '-179');
INSERT INTO `FIPOP`.`camera_axis_of_action` (`analysis_method_id`, `max_angle`, `min_angle`) VALUES (26, '-180', '-180');

COMMIT;


-- -----------------------------------------------------
-- Data for table `FIPOP`.`camera_axis_of_action_translation`
-- -----------------------------------------------------
START TRANSACTION;
USE `FIPOP`;
INSERT INTO `FIPOP`.`camera_axis_of_action_translation` (`id`, `camera_axis_of_action_analysis_method_id`, `language_id`, `name`) VALUES (1, 19, 1, 'Right View (Back)');
INSERT INTO `FIPOP`.`camera_axis_of_action_translation` (`id`, `camera_axis_of_action_analysis_method_id`, `language_id`, `name`) VALUES (2, 20, 1, 'Right Angle (Right)');
INSERT INTO `FIPOP`.`camera_axis_of_action_translation` (`id`, `camera_axis_of_action_analysis_method_id`, `language_id`, `name`) VALUES (3, 21, 1, 'Right view (Front)');
INSERT INTO `FIPOP`.`camera_axis_of_action_translation` (`id`, `camera_axis_of_action_analysis_method_id`, `language_id`, `name`) VALUES (4, 22, 1, 'Front View');
INSERT INTO `FIPOP`.`camera_axis_of_action_translation` (`id`, `camera_axis_of_action_analysis_method_id`, `language_id`, `name`) VALUES (5, 23, 1, 'Left View (Front)');
INSERT INTO `FIPOP`.`camera_axis_of_action_translation` (`id`, `camera_axis_of_action_analysis_method_id`, `language_id`, `name`) VALUES (6, 24, 1, 'Right Angle (left)');
INSERT INTO `FIPOP`.`camera_axis_of_action_translation` (`id`, `camera_axis_of_action_analysis_method_id`, `language_id`, `name`) VALUES (7, 25, 1, 'Left View (Back)');
INSERT INTO `FIPOP`.`camera_axis_of_action_translation` (`id`, `camera_axis_of_action_analysis_method_id`, `language_id`, `name`) VALUES (8, 26, 1, 'Back View');
INSERT INTO `FIPOP`.`camera_axis_of_action_translation` (`id`, `camera_axis_of_action_analysis_method_id`, `language_id`, `name`) VALUES (9, 19, 2, 'Right View (Back)');
INSERT INTO `FIPOP`.`camera_axis_of_action_translation` (`id`, `camera_axis_of_action_analysis_method_id`, `language_id`, `name`) VALUES (10, 20, 2, 'Right Angle (Right)');
INSERT INTO `FIPOP`.`camera_axis_of_action_translation` (`id`, `camera_axis_of_action_analysis_method_id`, `language_id`, `name`) VALUES (11, 21, 2, 'Right view (Front)');
INSERT INTO `FIPOP`.`camera_axis_of_action_translation` (`id`, `camera_axis_of_action_analysis_method_id`, `language_id`, `name`) VALUES (12, 22, 2, 'Front View');
INSERT INTO `FIPOP`.`camera_axis_of_action_translation` (`id`, `camera_axis_of_action_analysis_method_id`, `language_id`, `name`) VALUES (13, 23, 2, 'Left View (Front)');
INSERT INTO `FIPOP`.`camera_axis_of_action_translation` (`id`, `camera_axis_of_action_analysis_method_id`, `language_id`, `name`) VALUES (14, 24, 2, 'Right Angle (left)');
INSERT INTO `FIPOP`.`camera_axis_of_action_translation` (`id`, `camera_axis_of_action_analysis_method_id`, `language_id`, `name`) VALUES (15, 25, 2, 'Left View (Back)');
INSERT INTO `FIPOP`.`camera_axis_of_action_translation` (`id`, `camera_axis_of_action_analysis_method_id`, `language_id`, `name`) VALUES (16, 26, 2, 'Back View');
INSERT INTO `FIPOP`.`camera_axis_of_action_translation` (`id`, `camera_axis_of_action_analysis_method_id`, `language_id`, `name`) VALUES (17, 19, 3, 'schrg von hinten (rechts)');
INSERT INTO `FIPOP`.`camera_axis_of_action_translation` (`id`, `camera_axis_of_action_analysis_method_id`, `language_id`, `name`) VALUES (18, 20, 3, 'im Profil (rechts)');
INSERT INTO `FIPOP`.`camera_axis_of_action_translation` (`id`, `camera_axis_of_action_analysis_method_id`, `language_id`, `name`) VALUES (19, 21, 3, 'schrg von vorne (rechts)');
INSERT INTO `FIPOP`.`camera_axis_of_action_translation` (`id`, `camera_axis_of_action_analysis_method_id`, `language_id`, `name`) VALUES (20, 22, 3, 'Vorderansicht');
INSERT INTO `FIPOP`.`camera_axis_of_action_translation` (`id`, `camera_axis_of_action_analysis_method_id`, `language_id`, `name`) VALUES (21, 23, 3, 'schrg von vorne (links)');
INSERT INTO `FIPOP`.`camera_axis_of_action_translation` (`id`, `camera_axis_of_action_analysis_method_id`, `language_id`, `name`) VALUES (22, 24, 3, 'im Profil (links)');
INSERT INTO `FIPOP`.`camera_axis_of_action_translation` (`id`, `camera_axis_of_action_analysis_method_id`, `language_id`, `name`) VALUES (23, 25, 3, 'schrg von hinten (links)');
INSERT INTO `FIPOP`.`camera_axis_of_action_translation` (`id`, `camera_axis_of_action_analysis_method_id`, `language_id`, `name`) VALUES (24, 26, 3, 'Rckansicht');

COMMIT;


-- -----------------------------------------------------
-- Data for table `FIPOP`.`camera_distance`
-- -----------------------------------------------------
START TRANSACTION;
USE `FIPOP`;
INSERT INTO `FIPOP`.`camera_distance` (`analysis_method_id`) VALUES (55);
INSERT INTO `FIPOP`.`camera_distance` (`analysis_method_id`) VALUES (56);
INSERT INTO `FIPOP`.`camera_distance` (`analysis_method_id`) VALUES (57);
INSERT INTO `FIPOP`.`camera_distance` (`analysis_method_id`) VALUES (58);

COMMIT;


-- -----------------------------------------------------
-- Data for table `FIPOP`.`camera_distance_translation`
-- -----------------------------------------------------
START TRANSACTION;
USE `FIPOP`;
INSERT INTO `FIPOP`.`camera_distance_translation` (`id`, `camera_distance_analysis_method_id`, `language_id`, `name`) VALUES (1, 55, 1, 'Far / Public');
INSERT INTO `FIPOP`.`camera_distance_translation` (`id`, `camera_distance_analysis_method_id`, `language_id`, `name`) VALUES (2, 56, 1, 'Medium / Social');
INSERT INTO `FIPOP`.`camera_distance_translation` (`id`, `camera_distance_analysis_method_id`, `language_id`, `name`) VALUES (3, 57, 1, 'Close / Personal');
INSERT INTO `FIPOP`.`camera_distance_translation` (`id`, `camera_distance_analysis_method_id`, `language_id`, `name`) VALUES (4, 58, 1, 'Very Close / Intimate');
INSERT INTO `FIPOP`.`camera_distance_translation` (`id`, `camera_distance_analysis_method_id`, `language_id`, `name`) VALUES (5, 55, 2, 'Far / Public');
INSERT INTO `FIPOP`.`camera_distance_translation` (`id`, `camera_distance_analysis_method_id`, `language_id`, `name`) VALUES (6, 56, 2, 'Medium / Social');
INSERT INTO `FIPOP`.`camera_distance_translation` (`id`, `camera_distance_analysis_method_id`, `language_id`, `name`) VALUES (7, 57, 2, 'Close / Personal');
INSERT INTO `FIPOP`.`camera_distance_translation` (`id`, `camera_distance_analysis_method_id`, `language_id`, `name`) VALUES (8, 58, 2, 'Very Close / Intimate');
INSERT INTO `FIPOP`.`camera_distance_translation` (`id`, `camera_distance_analysis_method_id`, `language_id`, `name`) VALUES (9, 55, 3, 'ffentliche Distanz (Fern)');
INSERT INTO `FIPOP`.`camera_distance_translation` (`id`, `camera_distance_analysis_method_id`, `language_id`, `name`) VALUES (10, 56, 3, 'Soziale Distanz (Mittel)');
INSERT INTO `FIPOP`.`camera_distance_translation` (`id`, `camera_distance_analysis_method_id`, `language_id`, `name`) VALUES (11, 57, 3, 'Persnliche Distanz (Nah)');
INSERT INTO `FIPOP`.`camera_distance_translation` (`id`, `camera_distance_analysis_method_id`, `language_id`, `name`) VALUES (12, 58, 3, 'Intime Distanz (Gross)');

COMMIT;


-- -----------------------------------------------------
-- Data for table `FIPOP`.`camera_elevation`
-- -----------------------------------------------------
START TRANSACTION;
USE `FIPOP`;
INSERT INTO `FIPOP`.`camera_elevation` (`analysis_method_id`) VALUES (10);
INSERT INTO `FIPOP`.`camera_elevation` (`analysis_method_id`) VALUES (11);
INSERT INTO `FIPOP`.`camera_elevation` (`analysis_method_id`) VALUES (12);
INSERT INTO `FIPOP`.`camera_elevation` (`analysis_method_id`) VALUES (13);
INSERT INTO `FIPOP`.`camera_elevation` (`analysis_method_id`) VALUES (14);
INSERT INTO `FIPOP`.`camera_elevation` (`analysis_method_id`) VALUES (15);
INSERT INTO `FIPOP`.`camera_elevation` (`analysis_method_id`) VALUES (16);
INSERT INTO `FIPOP`.`camera_elevation` (`analysis_method_id`) VALUES (17);
INSERT INTO `FIPOP`.`camera_elevation` (`analysis_method_id`) VALUES (18);

COMMIT;


-- -----------------------------------------------------
-- Data for table `FIPOP`.`camera_elevation_translation`
-- -----------------------------------------------------
START TRANSACTION;
USE `FIPOP`;
INSERT INTO `FIPOP`.`camera_elevation_translation` (`id`, `camera_elevation_analysis_method_id`, `language_id`, `name`) VALUES (1, 10, 1, 'extreme high');
INSERT INTO `FIPOP`.`camera_elevation_translation` (`id`, `camera_elevation_analysis_method_id`, `language_id`, `name`) VALUES (2, 11, 1, 'very high');
INSERT INTO `FIPOP`.`camera_elevation_translation` (`id`, `camera_elevation_analysis_method_id`, `language_id`, `name`) VALUES (3, 12, 1, 'high');
INSERT INTO `FIPOP`.`camera_elevation_translation` (`id`, `camera_elevation_analysis_method_id`, `language_id`, `name`) VALUES (4, 13, 1, 'eye level (elevated)');
INSERT INTO `FIPOP`.`camera_elevation_translation` (`id`, `camera_elevation_analysis_method_id`, `language_id`, `name`) VALUES (5, 14, 1, 'eye Level');
INSERT INTO `FIPOP`.`camera_elevation_translation` (`id`, `camera_elevation_analysis_method_id`, `language_id`, `name`) VALUES (6, 15, 1, 'eye Level (low height)');
INSERT INTO `FIPOP`.`camera_elevation_translation` (`id`, `camera_elevation_analysis_method_id`, `language_id`, `name`) VALUES (7, 16, 1, 'low');
INSERT INTO `FIPOP`.`camera_elevation_translation` (`id`, `camera_elevation_analysis_method_id`, `language_id`, `name`) VALUES (8, 17, 1, 'very low');
INSERT INTO `FIPOP`.`camera_elevation_translation` (`id`, `camera_elevation_analysis_method_id`, `language_id`, `name`) VALUES (9, 18, 1, 'extreme low');
INSERT INTO `FIPOP`.`camera_elevation_translation` (`id`, `camera_elevation_analysis_method_id`, `language_id`, `name`) VALUES (10, 10, 2, 'extreme high');
INSERT INTO `FIPOP`.`camera_elevation_translation` (`id`, `camera_elevation_analysis_method_id`, `language_id`, `name`) VALUES (11, 11, 2, 'very high');
INSERT INTO `FIPOP`.`camera_elevation_translation` (`id`, `camera_elevation_analysis_method_id`, `language_id`, `name`) VALUES (12, 12, 2, 'high');
INSERT INTO `FIPOP`.`camera_elevation_translation` (`id`, `camera_elevation_analysis_method_id`, `language_id`, `name`) VALUES (13, 13, 2, 'eye level (elevated)');
INSERT INTO `FIPOP`.`camera_elevation_translation` (`id`, `camera_elevation_analysis_method_id`, `language_id`, `name`) VALUES (14, 14, 2, 'eye Level');
INSERT INTO `FIPOP`.`camera_elevation_translation` (`id`, `camera_elevation_analysis_method_id`, `language_id`, `name`) VALUES (15, 15, 2, 'eye Level (low height)');
INSERT INTO `FIPOP`.`camera_elevation_translation` (`id`, `camera_elevation_analysis_method_id`, `language_id`, `name`) VALUES (16, 16, 2, 'low');
INSERT INTO `FIPOP`.`camera_elevation_translation` (`id`, `camera_elevation_analysis_method_id`, `language_id`, `name`) VALUES (17, 17, 2, 'very low');
INSERT INTO `FIPOP`.`camera_elevation_translation` (`id`, `camera_elevation_analysis_method_id`, `language_id`, `name`) VALUES (18, 18, 2, 'extreme low');
INSERT INTO `FIPOP`.`camera_elevation_translation` (`id`, `camera_elevation_analysis_method_id`, `language_id`, `name`) VALUES (19, 10, 3, 'extrem erhht');
INSERT INTO `FIPOP`.`camera_elevation_translation` (`id`, `camera_elevation_analysis_method_id`, `language_id`, `name`) VALUES (20, 11, 3, 'stark erhht');
INSERT INTO `FIPOP`.`camera_elevation_translation` (`id`, `camera_elevation_analysis_method_id`, `language_id`, `name`) VALUES (21, 12, 3, 'leicht erhht');
INSERT INTO `FIPOP`.`camera_elevation_translation` (`id`, `camera_elevation_analysis_method_id`, `language_id`, `name`) VALUES (22, 13, 3, 'Augenhhe (erhht)');
INSERT INTO `FIPOP`.`camera_elevation_translation` (`id`, `camera_elevation_analysis_method_id`, `language_id`, `name`) VALUES (23, 14, 3, 'Augenhhe');
INSERT INTO `FIPOP`.`camera_elevation_translation` (`id`, `camera_elevation_analysis_method_id`, `language_id`, `name`) VALUES (24, 15, 3, 'Augenhhe (sitzend)');
INSERT INTO `FIPOP`.`camera_elevation_translation` (`id`, `camera_elevation_analysis_method_id`, `language_id`, `name`) VALUES (25, 16, 3, 'leicht verringert');
INSERT INTO `FIPOP`.`camera_elevation_translation` (`id`, `camera_elevation_analysis_method_id`, `language_id`, `name`) VALUES (26, 17, 3, 'stark verringert');
INSERT INTO `FIPOP`.`camera_elevation_translation` (`id`, `camera_elevation_analysis_method_id`, `language_id`, `name`) VALUES (27, 18, 3, 'extrem verringert');

COMMIT;


-- -----------------------------------------------------
-- Data for table `FIPOP`.`camera_handling`
-- -----------------------------------------------------
START TRANSACTION;
USE `FIPOP`;
INSERT INTO `FIPOP`.`camera_handling` (`analysis_method_id`) VALUES (59);
INSERT INTO `FIPOP`.`camera_handling` (`analysis_method_id`) VALUES (60);
INSERT INTO `FIPOP`.`camera_handling` (`analysis_method_id`) VALUES (61);
INSERT INTO `FIPOP`.`camera_handling` (`analysis_method_id`) VALUES (62);
INSERT INTO `FIPOP`.`camera_handling` (`analysis_method_id`) VALUES (63);
INSERT INTO `FIPOP`.`camera_handling` (`analysis_method_id`) VALUES (64);
INSERT INTO `FIPOP`.`camera_handling` (`analysis_method_id`) VALUES (65);

COMMIT;


-- -----------------------------------------------------
-- Data for table `FIPOP`.`camera_handling_translation`
-- -----------------------------------------------------
START TRANSACTION;
USE `FIPOP`;
INSERT INTO `FIPOP`.`camera_handling_translation` (`id`, `camera_handling_analysis_method_id`, `language_id`, `type`) VALUES (1, 59, 1, 'static');
INSERT INTO `FIPOP`.`camera_handling_translation` (`id`, `camera_handling_analysis_method_id`, `language_id`, `type`) VALUES (2, 60, 1, 'handheld');
INSERT INTO `FIPOP`.`camera_handling_translation` (`id`, `camera_handling_analysis_method_id`, `language_id`, `type`) VALUES (3, 61, 1, 'Shaky Cam');
INSERT INTO `FIPOP`.`camera_handling_translation` (`id`, `camera_handling_analysis_method_id`, `language_id`, `type`) VALUES (4, 62, 1, 'Dolly');
INSERT INTO `FIPOP`.`camera_handling_translation` (`id`, `camera_handling_analysis_method_id`, `language_id`, `type`) VALUES (5, 63, 1, 'sliding/floating');
INSERT INTO `FIPOP`.`camera_handling_translation` (`id`, `camera_handling_analysis_method_id`, `language_id`, `type`) VALUES (6, 64, 1, 'aerial');
INSERT INTO `FIPOP`.`camera_handling_translation` (`id`, `camera_handling_analysis_method_id`, `language_id`, `type`) VALUES (7, 65, 1, 'attached');
INSERT INTO `FIPOP`.`camera_handling_translation` (`id`, `camera_handling_analysis_method_id`, `language_id`, `type`) VALUES (8, 59, 2, 'static');
INSERT INTO `FIPOP`.`camera_handling_translation` (`id`, `camera_handling_analysis_method_id`, `language_id`, `type`) VALUES (9, 60, 2, 'handheld');
INSERT INTO `FIPOP`.`camera_handling_translation` (`id`, `camera_handling_analysis_method_id`, `language_id`, `type`) VALUES (10, 61, 2, 'Shaky Cam');
INSERT INTO `FIPOP`.`camera_handling_translation` (`id`, `camera_handling_analysis_method_id`, `language_id`, `type`) VALUES (11, 62, 2, 'Dolly');
INSERT INTO `FIPOP`.`camera_handling_translation` (`id`, `camera_handling_analysis_method_id`, `language_id`, `type`) VALUES (12, 63, 2, 'sliding, floating');
INSERT INTO `FIPOP`.`camera_handling_translation` (`id`, `camera_handling_analysis_method_id`, `language_id`, `type`) VALUES (13, 64, 2, 'aerial');
INSERT INTO `FIPOP`.`camera_handling_translation` (`id`, `camera_handling_analysis_method_id`, `language_id`, `type`) VALUES (14, 65, 2, 'attached');
INSERT INTO `FIPOP`.`camera_handling_translation` (`id`, `camera_handling_analysis_method_id`, `language_id`, `type`) VALUES (15, 59, 3, 'statisch');
INSERT INTO `FIPOP`.`camera_handling_translation` (`id`, `camera_handling_analysis_method_id`, `language_id`, `type`) VALUES (16, 60, 3, 'handgefhrt');
INSERT INTO `FIPOP`.`camera_handling_translation` (`id`, `camera_handling_analysis_method_id`, `language_id`, `type`) VALUES (17, 61, 3, 'verwackelt');
INSERT INTO `FIPOP`.`camera_handling_translation` (`id`, `camera_handling_analysis_method_id`, `language_id`, `type`) VALUES (18, 62, 3, 'fahrend');
INSERT INTO `FIPOP`.`camera_handling_translation` (`id`, `camera_handling_analysis_method_id`, `language_id`, `type`) VALUES (19, 63, 3, 'gleitend');
INSERT INTO `FIPOP`.`camera_handling_translation` (`id`, `camera_handling_analysis_method_id`, `language_id`, `type`) VALUES (20, 64, 3, 'fliegend');
INSERT INTO `FIPOP`.`camera_handling_translation` (`id`, `camera_handling_analysis_method_id`, `language_id`, `type`) VALUES (21, 65, 3, 'krper- / objektgebunden');

COMMIT;


-- -----------------------------------------------------
-- Data for table `FIPOP`.`camera_horizontal_angle`
-- -----------------------------------------------------
START TRANSACTION;
USE `FIPOP`;
INSERT INTO `FIPOP`.`camera_horizontal_angle` (`analysis_method_id`, `min_angle`, `max_angle`) VALUES (27, 90, 90);
INSERT INTO `FIPOP`.`camera_horizontal_angle` (`analysis_method_id`, `min_angle`, `max_angle`) VALUES (28, 45, 89);
INSERT INTO `FIPOP`.`camera_horizontal_angle` (`analysis_method_id`, `min_angle`, `max_angle`) VALUES (29, 1, 44);
INSERT INTO `FIPOP`.`camera_horizontal_angle` (`analysis_method_id`, `min_angle`, `max_angle`) VALUES (30, 0, 0);
INSERT INTO `FIPOP`.`camera_horizontal_angle` (`analysis_method_id`, `min_angle`, `max_angle`) VALUES (31, -1, -44);
INSERT INTO `FIPOP`.`camera_horizontal_angle` (`analysis_method_id`, `min_angle`, `max_angle`) VALUES (32, -45, -89);
INSERT INTO `FIPOP`.`camera_horizontal_angle` (`analysis_method_id`, `min_angle`, `max_angle`) VALUES (33, -90, -90);
INSERT INTO `FIPOP`.`camera_horizontal_angle` (`analysis_method_id`, `min_angle`, `max_angle`) VALUES (34, 91, 179);
INSERT INTO `FIPOP`.`camera_horizontal_angle` (`analysis_method_id`, `min_angle`, `max_angle`) VALUES (35, -91, -179);
INSERT INTO `FIPOP`.`camera_horizontal_angle` (`analysis_method_id`, `min_angle`, `max_angle`) VALUES (36, -180, -180);

COMMIT;


-- -----------------------------------------------------
-- Data for table `FIPOP`.`camera_horizontal_angle_translation`
-- -----------------------------------------------------
START TRANSACTION;
USE `FIPOP`;
INSERT INTO `FIPOP`.`camera_horizontal_angle_translation` (`id`, `camera_horizontal_angle_analysis_method_id`, `language_id`, `name`) VALUES (1, 27, 1, 'Left-Tilt');
INSERT INTO `FIPOP`.`camera_horizontal_angle_translation` (`id`, `camera_horizontal_angle_analysis_method_id`, `language_id`, `name`) VALUES (2, 28, 1, 'Strong Left-Tilt');
INSERT INTO `FIPOP`.`camera_horizontal_angle_translation` (`id`, `camera_horizontal_angle_analysis_method_id`, `language_id`, `name`) VALUES (3, 29, 1, 'Slight Left-Tilt');
INSERT INTO `FIPOP`.`camera_horizontal_angle_translation` (`id`, `camera_horizontal_angle_analysis_method_id`, `language_id`, `name`) VALUES (4, 30, 1, 'In Balance');
INSERT INTO `FIPOP`.`camera_horizontal_angle_translation` (`id`, `camera_horizontal_angle_analysis_method_id`, `language_id`, `name`) VALUES (5, 31, 1, 'Slight Right-Tilt');
INSERT INTO `FIPOP`.`camera_horizontal_angle_translation` (`id`, `camera_horizontal_angle_analysis_method_id`, `language_id`, `name`) VALUES (6, 32, 1, 'Strong Right-Tilt');
INSERT INTO `FIPOP`.`camera_horizontal_angle_translation` (`id`, `camera_horizontal_angle_analysis_method_id`, `language_id`, `name`) VALUES (7, 33, 1, 'Right-Tilt');
INSERT INTO `FIPOP`.`camera_horizontal_angle_translation` (`id`, `camera_horizontal_angle_analysis_method_id`, `language_id`, `name`) VALUES (8, 34, 1, 'upside down, clockwise');
INSERT INTO `FIPOP`.`camera_horizontal_angle_translation` (`id`, `camera_horizontal_angle_analysis_method_id`, `language_id`, `name`) VALUES (9, 35, 1, 'upside down, counter-clockwise');
INSERT INTO `FIPOP`.`camera_horizontal_angle_translation` (`id`, `camera_horizontal_angle_analysis_method_id`, `language_id`, `name`) VALUES (10, 36, 1, 'upside down, in balance');
INSERT INTO `FIPOP`.`camera_horizontal_angle_translation` (`id`, `camera_horizontal_angle_analysis_method_id`, `language_id`, `name`) VALUES (11, 27, 2, 'Left-Tilt');
INSERT INTO `FIPOP`.`camera_horizontal_angle_translation` (`id`, `camera_horizontal_angle_analysis_method_id`, `language_id`, `name`) VALUES (12, 28, 2, 'Strong Left-Tilt');
INSERT INTO `FIPOP`.`camera_horizontal_angle_translation` (`id`, `camera_horizontal_angle_analysis_method_id`, `language_id`, `name`) VALUES (13, 29, 2, 'Slight Left-Tilt');
INSERT INTO `FIPOP`.`camera_horizontal_angle_translation` (`id`, `camera_horizontal_angle_analysis_method_id`, `language_id`, `name`) VALUES (14, 30, 2, 'In Balance');
INSERT INTO `FIPOP`.`camera_horizontal_angle_translation` (`id`, `camera_horizontal_angle_analysis_method_id`, `language_id`, `name`) VALUES (15, 31, 2, 'Slight Right-Tilt');
INSERT INTO `FIPOP`.`camera_horizontal_angle_translation` (`id`, `camera_horizontal_angle_analysis_method_id`, `language_id`, `name`) VALUES (16, 32, 2, 'Strong Right-Tilt');
INSERT INTO `FIPOP`.`camera_horizontal_angle_translation` (`id`, `camera_horizontal_angle_analysis_method_id`, `language_id`, `name`) VALUES (17, 33, 2, 'Right-Tilt');
INSERT INTO `FIPOP`.`camera_horizontal_angle_translation` (`id`, `camera_horizontal_angle_analysis_method_id`, `language_id`, `name`) VALUES (18, 34, 2, 'upside down, clockwise');
INSERT INTO `FIPOP`.`camera_horizontal_angle_translation` (`id`, `camera_horizontal_angle_analysis_method_id`, `language_id`, `name`) VALUES (19, 35, 2, 'upside down, counter-clockwise');
INSERT INTO `FIPOP`.`camera_horizontal_angle_translation` (`id`, `camera_horizontal_angle_analysis_method_id`, `language_id`, `name`) VALUES (20, 36, 2, 'upside down, in balance');
INSERT INTO `FIPOP`.`camera_horizontal_angle_translation` (`id`, `camera_horizontal_angle_analysis_method_id`, `language_id`, `name`) VALUES (21, 27, 3, 'links gekippt (Kamera / Bild nach rechts)');
INSERT INTO `FIPOP`.`camera_horizontal_angle_translation` (`id`, `camera_horizontal_angle_analysis_method_id`, `language_id`, `name`) VALUES (22, 28, 3, 'stark links-verkantet (Kamera / Bild nach rechts)');
INSERT INTO `FIPOP`.`camera_horizontal_angle_translation` (`id`, `camera_horizontal_angle_analysis_method_id`, `language_id`, `name`) VALUES (23, 29, 3, 'leicht links-verkantet (Kamera / Bild nach rechts)');
INSERT INTO `FIPOP`.`camera_horizontal_angle_translation` (`id`, `camera_horizontal_angle_analysis_method_id`, `language_id`, `name`) VALUES (24, 30, 3, '(Normalposition / lotrechte Position)');
INSERT INTO `FIPOP`.`camera_horizontal_angle_translation` (`id`, `camera_horizontal_angle_analysis_method_id`, `language_id`, `name`) VALUES (25, 31, 3, 'leicht rechts-verkantet (Kamera / Bild nach links)');
INSERT INTO `FIPOP`.`camera_horizontal_angle_translation` (`id`, `camera_horizontal_angle_analysis_method_id`, `language_id`, `name`) VALUES (26, 32, 3, 'starkt rechts-verkantet (Kamera / Bild nach links)');
INSERT INTO `FIPOP`.`camera_horizontal_angle_translation` (`id`, `camera_horizontal_angle_analysis_method_id`, `language_id`, `name`) VALUES (27, 33, 3, 'rechts gekippt (Kamera / Bild nach links)');
INSERT INTO `FIPOP`.`camera_horizontal_angle_translation` (`id`, `camera_horizontal_angle_analysis_method_id`, `language_id`, `name`) VALUES (28, 34, 3, 'berkopfposition, linksgedrehte Kamera');
INSERT INTO `FIPOP`.`camera_horizontal_angle_translation` (`id`, `camera_horizontal_angle_analysis_method_id`, `language_id`, `name`) VALUES (29, 35, 3, 'berkopfposition, rechtsgedrehte Kamera');
INSERT INTO `FIPOP`.`camera_horizontal_angle_translation` (`id`, `camera_horizontal_angle_analysis_method_id`, `language_id`, `name`) VALUES (30, 36, 3, 'Normalposition, berkopf');

COMMIT;


-- -----------------------------------------------------
-- Data for table `FIPOP`.`camera_movement_characteristic`
-- -----------------------------------------------------
START TRANSACTION;
USE `FIPOP`;
INSERT INTO `FIPOP`.`camera_movement_characteristic` (`id`) VALUES (1);
INSERT INTO `FIPOP`.`camera_movement_characteristic` (`id`) VALUES (2);
INSERT INTO `FIPOP`.`camera_movement_characteristic` (`id`) VALUES (3);
INSERT INTO `FIPOP`.`camera_movement_characteristic` (`id`) VALUES (4);
INSERT INTO `FIPOP`.`camera_movement_characteristic` (`id`) VALUES (5);
INSERT INTO `FIPOP`.`camera_movement_characteristic` (`id`) VALUES (6);
INSERT INTO `FIPOP`.`camera_movement_characteristic` (`id`) VALUES (7);
INSERT INTO `FIPOP`.`camera_movement_characteristic` (`id`) VALUES (8);
INSERT INTO `FIPOP`.`camera_movement_characteristic` (`id`) VALUES (9);
INSERT INTO `FIPOP`.`camera_movement_characteristic` (`id`) VALUES (10);
INSERT INTO `FIPOP`.`camera_movement_characteristic` (`id`) VALUES (11);

COMMIT;


-- -----------------------------------------------------
-- Data for table `FIPOP`.`camera_movement_translation`
-- -----------------------------------------------------
START TRANSACTION;
USE `FIPOP`;
INSERT INTO `FIPOP`.`camera_movement_translation` (`id`, `camera_movement_analysis_method_id`, `language_id`, `type`) VALUES (1, 1, 1, 'Movement (Camera)');
INSERT INTO `FIPOP`.`camera_movement_translation` (`id`, `camera_movement_analysis_method_id`, `language_id`, `type`) VALUES (2, 2, 1, 'Movement (Object)');
INSERT INTO `FIPOP`.`camera_movement_translation` (`id`, `camera_movement_analysis_method_id`, `language_id`, `type`) VALUES (3, 3, 1, 'Zoom in');
INSERT INTO `FIPOP`.`camera_movement_translation` (`id`, `camera_movement_analysis_method_id`, `language_id`, `type`) VALUES (4, 4, 1, 'Panning/Tilting');
INSERT INTO `FIPOP`.`camera_movement_translation` (`id`, `camera_movement_analysis_method_id`, `language_id`, `type`) VALUES (5, 5, 1, 'Roll');
INSERT INTO `FIPOP`.`camera_movement_translation` (`id`, `camera_movement_analysis_method_id`, `language_id`, `type`) VALUES (6, 6, 1, 'Tumbling');
INSERT INTO `FIPOP`.`camera_movement_translation` (`id`, `camera_movement_analysis_method_id`, `language_id`, `type`) VALUES (7, 1, 2, 'Movement (Camera)');
INSERT INTO `FIPOP`.`camera_movement_translation` (`id`, `camera_movement_analysis_method_id`, `language_id`, `type`) VALUES (8, 2, 2, 'Movement (Object)');
INSERT INTO `FIPOP`.`camera_movement_translation` (`id`, `camera_movement_analysis_method_id`, `language_id`, `type`) VALUES (9, 3, 2, 'Zoom in');
INSERT INTO `FIPOP`.`camera_movement_translation` (`id`, `camera_movement_analysis_method_id`, `language_id`, `type`) VALUES (10, 4, 2, 'Panning (left-right)/Tilting (up-down)');
INSERT INTO `FIPOP`.`camera_movement_translation` (`id`, `camera_movement_analysis_method_id`, `language_id`, `type`) VALUES (11, 5, 2, 'Roll');
INSERT INTO `FIPOP`.`camera_movement_translation` (`id`, `camera_movement_analysis_method_id`, `language_id`, `type`) VALUES (12, 6, 2, 'Tumbling');
INSERT INTO `FIPOP`.`camera_movement_translation` (`id`, `camera_movement_analysis_method_id`, `language_id`, `type`) VALUES (13, 1, 3, 'Bewegung (Kamera)');
INSERT INTO `FIPOP`.`camera_movement_translation` (`id`, `camera_movement_analysis_method_id`, `language_id`, `type`) VALUES (14, 2, 3, 'Bewegung (Darstellungsobjekt)');
INSERT INTO `FIPOP`.`camera_movement_translation` (`id`, `camera_movement_analysis_method_id`, `language_id`, `type`) VALUES (15, 3, 3, 'Zoom');
INSERT INTO `FIPOP`.`camera_movement_translation` (`id`, `camera_movement_analysis_method_id`, `language_id`, `type`) VALUES (16, 4, 3, 'Schwenk');
INSERT INTO `FIPOP`.`camera_movement_translation` (`id`, `camera_movement_analysis_method_id`, `language_id`, `type`) VALUES (17, 5, 3, 'Rollen');
INSERT INTO `FIPOP`.`camera_movement_translation` (`id`, `camera_movement_analysis_method_id`, `language_id`, `type`) VALUES (18, 6, 3, 'Taumeln');

COMMIT;


-- -----------------------------------------------------
-- Data for table `FIPOP`.`camera_shot_type`
-- -----------------------------------------------------
START TRANSACTION;
USE `FIPOP`;
INSERT INTO `FIPOP`.`camera_shot_type` (`analysis_method_id`, `camera_distance_analysis_method_id`) VALUES (47, 55);
INSERT INTO `FIPOP`.`camera_shot_type` (`analysis_method_id`, `camera_distance_analysis_method_id`) VALUES (48, 55);
INSERT INTO `FIPOP`.`camera_shot_type` (`analysis_method_id`, `camera_distance_analysis_method_id`) VALUES (49, 56);
INSERT INTO `FIPOP`.`camera_shot_type` (`analysis_method_id`, `camera_distance_analysis_method_id`) VALUES (50, 56);
INSERT INTO `FIPOP`.`camera_shot_type` (`analysis_method_id`, `camera_distance_analysis_method_id`) VALUES (51, 57);
INSERT INTO `FIPOP`.`camera_shot_type` (`analysis_method_id`, `camera_distance_analysis_method_id`) VALUES (52, 57);
INSERT INTO `FIPOP`.`camera_shot_type` (`analysis_method_id`, `camera_distance_analysis_method_id`) VALUES (53, 58);
INSERT INTO `FIPOP`.`camera_shot_type` (`analysis_method_id`, `camera_distance_analysis_method_id`) VALUES (54, 58);

COMMIT;


-- -----------------------------------------------------
-- Data for table `FIPOP`.`camera_shot_type_translation`
-- -----------------------------------------------------
START TRANSACTION;
USE `FIPOP`;
INSERT INTO `FIPOP`.`camera_shot_type_translation` (`id`, `camera_shot_type_analysis_method_id`, `language_id`, `type`) VALUES (1, 47, 1, 'Extreme Long Shot');
INSERT INTO `FIPOP`.`camera_shot_type_translation` (`id`, `camera_shot_type_analysis_method_id`, `language_id`, `type`) VALUES (2, 48, 1, 'Long Shot');
INSERT INTO `FIPOP`.`camera_shot_type_translation` (`id`, `camera_shot_type_analysis_method_id`, `language_id`, `type`) VALUES (3, 49, 1, 'Medium Long Shot');
INSERT INTO `FIPOP`.`camera_shot_type_translation` (`id`, `camera_shot_type_analysis_method_id`, `language_id`, `type`) VALUES (4, 50, 1, 'American Shot');
INSERT INTO `FIPOP`.`camera_shot_type_translation` (`id`, `camera_shot_type_analysis_method_id`, `language_id`, `type`) VALUES (5, 51, 1, 'Medium Shot');
INSERT INTO `FIPOP`.`camera_shot_type_translation` (`id`, `camera_shot_type_analysis_method_id`, `language_id`, `type`) VALUES (6, 52, 1, 'Medium Close-up');
INSERT INTO `FIPOP`.`camera_shot_type_translation` (`id`, `camera_shot_type_analysis_method_id`, `language_id`, `type`) VALUES (7, 53, 1, 'Close-up');
INSERT INTO `FIPOP`.`camera_shot_type_translation` (`id`, `camera_shot_type_analysis_method_id`, `language_id`, `type`) VALUES (8, 54, 1, 'Extreme Close-up');
INSERT INTO `FIPOP`.`camera_shot_type_translation` (`id`, `camera_shot_type_analysis_method_id`, `language_id`, `type`) VALUES (9, 47, 2, 'Extreme Long Shot');
INSERT INTO `FIPOP`.`camera_shot_type_translation` (`id`, `camera_shot_type_analysis_method_id`, `language_id`, `type`) VALUES (10, 48, 2, 'Long Shot');
INSERT INTO `FIPOP`.`camera_shot_type_translation` (`id`, `camera_shot_type_analysis_method_id`, `language_id`, `type`) VALUES (11, 49, 2, 'Medium Long Shot');
INSERT INTO `FIPOP`.`camera_shot_type_translation` (`id`, `camera_shot_type_analysis_method_id`, `language_id`, `type`) VALUES (12, 50, 2, 'American Shot');
INSERT INTO `FIPOP`.`camera_shot_type_translation` (`id`, `camera_shot_type_analysis_method_id`, `language_id`, `type`) VALUES (13, 51, 2, 'Medium Shot');
INSERT INTO `FIPOP`.`camera_shot_type_translation` (`id`, `camera_shot_type_analysis_method_id`, `language_id`, `type`) VALUES (14, 52, 2, 'Medium Close-up');
INSERT INTO `FIPOP`.`camera_shot_type_translation` (`id`, `camera_shot_type_analysis_method_id`, `language_id`, `type`) VALUES (15, 53, 2, 'Close-up');
INSERT INTO `FIPOP`.`camera_shot_type_translation` (`id`, `camera_shot_type_analysis_method_id`, `language_id`, `type`) VALUES (16, 54, 2, 'Extreme Close-up');
INSERT INTO `FIPOP`.`camera_shot_type_translation` (`id`, `camera_shot_type_analysis_method_id`, `language_id`, `type`) VALUES (17, 47, 3, 'Panorama');
INSERT INTO `FIPOP`.`camera_shot_type_translation` (`id`, `camera_shot_type_analysis_method_id`, `language_id`, `type`) VALUES (18, 48, 3, 'Totale');
INSERT INTO `FIPOP`.`camera_shot_type_translation` (`id`, `camera_shot_type_analysis_method_id`, `language_id`, `type`) VALUES (19, 49, 3, 'Halbtotale');
INSERT INTO `FIPOP`.`camera_shot_type_translation` (`id`, `camera_shot_type_analysis_method_id`, `language_id`, `type`) VALUES (20, 50, 3, 'Amerikanische');
INSERT INTO `FIPOP`.`camera_shot_type_translation` (`id`, `camera_shot_type_analysis_method_id`, `language_id`, `type`) VALUES (21, 51, 3, 'Halbnahe');
INSERT INTO `FIPOP`.`camera_shot_type_translation` (`id`, `camera_shot_type_analysis_method_id`, `language_id`, `type`) VALUES (22, 52, 3, 'Nahe');
INSERT INTO `FIPOP`.`camera_shot_type_translation` (`id`, `camera_shot_type_analysis_method_id`, `language_id`, `type`) VALUES (23, 53, 3, 'Groaufnahme');
INSERT INTO `FIPOP`.`camera_shot_type_translation` (`id`, `camera_shot_type_analysis_method_id`, `language_id`, `type`) VALUES (24, 54, 3, 'Detail');

COMMIT;


-- -----------------------------------------------------
-- Data for table `FIPOP`.`camera_vertical_angle`
-- -----------------------------------------------------
START TRANSACTION;
USE `FIPOP`;
INSERT INTO `FIPOP`.`camera_vertical_angle` (`analysis_method_id`, `min_angle`, `max_angle`) VALUES (37, 90, 90);
INSERT INTO `FIPOP`.`camera_vertical_angle` (`analysis_method_id`, `min_angle`, `max_angle`) VALUES (38, 45, 89);
INSERT INTO `FIPOP`.`camera_vertical_angle` (`analysis_method_id`, `min_angle`, `max_angle`) VALUES (39, 1, 44);
INSERT INTO `FIPOP`.`camera_vertical_angle` (`analysis_method_id`, `min_angle`, `max_angle`) VALUES (40, 0, 0);
INSERT INTO `FIPOP`.`camera_vertical_angle` (`analysis_method_id`, `min_angle`, `max_angle`) VALUES (41, -1, -44);
INSERT INTO `FIPOP`.`camera_vertical_angle` (`analysis_method_id`, `min_angle`, `max_angle`) VALUES (42, -45, -89);
INSERT INTO `FIPOP`.`camera_vertical_angle` (`analysis_method_id`, `min_angle`, `max_angle`) VALUES (43, -90, -90);
INSERT INTO `FIPOP`.`camera_vertical_angle` (`analysis_method_id`, `min_angle`, `max_angle`) VALUES (44, 91, 179);
INSERT INTO `FIPOP`.`camera_vertical_angle` (`analysis_method_id`, `min_angle`, `max_angle`) VALUES (45, -91, -179);
INSERT INTO `FIPOP`.`camera_vertical_angle` (`analysis_method_id`, `min_angle`, `max_angle`) VALUES (46, -180, -180);

COMMIT;


-- -----------------------------------------------------
-- Data for table `FIPOP`.`camera_vertical_angle_translation`
-- -----------------------------------------------------
START TRANSACTION;
USE `FIPOP`;
INSERT INTO `FIPOP`.`camera_vertical_angle_translation` (`id`, `camera_vertical_angle_analysis_method_id`, `language_id`, `name`) VALUES (1, 37, 1, 'Top Shot');
INSERT INTO `FIPOP`.`camera_vertical_angle_translation` (`id`, `camera_vertical_angle_analysis_method_id`, `language_id`, `name`) VALUES (2, 38, 1, 'Bird\'s-Eye View');
INSERT INTO `FIPOP`.`camera_vertical_angle_translation` (`id`, `camera_vertical_angle_analysis_method_id`, `language_id`, `name`) VALUES (3, 39, 1, 'High-Angle Shot');
INSERT INTO `FIPOP`.`camera_vertical_angle_translation` (`id`, `camera_vertical_angle_analysis_method_id`, `language_id`, `name`) VALUES (4, 40, 1, '(Eye Level)');
INSERT INTO `FIPOP`.`camera_vertical_angle_translation` (`id`, `camera_vertical_angle_analysis_method_id`, `language_id`, `name`) VALUES (5, 41, 1, 'Low-Angle Shot');
INSERT INTO `FIPOP`.`camera_vertical_angle_translation` (`id`, `camera_vertical_angle_analysis_method_id`, `language_id`, `name`) VALUES (6, 42, 1, 'Worm\'s-Eye View');
INSERT INTO `FIPOP`.`camera_vertical_angle_translation` (`id`, `camera_vertical_angle_analysis_method_id`, `language_id`, `name`) VALUES (7, 43, 1, 'Floor Shot');
INSERT INTO `FIPOP`.`camera_vertical_angle_translation` (`id`, `camera_vertical_angle_analysis_method_id`, `language_id`, `name`) VALUES (8, 44, 1, 'High-Angle upside down');
INSERT INTO `FIPOP`.`camera_vertical_angle_translation` (`id`, `camera_vertical_angle_analysis_method_id`, `language_id`, `name`) VALUES (9, 45, 1, 'Low-Angle upside down');
INSERT INTO `FIPOP`.`camera_vertical_angle_translation` (`id`, `camera_vertical_angle_analysis_method_id`, `language_id`, `name`) VALUES (10, 46, 1, 'Eye-Level, upside down');
INSERT INTO `FIPOP`.`camera_vertical_angle_translation` (`id`, `camera_vertical_angle_analysis_method_id`, `language_id`, `name`) VALUES (11, 37, 2, 'Top Shot');
INSERT INTO `FIPOP`.`camera_vertical_angle_translation` (`id`, `camera_vertical_angle_analysis_method_id`, `language_id`, `name`) VALUES (12, 38, 2, 'Bird\'s-Eye View');
INSERT INTO `FIPOP`.`camera_vertical_angle_translation` (`id`, `camera_vertical_angle_analysis_method_id`, `language_id`, `name`) VALUES (13, 39, 2, 'High-Angle Shot');
INSERT INTO `FIPOP`.`camera_vertical_angle_translation` (`id`, `camera_vertical_angle_analysis_method_id`, `language_id`, `name`) VALUES (14, 40, 2, '(Eye Level)');
INSERT INTO `FIPOP`.`camera_vertical_angle_translation` (`id`, `camera_vertical_angle_analysis_method_id`, `language_id`, `name`) VALUES (15, 41, 2, 'Low-Angle Shot');
INSERT INTO `FIPOP`.`camera_vertical_angle_translation` (`id`, `camera_vertical_angle_analysis_method_id`, `language_id`, `name`) VALUES (16, 42, 2, 'Worm\'s-Eye View');
INSERT INTO `FIPOP`.`camera_vertical_angle_translation` (`id`, `camera_vertical_angle_analysis_method_id`, `language_id`, `name`) VALUES (17, 43, 2, 'Floor Shot');
INSERT INTO `FIPOP`.`camera_vertical_angle_translation` (`id`, `camera_vertical_angle_analysis_method_id`, `language_id`, `name`) VALUES (18, 44, 2, 'High-Angle upside down');
INSERT INTO `FIPOP`.`camera_vertical_angle_translation` (`id`, `camera_vertical_angle_analysis_method_id`, `language_id`, `name`) VALUES (19, 45, 2, 'Low-Angle upside down');
INSERT INTO `FIPOP`.`camera_vertical_angle_translation` (`id`, `camera_vertical_angle_analysis_method_id`, `language_id`, `name`) VALUES (20, 46, 2, 'Eye-Level, upside down');
INSERT INTO `FIPOP`.`camera_vertical_angle_translation` (`id`, `camera_vertical_angle_analysis_method_id`, `language_id`, `name`) VALUES (21, 37, 3, 'Top Shot');
INSERT INTO `FIPOP`.`camera_vertical_angle_translation` (`id`, `camera_vertical_angle_analysis_method_id`, `language_id`, `name`) VALUES (22, 38, 3, 'starke Aufsicht (Vogelperspektive)');
INSERT INTO `FIPOP`.`camera_vertical_angle_translation` (`id`, `camera_vertical_angle_analysis_method_id`, `language_id`, `name`) VALUES (23, 39, 3, 'leichte Aufsicht');
INSERT INTO `FIPOP`.`camera_vertical_angle_translation` (`id`, `camera_vertical_angle_analysis_method_id`, `language_id`, `name`) VALUES (24, 40, 3, '(Normalhhe)');
INSERT INTO `FIPOP`.`camera_vertical_angle_translation` (`id`, `camera_vertical_angle_analysis_method_id`, `language_id`, `name`) VALUES (25, 41, 3, 'leichte Untersicht');
INSERT INTO `FIPOP`.`camera_vertical_angle_translation` (`id`, `camera_vertical_angle_analysis_method_id`, `language_id`, `name`) VALUES (26, 42, 3, 'starke Untersicht (Froschperspektive)');
INSERT INTO `FIPOP`.`camera_vertical_angle_translation` (`id`, `camera_vertical_angle_analysis_method_id`, `language_id`, `name`) VALUES (27, 43, 3, 'Floor Shot');
INSERT INTO `FIPOP`.`camera_vertical_angle_translation` (`id`, `camera_vertical_angle_analysis_method_id`, `language_id`, `name`) VALUES (28, 44, 3, 'Aufsicht berkopfposition');
INSERT INTO `FIPOP`.`camera_vertical_angle_translation` (`id`, `camera_vertical_angle_analysis_method_id`, `language_id`, `name`) VALUES (29, 45, 3, 'Untersicht berkopfposition');
INSERT INTO `FIPOP`.`camera_vertical_angle_translation` (`id`, `camera_vertical_angle_analysis_method_id`, `language_id`, `name`) VALUES (30, 46, 3, 'Normalhhe, berkopf');

COMMIT;


-- -----------------------------------------------------
-- Data for table `FIPOP`.`change_in_dynamics`
-- -----------------------------------------------------
START TRANSACTION;
USE `FIPOP`;
INSERT INTO `FIPOP`.`change_in_dynamics` (`id`) VALUES (1);
INSERT INTO `FIPOP`.`change_in_dynamics` (`id`) VALUES (2);
INSERT INTO `FIPOP`.`change_in_dynamics` (`id`) VALUES (3);
INSERT INTO `FIPOP`.`change_in_dynamics` (`id`) VALUES (4);
INSERT INTO `FIPOP`.`change_in_dynamics` (`id`) VALUES (5);

COMMIT;


-- -----------------------------------------------------
-- Data for table `FIPOP`.`change_in_dynamics_translation`
-- -----------------------------------------------------
START TRANSACTION;
USE `FIPOP`;
INSERT INTO `FIPOP`.`change_in_dynamics_translation` (`id`, `change_in_dynamics_id`, `language_id`, `type`) VALUES (1, 1, 1, 'crescendo');
INSERT INTO `FIPOP`.`change_in_dynamics_translation` (`id`, `change_in_dynamics_id`, `language_id`, `type`) VALUES (2, 2, 1, 'decrescendo');
INSERT INTO `FIPOP`.`change_in_dynamics_translation` (`id`, `change_in_dynamics_id`, `language_id`, `type`) VALUES (3, 3, 1, 'diminuendo');
INSERT INTO `FIPOP`.`change_in_dynamics_translation` (`id`, `change_in_dynamics_id`, `language_id`, `type`) VALUES (4, 4, 1, 'sforzando');
INSERT INTO `FIPOP`.`change_in_dynamics_translation` (`id`, `change_in_dynamics_id`, `language_id`, `type`) VALUES (5, 5, 1, 'fortepiano');

COMMIT;


-- -----------------------------------------------------
-- Data for table `FIPOP`.`change_in_tempo`
-- -----------------------------------------------------
START TRANSACTION;
USE `FIPOP`;
INSERT INTO `FIPOP`.`change_in_tempo` (`id`) VALUES (1);
INSERT INTO `FIPOP`.`change_in_tempo` (`id`) VALUES (2);
INSERT INTO `FIPOP`.`change_in_tempo` (`id`) VALUES (3);
INSERT INTO `FIPOP`.`change_in_tempo` (`id`) VALUES (4);
INSERT INTO `FIPOP`.`change_in_tempo` (`id`) VALUES (5);
INSERT INTO `FIPOP`.`change_in_tempo` (`id`) VALUES (6);
INSERT INTO `FIPOP`.`change_in_tempo` (`id`) VALUES (7);
INSERT INTO `FIPOP`.`change_in_tempo` (`id`) VALUES (8);
INSERT INTO `FIPOP`.`change_in_tempo` (`id`) VALUES (9);
INSERT INTO `FIPOP`.`change_in_tempo` (`id`) VALUES (10);
INSERT INTO `FIPOP`.`change_in_tempo` (`id`) VALUES (11);
INSERT INTO `FIPOP`.`change_in_tempo` (`id`) VALUES (12);
INSERT INTO `FIPOP`.`change_in_tempo` (`id`) VALUES (13);
INSERT INTO `FIPOP`.`change_in_tempo` (`id`) VALUES (14);
INSERT INTO `FIPOP`.`change_in_tempo` (`id`) VALUES (15);
INSERT INTO `FIPOP`.`change_in_tempo` (`id`) VALUES (16);
INSERT INTO `FIPOP`.`change_in_tempo` (`id`) VALUES (17);
INSERT INTO `FIPOP`.`change_in_tempo` (`id`) VALUES (18);

COMMIT;


-- -----------------------------------------------------
-- Data for table `FIPOP`.`change_in_tempo_translation`
-- -----------------------------------------------------
START TRANSACTION;
USE `FIPOP`;
INSERT INTO `FIPOP`.`change_in_tempo_translation` (`id`, `change_in_tempo_id`, `language_id`, `type`, `description`) VALUES (1, 1, 1, 'Accelerando', '[wikipedia] speeding up (abbreviation: accel.)');
INSERT INTO `FIPOP`.`change_in_tempo_translation` (`id`, `change_in_tempo_id`, `language_id`, `type`, `description`) VALUES (2, 2, 1, 'Allargando', '[wikipedia] growing broader; decreasing tempo, usually near the end of a piece');
INSERT INTO `FIPOP`.`change_in_tempo_translation` (`id`, `change_in_tempo_id`, `language_id`, `type`, `description`) VALUES (3, 3, 1, 'Calando', '[wikipedia] going slower (and usually also softer)');
INSERT INTO `FIPOP`.`change_in_tempo_translation` (`id`, `change_in_tempo_id`, `language_id`, `type`, `description`) VALUES (4, 4, 1, 'Doppio movimento / doppio pi mosso', '[wikipedia] double-speed');
INSERT INTO `FIPOP`.`change_in_tempo_translation` (`id`, `change_in_tempo_id`, `language_id`, `type`, `description`) VALUES (5, 5, 1, 'Doppio pi lento', '[wikipedia] half-speed');
INSERT INTO `FIPOP`.`change_in_tempo_translation` (`id`, `change_in_tempo_id`, `language_id`, `type`, `description`) VALUES (6, 6, 1, 'Lentando', '[wikipedia] gradually slowing, and softer');
INSERT INTO `FIPOP`.`change_in_tempo_translation` (`id`, `change_in_tempo_id`, `language_id`, `type`, `description`) VALUES (7, 7, 1, 'Meno mosso', '[wikipedia] less movement; slower');
INSERT INTO `FIPOP`.`change_in_tempo_translation` (`id`, `change_in_tempo_id`, `language_id`, `type`, `description`) VALUES (8, 8, 1, 'Meno moto', '[wikipedia] less motion');
INSERT INTO `FIPOP`.`change_in_tempo_translation` (`id`, `change_in_tempo_id`, `language_id`, `type`, `description`) VALUES (9, 9, 1, 'Pi mosso', '[wikipedia] more movement; faster');
INSERT INTO `FIPOP`.`change_in_tempo_translation` (`id`, `change_in_tempo_id`, `language_id`, `type`, `description`) VALUES (10, 10, 1, 'Mosso', '[wikipedia] movement, more lively; quicker, much like pi mosso, but not as extreme');
INSERT INTO `FIPOP`.`change_in_tempo_translation` (`id`, `change_in_tempo_id`, `language_id`, `type`, `description`) VALUES (11, 11, 1, 'Precipitando', '[wikipedia] hurrying; going faster/forward');
INSERT INTO `FIPOP`.`change_in_tempo_translation` (`id`, `change_in_tempo_id`, `language_id`, `type`, `description`) VALUES (12, 12, 1, 'Rallentando', '[wikipedia] a gradual slowing down (abbreviation: rall.)');
INSERT INTO `FIPOP`.`change_in_tempo_translation` (`id`, `change_in_tempo_id`, `language_id`, `type`, `description`) VALUES (13, 13, 1, 'Ritardando', '[wikipedia] slowing down gradually; also see rallentando and ritenuto (abbreviations: rit., ritard.) sometimes replaces allargando.');
INSERT INTO `FIPOP`.`change_in_tempo_translation` (`id`, `change_in_tempo_id`, `language_id`, `type`, `description`) VALUES (14, 14, 1, 'Ritenuto', '[wikipedia] slightly slower, but achieved more immediately than rallentando or ritardando; a sudden decrease in tempo; temporarily holding back.[17] (Note that the abbreviation for ritenuto can also be rit. Thus a more specific abbreviation is riten. Also, sometimes ritenuto does not reflect a tempo change but rather a \'character\' change.)');
INSERT INTO `FIPOP`.`change_in_tempo_translation` (`id`, `change_in_tempo_id`, `language_id`, `type`, `description`) VALUES (15, 15, 1, 'Rubato', '[wikipedia] free adjustment of tempo for expressive purposes, literally \"theft\"so more strictly, to take time from one beat to slow another');
INSERT INTO `FIPOP`.`change_in_tempo_translation` (`id`, `change_in_tempo_id`, `language_id`, `type`, `description`) VALUES (16, 16, 1, 'Stretto', '[wikipedia] in a faster tempo, often used near the conclusion of a section. (Note that in fugal compositions, the term stretto refers to the imitation of the subject in close succession, before the subject is completed, and as such, suitable for the close of the fugue.[18] Used in this context, the term is not necessarily related to tempo.)');
INSERT INTO `FIPOP`.`change_in_tempo_translation` (`id`, `change_in_tempo_id`, `language_id`, `type`, `description`) VALUES (17, 17, 1, 'Stringendo', '[wikipedia] pressing on faster, literally \"tightening\"');
INSERT INTO `FIPOP`.`change_in_tempo_translation` (`id`, `change_in_tempo_id`, `language_id`, `type`, `description`) VALUES (18, 18, 1, 'Tardando', '[wikipedia] slowing down gradually (same as ritardando)[19]');

COMMIT;


-- -----------------------------------------------------
-- Data for table `FIPOP`.`color_temperature`
-- -----------------------------------------------------
START TRANSACTION;
USE `FIPOP`;
INSERT INTO `FIPOP`.`color_temperature` (`analysis_method_id`) VALUES (7);
INSERT INTO `FIPOP`.`color_temperature` (`analysis_method_id`) VALUES (8);
INSERT INTO `FIPOP`.`color_temperature` (`analysis_method_id`) VALUES (9);

COMMIT;


-- -----------------------------------------------------
-- Data for table `FIPOP`.`color_temperature_translation`
-- -----------------------------------------------------
START TRANSACTION;
USE `FIPOP`;
INSERT INTO `FIPOP`.`color_temperature_translation` (`id`, `color_temperature_analysis_method_id`, `language_id`, `name`) VALUES (1, 7, 1, 'warm white (2700K - 3500K)');
INSERT INTO `FIPOP`.`color_temperature_translation` (`id`, `color_temperature_analysis_method_id`, `language_id`, `name`) VALUES (2, 8, 1, 'neutral white (3500K - 5000K)');
INSERT INTO `FIPOP`.`color_temperature_translation` (`id`, `color_temperature_analysis_method_id`, `language_id`, `name`) VALUES (3, 9, 1, 'cold white (5000K - 6500K)');

COMMIT;


-- -----------------------------------------------------
-- Data for table `FIPOP`.`concept_color`
-- -----------------------------------------------------
START TRANSACTION;
USE `FIPOP`;
INSERT INTO `FIPOP`.`concept_color` (`id`, `hexvalue`) VALUES (1, '#000000');
INSERT INTO `FIPOP`.`concept_color` (`id`, `hexvalue`) VALUES (2, '#8FBC8F');
INSERT INTO `FIPOP`.`concept_color` (`id`, `hexvalue`) VALUES (3, '#708090');
INSERT INTO `FIPOP`.`concept_color` (`id`, `hexvalue`) VALUES (4, '#778899');
INSERT INTO `FIPOP`.`concept_color` (`id`, `hexvalue`) VALUES (5, '#B0C4DE');
INSERT INTO `FIPOP`.`concept_color` (`id`, `hexvalue`) VALUES (6, '#696969');
INSERT INTO `FIPOP`.`concept_color` (`id`, `hexvalue`) VALUES (7, '#808080');
INSERT INTO `FIPOP`.`concept_color` (`id`, `hexvalue`) VALUES (8, '#A9A9A9');
INSERT INTO `FIPOP`.`concept_color` (`id`, `hexvalue`) VALUES (9, '#C0C0C0');
INSERT INTO `FIPOP`.`concept_color` (`id`, `hexvalue`) VALUES (10, '#D3D3D3');
INSERT INTO `FIPOP`.`concept_color` (`id`, `hexvalue`) VALUES (11, '#DCDCDC');
INSERT INTO `FIPOP`.`concept_color` (`id`, `hexvalue`) VALUES (12, '#F5F5F5');
INSERT INTO `FIPOP`.`concept_color` (`id`, `hexvalue`) VALUES (13, '#F8F8FF');
INSERT INTO `FIPOP`.`concept_color` (`id`, `hexvalue`) VALUES (14, '#FFFFFF');
INSERT INTO `FIPOP`.`concept_color` (`id`, `hexvalue`) VALUES (15, '#FFFAFA');
INSERT INTO `FIPOP`.`concept_color` (`id`, `hexvalue`) VALUES (16, '#FFFFF0');
INSERT INTO `FIPOP`.`concept_color` (`id`, `hexvalue`) VALUES (17, '#FFFAF0');
INSERT INTO `FIPOP`.`concept_color` (`id`, `hexvalue`) VALUES (18, '#FFF5EE');
INSERT INTO `FIPOP`.`concept_color` (`id`, `hexvalue`) VALUES (19, '#FDF5E6');
INSERT INTO `FIPOP`.`concept_color` (`id`, `hexvalue`) VALUES (20, '#FAF0E6');
INSERT INTO `FIPOP`.`concept_color` (`id`, `hexvalue`) VALUES (21, '#FAEBD7');
INSERT INTO `FIPOP`.`concept_color` (`id`, `hexvalue`) VALUES (22, '#FFEBCD');
INSERT INTO `FIPOP`.`concept_color` (`id`, `hexvalue`) VALUES (23, '#FFEFD5');
INSERT INTO `FIPOP`.`concept_color` (`id`, `hexvalue`) VALUES (24, '#F5F5DC');
INSERT INTO `FIPOP`.`concept_color` (`id`, `hexvalue`) VALUES (25, '#FFF8DC');
INSERT INTO `FIPOP`.`concept_color` (`id`, `hexvalue`) VALUES (26, '#FAFAD2');
INSERT INTO `FIPOP`.`concept_color` (`id`, `hexvalue`) VALUES (27, '#FFFFE0');
INSERT INTO `FIPOP`.`concept_color` (`id`, `hexvalue`) VALUES (28, '#FFFACD');
INSERT INTO `FIPOP`.`concept_color` (`id`, `hexvalue`) VALUES (29, '#EEE8AA');
INSERT INTO `FIPOP`.`concept_color` (`id`, `hexvalue`) VALUES (30, '#F0E68C');
INSERT INTO `FIPOP`.`concept_color` (`id`, `hexvalue`) VALUES (31, '#FFFF00');
INSERT INTO `FIPOP`.`concept_color` (`id`, `hexvalue`) VALUES (32, '#FFD700');
INSERT INTO `FIPOP`.`concept_color` (`id`, `hexvalue`) VALUES (33, '#FFA500');
INSERT INTO `FIPOP`.`concept_color` (`id`, `hexvalue`) VALUES (34, '#FF8C00');
INSERT INTO `FIPOP`.`concept_color` (`id`, `hexvalue`) VALUES (35, '#DAA520');
INSERT INTO `FIPOP`.`concept_color` (`id`, `hexvalue`) VALUES (36, '#B8860B');
INSERT INTO `FIPOP`.`concept_color` (`id`, `hexvalue`) VALUES (37, '#CD853F');
INSERT INTO `FIPOP`.`concept_color` (`id`, `hexvalue`) VALUES (38, '#D2691E');
INSERT INTO `FIPOP`.`concept_color` (`id`, `hexvalue`) VALUES (39, '#8B4513');
INSERT INTO `FIPOP`.`concept_color` (`id`, `hexvalue`) VALUES (40, '#A0522D');
INSERT INTO `FIPOP`.`concept_color` (`id`, `hexvalue`) VALUES (41, '#A52A2A');
INSERT INTO `FIPOP`.`concept_color` (`id`, `hexvalue`) VALUES (42, '#8B0000');
INSERT INTO `FIPOP`.`concept_color` (`id`, `hexvalue`) VALUES (43, '#800000');
INSERT INTO `FIPOP`.`concept_color` (`id`, `hexvalue`) VALUES (44, '#B22222');
INSERT INTO `FIPOP`.`concept_color` (`id`, `hexvalue`) VALUES (45, '#CD5C5C');
INSERT INTO `FIPOP`.`concept_color` (`id`, `hexvalue`) VALUES (46, '#DC143C');
INSERT INTO `FIPOP`.`concept_color` (`id`, `hexvalue`) VALUES (47, '#FF0000');
INSERT INTO `FIPOP`.`concept_color` (`id`, `hexvalue`) VALUES (48, '#FF4500');
INSERT INTO `FIPOP`.`concept_color` (`id`, `hexvalue`) VALUES (49, '#FF6347');
INSERT INTO `FIPOP`.`concept_color` (`id`, `hexvalue`) VALUES (50, '#FF7F50');
INSERT INTO `FIPOP`.`concept_color` (`id`, `hexvalue`) VALUES (51, '#FA8072');
INSERT INTO `FIPOP`.`concept_color` (`id`, `hexvalue`) VALUES (52, '#F08080');
INSERT INTO `FIPOP`.`concept_color` (`id`, `hexvalue`) VALUES (53, '#E9967A');
INSERT INTO `FIPOP`.`concept_color` (`id`, `hexvalue`) VALUES (54, '#FFA07A');
INSERT INTO `FIPOP`.`concept_color` (`id`, `hexvalue`) VALUES (55, '#F4A460');
INSERT INTO `FIPOP`.`concept_color` (`id`, `hexvalue`) VALUES (56, '#BC8F8F');
INSERT INTO `FIPOP`.`concept_color` (`id`, `hexvalue`) VALUES (57, '#D2B48C');
INSERT INTO `FIPOP`.`concept_color` (`id`, `hexvalue`) VALUES (58, '#DEB887');
INSERT INTO `FIPOP`.`concept_color` (`id`, `hexvalue`) VALUES (59, '#F5DEB3');
INSERT INTO `FIPOP`.`concept_color` (`id`, `hexvalue`) VALUES (60, '#FFDAB9');
INSERT INTO `FIPOP`.`concept_color` (`id`, `hexvalue`) VALUES (61, '#FFDEAD');
INSERT INTO `FIPOP`.`concept_color` (`id`, `hexvalue`) VALUES (62, '#FFE4C4');
INSERT INTO `FIPOP`.`concept_color` (`id`, `hexvalue`) VALUES (63, '#FFF0F5');
INSERT INTO `FIPOP`.`concept_color` (`id`, `hexvalue`) VALUES (64, '#FFE4E1');
INSERT INTO `FIPOP`.`concept_color` (`id`, `hexvalue`) VALUES (65, '#FFC0CB');
INSERT INTO `FIPOP`.`concept_color` (`id`, `hexvalue`) VALUES (66, '#FFB6C1');
INSERT INTO `FIPOP`.`concept_color` (`id`, `hexvalue`) VALUES (67, '#FF69B4');
INSERT INTO `FIPOP`.`concept_color` (`id`, `hexvalue`) VALUES (68, '#FF00FF');
INSERT INTO `FIPOP`.`concept_color` (`id`, `hexvalue`) VALUES (69, '#FF1493');
INSERT INTO `FIPOP`.`concept_color` (`id`, `hexvalue`) VALUES (70, '#C71585');
INSERT INTO `FIPOP`.`concept_color` (`id`, `hexvalue`) VALUES (71, '#DB7093');
INSERT INTO `FIPOP`.`concept_color` (`id`, `hexvalue`) VALUES (72, '#DDA0DD');
INSERT INTO `FIPOP`.`concept_color` (`id`, `hexvalue`) VALUES (73, '#D8BFD8');
INSERT INTO `FIPOP`.`concept_color` (`id`, `hexvalue`) VALUES (74, '#E6E6FA');
INSERT INTO `FIPOP`.`concept_color` (`id`, `hexvalue`) VALUES (75, '#EE82EE');
INSERT INTO `FIPOP`.`concept_color` (`id`, `hexvalue`) VALUES (76, '#DA70D6');
INSERT INTO `FIPOP`.`concept_color` (`id`, `hexvalue`) VALUES (77, '#8B008B');
INSERT INTO `FIPOP`.`concept_color` (`id`, `hexvalue`) VALUES (78, '#800080');
INSERT INTO `FIPOP`.`concept_color` (`id`, `hexvalue`) VALUES (79, '#4B0082');
INSERT INTO `FIPOP`.`concept_color` (`id`, `hexvalue`) VALUES (80, '#8A2BE2');
INSERT INTO `FIPOP`.`concept_color` (`id`, `hexvalue`) VALUES (81, '#9400D3');
INSERT INTO `FIPOP`.`concept_color` (`id`, `hexvalue`) VALUES (82, '#9932CC');
INSERT INTO `FIPOP`.`concept_color` (`id`, `hexvalue`) VALUES (83, '#9370DB');
INSERT INTO `FIPOP`.`concept_color` (`id`, `hexvalue`) VALUES (84, '#BA55D3');
INSERT INTO `FIPOP`.`concept_color` (`id`, `hexvalue`) VALUES (85, '#7B68EE');
INSERT INTO `FIPOP`.`concept_color` (`id`, `hexvalue`) VALUES (86, '#6A5ACD');
INSERT INTO `FIPOP`.`concept_color` (`id`, `hexvalue`) VALUES (87, '#483D8B');
INSERT INTO `FIPOP`.`concept_color` (`id`, `hexvalue`) VALUES (88, '#191970');
INSERT INTO `FIPOP`.`concept_color` (`id`, `hexvalue`) VALUES (89, '#000080');
INSERT INTO `FIPOP`.`concept_color` (`id`, `hexvalue`) VALUES (90, '#00008B');
INSERT INTO `FIPOP`.`concept_color` (`id`, `hexvalue`) VALUES (91, '#0000CD');
INSERT INTO `FIPOP`.`concept_color` (`id`, `hexvalue`) VALUES (92, '#0000FF');
INSERT INTO `FIPOP`.`concept_color` (`id`, `hexvalue`) VALUES (93, '#4169E1');
INSERT INTO `FIPOP`.`concept_color` (`id`, `hexvalue`) VALUES (94, '#4682B4');
INSERT INTO `FIPOP`.`concept_color` (`id`, `hexvalue`) VALUES (95, '#6495ED');
INSERT INTO `FIPOP`.`concept_color` (`id`, `hexvalue`) VALUES (96, '#1E90FF');
INSERT INTO `FIPOP`.`concept_color` (`id`, `hexvalue`) VALUES (97, '#00BFFF');
INSERT INTO `FIPOP`.`concept_color` (`id`, `hexvalue`) VALUES (98, '#87CEFA');
INSERT INTO `FIPOP`.`concept_color` (`id`, `hexvalue`) VALUES (99, '#87CEEB');
INSERT INTO `FIPOP`.`concept_color` (`id`, `hexvalue`) VALUES (100, '#ADD8E6');
INSERT INTO `FIPOP`.`concept_color` (`id`, `hexvalue`) VALUES (101, '#00FFFF');
INSERT INTO `FIPOP`.`concept_color` (`id`, `hexvalue`) VALUES (102, '#B0E0E6');
INSERT INTO `FIPOP`.`concept_color` (`id`, `hexvalue`) VALUES (103, '#E0FFFF');
INSERT INTO `FIPOP`.`concept_color` (`id`, `hexvalue`) VALUES (104, '#A0CE00');
INSERT INTO `FIPOP`.`concept_color` (`id`, `hexvalue`) VALUES (105, '#F0FFFF');
INSERT INTO `FIPOP`.`concept_color` (`id`, `hexvalue`) VALUES (106, '#F5FFFA');
INSERT INTO `FIPOP`.`concept_color` (`id`, `hexvalue`) VALUES (107, '#F0FFF0');
INSERT INTO `FIPOP`.`concept_color` (`id`, `hexvalue`) VALUES (108, '#7FFFD4');
INSERT INTO `FIPOP`.`concept_color` (`id`, `hexvalue`) VALUES (109, '#40E0D0');
INSERT INTO `FIPOP`.`concept_color` (`id`, `hexvalue`) VALUES (110, '#AFEEEE');
INSERT INTO `FIPOP`.`concept_color` (`id`, `hexvalue`) VALUES (111, '#48D1CC');
INSERT INTO `FIPOP`.`concept_color` (`id`, `hexvalue`) VALUES (112, '#00CED1');
INSERT INTO `FIPOP`.`concept_color` (`id`, `hexvalue`) VALUES (113, '#66CDAA');
INSERT INTO `FIPOP`.`concept_color` (`id`, `hexvalue`) VALUES (114, '#20B2AA');
INSERT INTO `FIPOP`.`concept_color` (`id`, `hexvalue`) VALUES (115, '#008B8B');
INSERT INTO `FIPOP`.`concept_color` (`id`, `hexvalue`) VALUES (116, '#008080');
INSERT INTO `FIPOP`.`concept_color` (`id`, `hexvalue`) VALUES (117, '#5F9EA0');
INSERT INTO `FIPOP`.`concept_color` (`id`, `hexvalue`) VALUES (118, '#3CB371');
INSERT INTO `FIPOP`.`concept_color` (`id`, `hexvalue`) VALUES (119, '#8FBC8F');
INSERT INTO `FIPOP`.`concept_color` (`id`, `hexvalue`) VALUES (120, '#90EE90');
INSERT INTO `FIPOP`.`concept_color` (`id`, `hexvalue`) VALUES (121, '#98FB98');
INSERT INTO `FIPOP`.`concept_color` (`id`, `hexvalue`) VALUES (122, '#00FA9A');
INSERT INTO `FIPOP`.`concept_color` (`id`, `hexvalue`) VALUES (123, '#00FF7F');
INSERT INTO `FIPOP`.`concept_color` (`id`, `hexvalue`) VALUES (124, '#00FF00');
INSERT INTO `FIPOP`.`concept_color` (`id`, `hexvalue`) VALUES (125, '#32CD32');
INSERT INTO `FIPOP`.`concept_color` (`id`, `hexvalue`) VALUES (126, '#2E8B57');
INSERT INTO `FIPOP`.`concept_color` (`id`, `hexvalue`) VALUES (127, '#228B22');
INSERT INTO `FIPOP`.`concept_color` (`id`, `hexvalue`) VALUES (128, '#008000');
INSERT INTO `FIPOP`.`concept_color` (`id`, `hexvalue`) VALUES (129, '#006400');
INSERT INTO `FIPOP`.`concept_color` (`id`, `hexvalue`) VALUES (130, '#6B8E23');
INSERT INTO `FIPOP`.`concept_color` (`id`, `hexvalue`) VALUES (131, '#556B2F');
INSERT INTO `FIPOP`.`concept_color` (`id`, `hexvalue`) VALUES (132, '#808000');
INSERT INTO `FIPOP`.`concept_color` (`id`, `hexvalue`) VALUES (133, '#BDB76B');
INSERT INTO `FIPOP`.`concept_color` (`id`, `hexvalue`) VALUES (134, '#9ACD32');
INSERT INTO `FIPOP`.`concept_color` (`id`, `hexvalue`) VALUES (135, '#7FFF00');
INSERT INTO `FIPOP`.`concept_color` (`id`, `hexvalue`) VALUES (136, '#ADFF2F');
INSERT INTO `FIPOP`.`concept_color` (`id`, `hexvalue`) VALUES (137, '#704214');

COMMIT;


-- -----------------------------------------------------
-- Data for table `FIPOP`.`concept_color_selection`
-- -----------------------------------------------------
START TRANSACTION;
USE `FIPOP`;
INSERT INTO `FIPOP`.`concept_color_selection` (`id`) VALUES (1);

COMMIT;


-- -----------------------------------------------------
-- Data for table `FIPOP`.`concept_color_selection_has_concept_color`
-- -----------------------------------------------------
START TRANSACTION;
USE `FIPOP`;
INSERT INTO `FIPOP`.`concept_color_selection_has_concept_color` (`concept_color_selection_id`, `concept_color_id`) VALUES (1, 1);
INSERT INTO `FIPOP`.`concept_color_selection_has_concept_color` (`concept_color_selection_id`, `concept_color_id`) VALUES (1, 7);
INSERT INTO `FIPOP`.`concept_color_selection_has_concept_color` (`concept_color_selection_id`, `concept_color_id`) VALUES (1, 8);
INSERT INTO `FIPOP`.`concept_color_selection_has_concept_color` (`concept_color_selection_id`, `concept_color_id`) VALUES (1, 9);
INSERT INTO `FIPOP`.`concept_color_selection_has_concept_color` (`concept_color_selection_id`, `concept_color_id`) VALUES (1, 10);
INSERT INTO `FIPOP`.`concept_color_selection_has_concept_color` (`concept_color_selection_id`, `concept_color_id`) VALUES (1, 14);
INSERT INTO `FIPOP`.`concept_color_selection_has_concept_color` (`concept_color_selection_id`, `concept_color_id`) VALUES (1, 24);
INSERT INTO `FIPOP`.`concept_color_selection_has_concept_color` (`concept_color_selection_id`, `concept_color_id`) VALUES (1, 27);
INSERT INTO `FIPOP`.`concept_color_selection_has_concept_color` (`concept_color_selection_id`, `concept_color_id`) VALUES (1, 30);
INSERT INTO `FIPOP`.`concept_color_selection_has_concept_color` (`concept_color_selection_id`, `concept_color_id`) VALUES (1, 31);
INSERT INTO `FIPOP`.`concept_color_selection_has_concept_color` (`concept_color_selection_id`, `concept_color_id`) VALUES (1, 32);
INSERT INTO `FIPOP`.`concept_color_selection_has_concept_color` (`concept_color_selection_id`, `concept_color_id`) VALUES (1, 33);
INSERT INTO `FIPOP`.`concept_color_selection_has_concept_color` (`concept_color_selection_id`, `concept_color_id`) VALUES (1, 34);
INSERT INTO `FIPOP`.`concept_color_selection_has_concept_color` (`concept_color_selection_id`, `concept_color_id`) VALUES (1, 40);
INSERT INTO `FIPOP`.`concept_color_selection_has_concept_color` (`concept_color_selection_id`, `concept_color_id`) VALUES (1, 41);
INSERT INTO `FIPOP`.`concept_color_selection_has_concept_color` (`concept_color_selection_id`, `concept_color_id`) VALUES (1, 42);
INSERT INTO `FIPOP`.`concept_color_selection_has_concept_color` (`concept_color_selection_id`, `concept_color_id`) VALUES (1, 43);
INSERT INTO `FIPOP`.`concept_color_selection_has_concept_color` (`concept_color_selection_id`, `concept_color_id`) VALUES (1, 47);
INSERT INTO `FIPOP`.`concept_color_selection_has_concept_color` (`concept_color_selection_id`, `concept_color_id`) VALUES (1, 48);
INSERT INTO `FIPOP`.`concept_color_selection_has_concept_color` (`concept_color_selection_id`, `concept_color_id`) VALUES (1, 55);
INSERT INTO `FIPOP`.`concept_color_selection_has_concept_color` (`concept_color_selection_id`, `concept_color_id`) VALUES (1, 65);
INSERT INTO `FIPOP`.`concept_color_selection_has_concept_color` (`concept_color_selection_id`, `concept_color_id`) VALUES (1, 66);
INSERT INTO `FIPOP`.`concept_color_selection_has_concept_color` (`concept_color_selection_id`, `concept_color_id`) VALUES (1, 68);
INSERT INTO `FIPOP`.`concept_color_selection_has_concept_color` (`concept_color_selection_id`, `concept_color_id`) VALUES (1, 69);
INSERT INTO `FIPOP`.`concept_color_selection_has_concept_color` (`concept_color_selection_id`, `concept_color_id`) VALUES (1, 78);
INSERT INTO `FIPOP`.`concept_color_selection_has_concept_color` (`concept_color_selection_id`, `concept_color_id`) VALUES (1, 81);
INSERT INTO `FIPOP`.`concept_color_selection_has_concept_color` (`concept_color_selection_id`, `concept_color_id`) VALUES (1, 90);
INSERT INTO `FIPOP`.`concept_color_selection_has_concept_color` (`concept_color_selection_id`, `concept_color_id`) VALUES (1, 92);
INSERT INTO `FIPOP`.`concept_color_selection_has_concept_color` (`concept_color_selection_id`, `concept_color_id`) VALUES (1, 100);
INSERT INTO `FIPOP`.`concept_color_selection_has_concept_color` (`concept_color_selection_id`, `concept_color_id`) VALUES (1, 101);
INSERT INTO `FIPOP`.`concept_color_selection_has_concept_color` (`concept_color_selection_id`, `concept_color_id`) VALUES (1, 109);
INSERT INTO `FIPOP`.`concept_color_selection_has_concept_color` (`concept_color_selection_id`, `concept_color_id`) VALUES (1, 120);
INSERT INTO `FIPOP`.`concept_color_selection_has_concept_color` (`concept_color_selection_id`, `concept_color_id`) VALUES (1, 128);
INSERT INTO `FIPOP`.`concept_color_selection_has_concept_color` (`concept_color_selection_id`, `concept_color_id`) VALUES (1, 129);
INSERT INTO `FIPOP`.`concept_color_selection_has_concept_color` (`concept_color_selection_id`, `concept_color_id`) VALUES (1, 132);
INSERT INTO `FIPOP`.`concept_color_selection_has_concept_color` (`concept_color_selection_id`, `concept_color_id`) VALUES (1, 137);

COMMIT;


-- -----------------------------------------------------
-- Data for table `FIPOP`.`concept_color_translation`
-- -----------------------------------------------------
START TRANSACTION;
USE `FIPOP`;
INSERT INTO `FIPOP`.`concept_color_translation` (`id`, `concept_color_id`, `language_id`, `name`) VALUES (1, 1, 1, 'Black');
INSERT INTO `FIPOP`.`concept_color_translation` (`id`, `concept_color_id`, `language_id`, `name`) VALUES (2, 2, 1, 'Darkslategray');
INSERT INTO `FIPOP`.`concept_color_translation` (`id`, `concept_color_id`, `language_id`, `name`) VALUES (3, 3, 1, 'Slategray');
INSERT INTO `FIPOP`.`concept_color_translation` (`id`, `concept_color_id`, `language_id`, `name`) VALUES (4, 4, 1, 'Lightslategray');
INSERT INTO `FIPOP`.`concept_color_translation` (`id`, `concept_color_id`, `language_id`, `name`) VALUES (5, 5, 1, 'Lightsteelblue');
INSERT INTO `FIPOP`.`concept_color_translation` (`id`, `concept_color_id`, `language_id`, `name`) VALUES (6, 6, 1, 'Dimgray');
INSERT INTO `FIPOP`.`concept_color_translation` (`id`, `concept_color_id`, `language_id`, `name`) VALUES (7, 7, 1, 'Gray');
INSERT INTO `FIPOP`.`concept_color_translation` (`id`, `concept_color_id`, `language_id`, `name`) VALUES (8, 8, 1, 'Darkgray');
INSERT INTO `FIPOP`.`concept_color_translation` (`id`, `concept_color_id`, `language_id`, `name`) VALUES (9, 9, 1, 'Silver');
INSERT INTO `FIPOP`.`concept_color_translation` (`id`, `concept_color_id`, `language_id`, `name`) VALUES (10, 10, 1, 'Lightgray');
INSERT INTO `FIPOP`.`concept_color_translation` (`id`, `concept_color_id`, `language_id`, `name`) VALUES (11, 11, 1, 'Gainsboro');
INSERT INTO `FIPOP`.`concept_color_translation` (`id`, `concept_color_id`, `language_id`, `name`) VALUES (12, 12, 1, 'Whitesmoke');
INSERT INTO `FIPOP`.`concept_color_translation` (`id`, `concept_color_id`, `language_id`, `name`) VALUES (13, 13, 1, 'Ghostwhite');
INSERT INTO `FIPOP`.`concept_color_translation` (`id`, `concept_color_id`, `language_id`, `name`) VALUES (14, 14, 1, 'White');
INSERT INTO `FIPOP`.`concept_color_translation` (`id`, `concept_color_id`, `language_id`, `name`) VALUES (15, 15, 1, 'Snow');
INSERT INTO `FIPOP`.`concept_color_translation` (`id`, `concept_color_id`, `language_id`, `name`) VALUES (16, 16, 1, 'Ivory');
INSERT INTO `FIPOP`.`concept_color_translation` (`id`, `concept_color_id`, `language_id`, `name`) VALUES (17, 17, 1, 'Floralwhite');
INSERT INTO `FIPOP`.`concept_color_translation` (`id`, `concept_color_id`, `language_id`, `name`) VALUES (18, 18, 1, 'Seashell');
INSERT INTO `FIPOP`.`concept_color_translation` (`id`, `concept_color_id`, `language_id`, `name`) VALUES (19, 19, 1, 'Oldlace');
INSERT INTO `FIPOP`.`concept_color_translation` (`id`, `concept_color_id`, `language_id`, `name`) VALUES (20, 20, 1, 'Linen');
INSERT INTO `FIPOP`.`concept_color_translation` (`id`, `concept_color_id`, `language_id`, `name`) VALUES (21, 21, 1, 'Antiquewhite');
INSERT INTO `FIPOP`.`concept_color_translation` (`id`, `concept_color_id`, `language_id`, `name`) VALUES (22, 22, 1, 'Blanchedalmond');
INSERT INTO `FIPOP`.`concept_color_translation` (`id`, `concept_color_id`, `language_id`, `name`) VALUES (23, 23, 1, 'Papayawhip');
INSERT INTO `FIPOP`.`concept_color_translation` (`id`, `concept_color_id`, `language_id`, `name`) VALUES (24, 24, 1, 'Beige');
INSERT INTO `FIPOP`.`concept_color_translation` (`id`, `concept_color_id`, `language_id`, `name`) VALUES (25, 25, 1, 'Cornsilk');
INSERT INTO `FIPOP`.`concept_color_translation` (`id`, `concept_color_id`, `language_id`, `name`) VALUES (26, 26, 1, 'Lightgoldenrodyellow');
INSERT INTO `FIPOP`.`concept_color_translation` (`id`, `concept_color_id`, `language_id`, `name`) VALUES (27, 27, 1, 'Lightyellow');
INSERT INTO `FIPOP`.`concept_color_translation` (`id`, `concept_color_id`, `language_id`, `name`) VALUES (28, 28, 1, 'Lemonchiffon');
INSERT INTO `FIPOP`.`concept_color_translation` (`id`, `concept_color_id`, `language_id`, `name`) VALUES (29, 29, 1, 'Palegoldenrod');
INSERT INTO `FIPOP`.`concept_color_translation` (`id`, `concept_color_id`, `language_id`, `name`) VALUES (30, 30, 1, 'Khaki');
INSERT INTO `FIPOP`.`concept_color_translation` (`id`, `concept_color_id`, `language_id`, `name`) VALUES (31, 31, 1, 'Yellow');
INSERT INTO `FIPOP`.`concept_color_translation` (`id`, `concept_color_id`, `language_id`, `name`) VALUES (32, 32, 1, 'Gold');
INSERT INTO `FIPOP`.`concept_color_translation` (`id`, `concept_color_id`, `language_id`, `name`) VALUES (33, 33, 1, 'Orange');
INSERT INTO `FIPOP`.`concept_color_translation` (`id`, `concept_color_id`, `language_id`, `name`) VALUES (34, 34, 1, 'Darkorange');
INSERT INTO `FIPOP`.`concept_color_translation` (`id`, `concept_color_id`, `language_id`, `name`) VALUES (35, 35, 1, 'Goldenrod');
INSERT INTO `FIPOP`.`concept_color_translation` (`id`, `concept_color_id`, `language_id`, `name`) VALUES (36, 36, 1, 'Darkgoldenrod');
INSERT INTO `FIPOP`.`concept_color_translation` (`id`, `concept_color_id`, `language_id`, `name`) VALUES (37, 37, 1, 'Peru');
INSERT INTO `FIPOP`.`concept_color_translation` (`id`, `concept_color_id`, `language_id`, `name`) VALUES (38, 38, 1, 'Chocolate');
INSERT INTO `FIPOP`.`concept_color_translation` (`id`, `concept_color_id`, `language_id`, `name`) VALUES (39, 39, 1, 'Saddlebrown');
INSERT INTO `FIPOP`.`concept_color_translation` (`id`, `concept_color_id`, `language_id`, `name`) VALUES (40, 40, 1, 'Sienna');
INSERT INTO `FIPOP`.`concept_color_translation` (`id`, `concept_color_id`, `language_id`, `name`) VALUES (41, 41, 1, 'Brown');
INSERT INTO `FIPOP`.`concept_color_translation` (`id`, `concept_color_id`, `language_id`, `name`) VALUES (42, 42, 1, 'Darkred');
INSERT INTO `FIPOP`.`concept_color_translation` (`id`, `concept_color_id`, `language_id`, `name`) VALUES (43, 43, 1, 'Maroon');
INSERT INTO `FIPOP`.`concept_color_translation` (`id`, `concept_color_id`, `language_id`, `name`) VALUES (44, 44, 1, 'Firebrick');
INSERT INTO `FIPOP`.`concept_color_translation` (`id`, `concept_color_id`, `language_id`, `name`) VALUES (45, 45, 1, 'Indianred');
INSERT INTO `FIPOP`.`concept_color_translation` (`id`, `concept_color_id`, `language_id`, `name`) VALUES (46, 46, 1, 'Crimson');
INSERT INTO `FIPOP`.`concept_color_translation` (`id`, `concept_color_id`, `language_id`, `name`) VALUES (47, 47, 1, 'Red');
INSERT INTO `FIPOP`.`concept_color_translation` (`id`, `concept_color_id`, `language_id`, `name`) VALUES (48, 48, 1, 'Orangered');
INSERT INTO `FIPOP`.`concept_color_translation` (`id`, `concept_color_id`, `language_id`, `name`) VALUES (49, 49, 1, 'Tomato');
INSERT INTO `FIPOP`.`concept_color_translation` (`id`, `concept_color_id`, `language_id`, `name`) VALUES (50, 50, 1, 'Coral');
INSERT INTO `FIPOP`.`concept_color_translation` (`id`, `concept_color_id`, `language_id`, `name`) VALUES (51, 51, 1, 'Salmon');
INSERT INTO `FIPOP`.`concept_color_translation` (`id`, `concept_color_id`, `language_id`, `name`) VALUES (52, 52, 1, 'Lightcoral');
INSERT INTO `FIPOP`.`concept_color_translation` (`id`, `concept_color_id`, `language_id`, `name`) VALUES (53, 53, 1, 'Darksalmon');
INSERT INTO `FIPOP`.`concept_color_translation` (`id`, `concept_color_id`, `language_id`, `name`) VALUES (54, 54, 1, 'Lightsalmon');
INSERT INTO `FIPOP`.`concept_color_translation` (`id`, `concept_color_id`, `language_id`, `name`) VALUES (55, 55, 1, 'Sandybrown');
INSERT INTO `FIPOP`.`concept_color_translation` (`id`, `concept_color_id`, `language_id`, `name`) VALUES (56, 56, 1, 'Rosybrown');
INSERT INTO `FIPOP`.`concept_color_translation` (`id`, `concept_color_id`, `language_id`, `name`) VALUES (57, 57, 1, 'Tan');
INSERT INTO `FIPOP`.`concept_color_translation` (`id`, `concept_color_id`, `language_id`, `name`) VALUES (58, 58, 1, 'Burlywood');
INSERT INTO `FIPOP`.`concept_color_translation` (`id`, `concept_color_id`, `language_id`, `name`) VALUES (59, 59, 1, 'Wheat');
INSERT INTO `FIPOP`.`concept_color_translation` (`id`, `concept_color_id`, `language_id`, `name`) VALUES (60, 60, 1, 'Peachpuff');
INSERT INTO `FIPOP`.`concept_color_translation` (`id`, `concept_color_id`, `language_id`, `name`) VALUES (61, 61, 1, 'Navajowhite');
INSERT INTO `FIPOP`.`concept_color_translation` (`id`, `concept_color_id`, `language_id`, `name`) VALUES (62, 62, 1, 'Bisque');
INSERT INTO `FIPOP`.`concept_color_translation` (`id`, `concept_color_id`, `language_id`, `name`) VALUES (63, 63, 1, 'Lavenderblush');
INSERT INTO `FIPOP`.`concept_color_translation` (`id`, `concept_color_id`, `language_id`, `name`) VALUES (64, 64, 1, 'Mistyrose');
INSERT INTO `FIPOP`.`concept_color_translation` (`id`, `concept_color_id`, `language_id`, `name`) VALUES (65, 65, 1, 'Pink');
INSERT INTO `FIPOP`.`concept_color_translation` (`id`, `concept_color_id`, `language_id`, `name`) VALUES (66, 66, 1, 'Lightpink');
INSERT INTO `FIPOP`.`concept_color_translation` (`id`, `concept_color_id`, `language_id`, `name`) VALUES (67, 67, 1, 'Hotpink');
INSERT INTO `FIPOP`.`concept_color_translation` (`id`, `concept_color_id`, `language_id`, `name`) VALUES (68, 68, 1, 'Fuchsia/Magenta');
INSERT INTO `FIPOP`.`concept_color_translation` (`id`, `concept_color_id`, `language_id`, `name`) VALUES (69, 69, 1, 'Deeppink');
INSERT INTO `FIPOP`.`concept_color_translation` (`id`, `concept_color_id`, `language_id`, `name`) VALUES (70, 70, 1, 'Mediumvioletred');
INSERT INTO `FIPOP`.`concept_color_translation` (`id`, `concept_color_id`, `language_id`, `name`) VALUES (71, 71, 1, 'Palevioletred');
INSERT INTO `FIPOP`.`concept_color_translation` (`id`, `concept_color_id`, `language_id`, `name`) VALUES (72, 72, 1, 'Plum');
INSERT INTO `FIPOP`.`concept_color_translation` (`id`, `concept_color_id`, `language_id`, `name`) VALUES (73, 73, 1, 'Thistle');
INSERT INTO `FIPOP`.`concept_color_translation` (`id`, `concept_color_id`, `language_id`, `name`) VALUES (74, 74, 1, 'Lavender');
INSERT INTO `FIPOP`.`concept_color_translation` (`id`, `concept_color_id`, `language_id`, `name`) VALUES (75, 75, 1, 'Violet');
INSERT INTO `FIPOP`.`concept_color_translation` (`id`, `concept_color_id`, `language_id`, `name`) VALUES (76, 76, 1, 'Orchid');
INSERT INTO `FIPOP`.`concept_color_translation` (`id`, `concept_color_id`, `language_id`, `name`) VALUES (77, 77, 1, 'Darkmagenta');
INSERT INTO `FIPOP`.`concept_color_translation` (`id`, `concept_color_id`, `language_id`, `name`) VALUES (78, 78, 1, 'Purple');
INSERT INTO `FIPOP`.`concept_color_translation` (`id`, `concept_color_id`, `language_id`, `name`) VALUES (79, 79, 1, 'Indigo');
INSERT INTO `FIPOP`.`concept_color_translation` (`id`, `concept_color_id`, `language_id`, `name`) VALUES (80, 80, 1, 'Blueviolet');
INSERT INTO `FIPOP`.`concept_color_translation` (`id`, `concept_color_id`, `language_id`, `name`) VALUES (81, 81, 1, 'Darkviolet');
INSERT INTO `FIPOP`.`concept_color_translation` (`id`, `concept_color_id`, `language_id`, `name`) VALUES (82, 82, 1, 'Darkorchid');
INSERT INTO `FIPOP`.`concept_color_translation` (`id`, `concept_color_id`, `language_id`, `name`) VALUES (83, 83, 1, 'Mediumpurple');
INSERT INTO `FIPOP`.`concept_color_translation` (`id`, `concept_color_id`, `language_id`, `name`) VALUES (84, 84, 1, 'Mediumorchid');
INSERT INTO `FIPOP`.`concept_color_translation` (`id`, `concept_color_id`, `language_id`, `name`) VALUES (85, 85, 1, 'Mediumslateblue');
INSERT INTO `FIPOP`.`concept_color_translation` (`id`, `concept_color_id`, `language_id`, `name`) VALUES (86, 86, 1, 'Slateblue');
INSERT INTO `FIPOP`.`concept_color_translation` (`id`, `concept_color_id`, `language_id`, `name`) VALUES (87, 87, 1, 'Darkslateblue');
INSERT INTO `FIPOP`.`concept_color_translation` (`id`, `concept_color_id`, `language_id`, `name`) VALUES (88, 88, 1, 'Midnightblue');
INSERT INTO `FIPOP`.`concept_color_translation` (`id`, `concept_color_id`, `language_id`, `name`) VALUES (89, 89, 1, 'Navy');
INSERT INTO `FIPOP`.`concept_color_translation` (`id`, `concept_color_id`, `language_id`, `name`) VALUES (90, 90, 1, 'Darkblue');
INSERT INTO `FIPOP`.`concept_color_translation` (`id`, `concept_color_id`, `language_id`, `name`) VALUES (91, 91, 1, 'Mediumblue');
INSERT INTO `FIPOP`.`concept_color_translation` (`id`, `concept_color_id`, `language_id`, `name`) VALUES (92, 92, 1, 'Blue');
INSERT INTO `FIPOP`.`concept_color_translation` (`id`, `concept_color_id`, `language_id`, `name`) VALUES (93, 93, 1, 'Royalblue');
INSERT INTO `FIPOP`.`concept_color_translation` (`id`, `concept_color_id`, `language_id`, `name`) VALUES (94, 94, 1, 'Steelblue');
INSERT INTO `FIPOP`.`concept_color_translation` (`id`, `concept_color_id`, `language_id`, `name`) VALUES (95, 95, 1, 'Cornflowerblue');
INSERT INTO `FIPOP`.`concept_color_translation` (`id`, `concept_color_id`, `language_id`, `name`) VALUES (96, 96, 1, 'Dodgerblue');
INSERT INTO `FIPOP`.`concept_color_translation` (`id`, `concept_color_id`, `language_id`, `name`) VALUES (97, 97, 1, 'Deepskyblue');
INSERT INTO `FIPOP`.`concept_color_translation` (`id`, `concept_color_id`, `language_id`, `name`) VALUES (98, 98, 1, 'Lightskyblue');
INSERT INTO `FIPOP`.`concept_color_translation` (`id`, `concept_color_id`, `language_id`, `name`) VALUES (99, 99, 1, 'Skyblue');
INSERT INTO `FIPOP`.`concept_color_translation` (`id`, `concept_color_id`, `language_id`, `name`) VALUES (100, 100, 1, 'Lightblue');
INSERT INTO `FIPOP`.`concept_color_translation` (`id`, `concept_color_id`, `language_id`, `name`) VALUES (101, 101, 1, 'Cyan/Aqua');
INSERT INTO `FIPOP`.`concept_color_translation` (`id`, `concept_color_id`, `language_id`, `name`) VALUES (102, 102, 1, 'Powderblue');
INSERT INTO `FIPOP`.`concept_color_translation` (`id`, `concept_color_id`, `language_id`, `name`) VALUES (103, 103, 1, 'Lightcyan');
INSERT INTO `FIPOP`.`concept_color_translation` (`id`, `concept_color_id`, `language_id`, `name`) VALUES (104, 104, 1, 'Aliceblue');
INSERT INTO `FIPOP`.`concept_color_translation` (`id`, `concept_color_id`, `language_id`, `name`) VALUES (105, 105, 1, 'Azure');
INSERT INTO `FIPOP`.`concept_color_translation` (`id`, `concept_color_id`, `language_id`, `name`) VALUES (106, 106, 1, 'Mintcream');
INSERT INTO `FIPOP`.`concept_color_translation` (`id`, `concept_color_id`, `language_id`, `name`) VALUES (107, 107, 1, 'Honeydew');
INSERT INTO `FIPOP`.`concept_color_translation` (`id`, `concept_color_id`, `language_id`, `name`) VALUES (108, 108, 1, 'Aquamarine');
INSERT INTO `FIPOP`.`concept_color_translation` (`id`, `concept_color_id`, `language_id`, `name`) VALUES (109, 109, 1, 'Turquoise');
INSERT INTO `FIPOP`.`concept_color_translation` (`id`, `concept_color_id`, `language_id`, `name`) VALUES (110, 110, 1, 'Paleturquoise');
INSERT INTO `FIPOP`.`concept_color_translation` (`id`, `concept_color_id`, `language_id`, `name`) VALUES (111, 111, 1, 'Mediumturqoise');
INSERT INTO `FIPOP`.`concept_color_translation` (`id`, `concept_color_id`, `language_id`, `name`) VALUES (112, 112, 1, 'Darkturquoise');
INSERT INTO `FIPOP`.`concept_color_translation` (`id`, `concept_color_id`, `language_id`, `name`) VALUES (113, 113, 1, 'Mediumaquamarine');
INSERT INTO `FIPOP`.`concept_color_translation` (`id`, `concept_color_id`, `language_id`, `name`) VALUES (114, 114, 1, 'Lightseagreen');
INSERT INTO `FIPOP`.`concept_color_translation` (`id`, `concept_color_id`, `language_id`, `name`) VALUES (115, 115, 1, 'Darkcyan');
INSERT INTO `FIPOP`.`concept_color_translation` (`id`, `concept_color_id`, `language_id`, `name`) VALUES (116, 116, 1, 'Teal');
INSERT INTO `FIPOP`.`concept_color_translation` (`id`, `concept_color_id`, `language_id`, `name`) VALUES (117, 117, 1, 'Cadetblue');
INSERT INTO `FIPOP`.`concept_color_translation` (`id`, `concept_color_id`, `language_id`, `name`) VALUES (118, 118, 1, 'Mediumseagreen');
INSERT INTO `FIPOP`.`concept_color_translation` (`id`, `concept_color_id`, `language_id`, `name`) VALUES (119, 119, 1, 'Darkseagreen');
INSERT INTO `FIPOP`.`concept_color_translation` (`id`, `concept_color_id`, `language_id`, `name`) VALUES (120, 120, 1, 'Lightgreen');
INSERT INTO `FIPOP`.`concept_color_translation` (`id`, `concept_color_id`, `language_id`, `name`) VALUES (121, 121, 1, 'Palegreen');
INSERT INTO `FIPOP`.`concept_color_translation` (`id`, `concept_color_id`, `language_id`, `name`) VALUES (122, 122, 1, 'Mediumspringgreen');
INSERT INTO `FIPOP`.`concept_color_translation` (`id`, `concept_color_id`, `language_id`, `name`) VALUES (123, 123, 1, 'Springgreen');
INSERT INTO `FIPOP`.`concept_color_translation` (`id`, `concept_color_id`, `language_id`, `name`) VALUES (124, 124, 1, 'Lime');
INSERT INTO `FIPOP`.`concept_color_translation` (`id`, `concept_color_id`, `language_id`, `name`) VALUES (125, 125, 1, 'Limegreen');
INSERT INTO `FIPOP`.`concept_color_translation` (`id`, `concept_color_id`, `language_id`, `name`) VALUES (126, 126, 1, 'Seagreen');
INSERT INTO `FIPOP`.`concept_color_translation` (`id`, `concept_color_id`, `language_id`, `name`) VALUES (127, 127, 1, 'Forestgreen');
INSERT INTO `FIPOP`.`concept_color_translation` (`id`, `concept_color_id`, `language_id`, `name`) VALUES (128, 128, 1, 'Green');
INSERT INTO `FIPOP`.`concept_color_translation` (`id`, `concept_color_id`, `language_id`, `name`) VALUES (129, 129, 1, 'Darkgreen');
INSERT INTO `FIPOP`.`concept_color_translation` (`id`, `concept_color_id`, `language_id`, `name`) VALUES (130, 130, 1, 'Olivedrab');
INSERT INTO `FIPOP`.`concept_color_translation` (`id`, `concept_color_id`, `language_id`, `name`) VALUES (131, 131, 1, 'Darkolivegreen');
INSERT INTO `FIPOP`.`concept_color_translation` (`id`, `concept_color_id`, `language_id`, `name`) VALUES (132, 132, 1, 'Olive');
INSERT INTO `FIPOP`.`concept_color_translation` (`id`, `concept_color_id`, `language_id`, `name`) VALUES (133, 133, 1, 'Darkkhaki');
INSERT INTO `FIPOP`.`concept_color_translation` (`id`, `concept_color_id`, `language_id`, `name`) VALUES (134, 134, 1, 'Yellowgreen');
INSERT INTO `FIPOP`.`concept_color_translation` (`id`, `concept_color_id`, `language_id`, `name`) VALUES (135, 135, 1, 'Chartreuse');
INSERT INTO `FIPOP`.`concept_color_translation` (`id`, `concept_color_id`, `language_id`, `name`) VALUES (136, 136, 1, 'Greenyellow');
INSERT INTO `FIPOP`.`concept_color_translation` (`id`, `concept_color_id`, `language_id`, `name`) VALUES (137, 137, 1, 'Sepia');
INSERT INTO `FIPOP`.`concept_color_translation` (`id`, `concept_color_id`, `language_id`, `name`) VALUES (138, 1, 1, 'Black');
INSERT INTO `FIPOP`.`concept_color_translation` (`id`, `concept_color_id`, `language_id`, `name`) VALUES (139, 2, 1, 'Darkslategray');
INSERT INTO `FIPOP`.`concept_color_translation` (`id`, `concept_color_id`, `language_id`, `name`) VALUES (140, 3, 1, 'Slategray');
INSERT INTO `FIPOP`.`concept_color_translation` (`id`, `concept_color_id`, `language_id`, `name`) VALUES (141, 4, 1, 'Lightslategray');
INSERT INTO `FIPOP`.`concept_color_translation` (`id`, `concept_color_id`, `language_id`, `name`) VALUES (142, 5, 1, 'Lightsteelblue');
INSERT INTO `FIPOP`.`concept_color_translation` (`id`, `concept_color_id`, `language_id`, `name`) VALUES (143, 6, 1, 'Dimgray');
INSERT INTO `FIPOP`.`concept_color_translation` (`id`, `concept_color_id`, `language_id`, `name`) VALUES (144, 7, 1, 'Gray');
INSERT INTO `FIPOP`.`concept_color_translation` (`id`, `concept_color_id`, `language_id`, `name`) VALUES (145, 8, 1, 'Darkgray');
INSERT INTO `FIPOP`.`concept_color_translation` (`id`, `concept_color_id`, `language_id`, `name`) VALUES (146, 9, 1, 'Silver');
INSERT INTO `FIPOP`.`concept_color_translation` (`id`, `concept_color_id`, `language_id`, `name`) VALUES (147, 10, 1, 'Lightgray');
INSERT INTO `FIPOP`.`concept_color_translation` (`id`, `concept_color_id`, `language_id`, `name`) VALUES (148, 11, 1, 'Gainsboro');
INSERT INTO `FIPOP`.`concept_color_translation` (`id`, `concept_color_id`, `language_id`, `name`) VALUES (149, 12, 1, 'Whitesmoke');
INSERT INTO `FIPOP`.`concept_color_translation` (`id`, `concept_color_id`, `language_id`, `name`) VALUES (150, 13, 1, 'Ghostwhite');
INSERT INTO `FIPOP`.`concept_color_translation` (`id`, `concept_color_id`, `language_id`, `name`) VALUES (151, 14, 1, 'White');
INSERT INTO `FIPOP`.`concept_color_translation` (`id`, `concept_color_id`, `language_id`, `name`) VALUES (152, 15, 1, 'Snow');
INSERT INTO `FIPOP`.`concept_color_translation` (`id`, `concept_color_id`, `language_id`, `name`) VALUES (153, 16, 1, 'Ivory');
INSERT INTO `FIPOP`.`concept_color_translation` (`id`, `concept_color_id`, `language_id`, `name`) VALUES (154, 17, 1, 'Floralwhite');
INSERT INTO `FIPOP`.`concept_color_translation` (`id`, `concept_color_id`, `language_id`, `name`) VALUES (155, 18, 1, 'Seashell');
INSERT INTO `FIPOP`.`concept_color_translation` (`id`, `concept_color_id`, `language_id`, `name`) VALUES (156, 19, 1, 'Oldlace');
INSERT INTO `FIPOP`.`concept_color_translation` (`id`, `concept_color_id`, `language_id`, `name`) VALUES (157, 20, 1, 'Linen');
INSERT INTO `FIPOP`.`concept_color_translation` (`id`, `concept_color_id`, `language_id`, `name`) VALUES (158, 21, 1, 'Antiquewhite');
INSERT INTO `FIPOP`.`concept_color_translation` (`id`, `concept_color_id`, `language_id`, `name`) VALUES (159, 22, 1, 'Blanchedalmond');
INSERT INTO `FIPOP`.`concept_color_translation` (`id`, `concept_color_id`, `language_id`, `name`) VALUES (160, 23, 1, 'Papayawhip');
INSERT INTO `FIPOP`.`concept_color_translation` (`id`, `concept_color_id`, `language_id`, `name`) VALUES (161, 24, 1, 'Beige');
INSERT INTO `FIPOP`.`concept_color_translation` (`id`, `concept_color_id`, `language_id`, `name`) VALUES (162, 25, 1, 'Cornsilk');
INSERT INTO `FIPOP`.`concept_color_translation` (`id`, `concept_color_id`, `language_id`, `name`) VALUES (163, 26, 1, 'Lightgoldenrodyellow');
INSERT INTO `FIPOP`.`concept_color_translation` (`id`, `concept_color_id`, `language_id`, `name`) VALUES (164, 27, 1, 'Lightyellow');
INSERT INTO `FIPOP`.`concept_color_translation` (`id`, `concept_color_id`, `language_id`, `name`) VALUES (165, 28, 1, 'Lemonchiffon');
INSERT INTO `FIPOP`.`concept_color_translation` (`id`, `concept_color_id`, `language_id`, `name`) VALUES (166, 29, 1, 'Palegoldenrod');
INSERT INTO `FIPOP`.`concept_color_translation` (`id`, `concept_color_id`, `language_id`, `name`) VALUES (167, 30, 1, 'Khaki');
INSERT INTO `FIPOP`.`concept_color_translation` (`id`, `concept_color_id`, `language_id`, `name`) VALUES (168, 31, 1, 'Yellow');
INSERT INTO `FIPOP`.`concept_color_translation` (`id`, `concept_color_id`, `language_id`, `name`) VALUES (169, 32, 1, 'Gold');
INSERT INTO `FIPOP`.`concept_color_translation` (`id`, `concept_color_id`, `language_id`, `name`) VALUES (170, 33, 1, 'Orange');
INSERT INTO `FIPOP`.`concept_color_translation` (`id`, `concept_color_id`, `language_id`, `name`) VALUES (171, 34, 1, 'Darkorange');
INSERT INTO `FIPOP`.`concept_color_translation` (`id`, `concept_color_id`, `language_id`, `name`) VALUES (172, 35, 1, 'Goldenrod');
INSERT INTO `FIPOP`.`concept_color_translation` (`id`, `concept_color_id`, `language_id`, `name`) VALUES (173, 36, 1, 'Darkgoldenrod');
INSERT INTO `FIPOP`.`concept_color_translation` (`id`, `concept_color_id`, `language_id`, `name`) VALUES (174, 37, 1, 'Peru');
INSERT INTO `FIPOP`.`concept_color_translation` (`id`, `concept_color_id`, `language_id`, `name`) VALUES (175, 38, 1, 'Chocolate');
INSERT INTO `FIPOP`.`concept_color_translation` (`id`, `concept_color_id`, `language_id`, `name`) VALUES (176, 39, 1, 'Saddlebrown');
INSERT INTO `FIPOP`.`concept_color_translation` (`id`, `concept_color_id`, `language_id`, `name`) VALUES (177, 40, 1, 'Sienna');
INSERT INTO `FIPOP`.`concept_color_translation` (`id`, `concept_color_id`, `language_id`, `name`) VALUES (178, 41, 1, 'Brown');
INSERT INTO `FIPOP`.`concept_color_translation` (`id`, `concept_color_id`, `language_id`, `name`) VALUES (179, 42, 1, 'Darkred');
INSERT INTO `FIPOP`.`concept_color_translation` (`id`, `concept_color_id`, `language_id`, `name`) VALUES (180, 43, 1, 'Maroon');
INSERT INTO `FIPOP`.`concept_color_translation` (`id`, `concept_color_id`, `language_id`, `name`) VALUES (181, 44, 1, 'Firebrick');
INSERT INTO `FIPOP`.`concept_color_translation` (`id`, `concept_color_id`, `language_id`, `name`) VALUES (182, 45, 1, 'Indianred');
INSERT INTO `FIPOP`.`concept_color_translation` (`id`, `concept_color_id`, `language_id`, `name`) VALUES (183, 46, 1, 'Crimson');
INSERT INTO `FIPOP`.`concept_color_translation` (`id`, `concept_color_id`, `language_id`, `name`) VALUES (184, 47, 1, 'Red');
INSERT INTO `FIPOP`.`concept_color_translation` (`id`, `concept_color_id`, `language_id`, `name`) VALUES (185, 48, 1, 'Orangered');
INSERT INTO `FIPOP`.`concept_color_translation` (`id`, `concept_color_id`, `language_id`, `name`) VALUES (186, 49, 1, 'Tomato');
INSERT INTO `FIPOP`.`concept_color_translation` (`id`, `concept_color_id`, `language_id`, `name`) VALUES (187, 50, 1, 'Coral');
INSERT INTO `FIPOP`.`concept_color_translation` (`id`, `concept_color_id`, `language_id`, `name`) VALUES (188, 51, 1, 'Salmon');
INSERT INTO `FIPOP`.`concept_color_translation` (`id`, `concept_color_id`, `language_id`, `name`) VALUES (189, 52, 1, 'Lightcoral');
INSERT INTO `FIPOP`.`concept_color_translation` (`id`, `concept_color_id`, `language_id`, `name`) VALUES (190, 53, 1, 'Darksalmon');
INSERT INTO `FIPOP`.`concept_color_translation` (`id`, `concept_color_id`, `language_id`, `name`) VALUES (191, 54, 1, 'Lightsalmon');
INSERT INTO `FIPOP`.`concept_color_translation` (`id`, `concept_color_id`, `language_id`, `name`) VALUES (192, 55, 1, 'Sandybrown');
INSERT INTO `FIPOP`.`concept_color_translation` (`id`, `concept_color_id`, `language_id`, `name`) VALUES (193, 56, 1, 'Rosybrown');
INSERT INTO `FIPOP`.`concept_color_translation` (`id`, `concept_color_id`, `language_id`, `name`) VALUES (194, 57, 1, 'Tan');
INSERT INTO `FIPOP`.`concept_color_translation` (`id`, `concept_color_id`, `language_id`, `name`) VALUES (195, 58, 1, 'Burlywood');
INSERT INTO `FIPOP`.`concept_color_translation` (`id`, `concept_color_id`, `language_id`, `name`) VALUES (196, 59, 1, 'Wheat');
INSERT INTO `FIPOP`.`concept_color_translation` (`id`, `concept_color_id`, `language_id`, `name`) VALUES (197, 60, 1, 'Peachpuff');
INSERT INTO `FIPOP`.`concept_color_translation` (`id`, `concept_color_id`, `language_id`, `name`) VALUES (198, 61, 1, 'Navajowhite');
INSERT INTO `FIPOP`.`concept_color_translation` (`id`, `concept_color_id`, `language_id`, `name`) VALUES (199, 62, 1, 'Bisque');
INSERT INTO `FIPOP`.`concept_color_translation` (`id`, `concept_color_id`, `language_id`, `name`) VALUES (200, 63, 1, 'Lavenderblush');
INSERT INTO `FIPOP`.`concept_color_translation` (`id`, `concept_color_id`, `language_id`, `name`) VALUES (201, 64, 1, 'Mistyrose');
INSERT INTO `FIPOP`.`concept_color_translation` (`id`, `concept_color_id`, `language_id`, `name`) VALUES (202, 65, 1, 'Pink');
INSERT INTO `FIPOP`.`concept_color_translation` (`id`, `concept_color_id`, `language_id`, `name`) VALUES (203, 66, 1, 'Lightpink');
INSERT INTO `FIPOP`.`concept_color_translation` (`id`, `concept_color_id`, `language_id`, `name`) VALUES (204, 67, 1, 'Hotpink');
INSERT INTO `FIPOP`.`concept_color_translation` (`id`, `concept_color_id`, `language_id`, `name`) VALUES (205, 68, 1, 'Fuchsia/Magenta');
INSERT INTO `FIPOP`.`concept_color_translation` (`id`, `concept_color_id`, `language_id`, `name`) VALUES (206, 69, 1, 'Deeppink');
INSERT INTO `FIPOP`.`concept_color_translation` (`id`, `concept_color_id`, `language_id`, `name`) VALUES (207, 70, 1, 'Mediumvioletred');
INSERT INTO `FIPOP`.`concept_color_translation` (`id`, `concept_color_id`, `language_id`, `name`) VALUES (208, 71, 1, 'Palevioletred');
INSERT INTO `FIPOP`.`concept_color_translation` (`id`, `concept_color_id`, `language_id`, `name`) VALUES (209, 72, 1, 'Plum');
INSERT INTO `FIPOP`.`concept_color_translation` (`id`, `concept_color_id`, `language_id`, `name`) VALUES (210, 73, 1, 'Thistle');
INSERT INTO `FIPOP`.`concept_color_translation` (`id`, `concept_color_id`, `language_id`, `name`) VALUES (211, 74, 1, 'Lavender');
INSERT INTO `FIPOP`.`concept_color_translation` (`id`, `concept_color_id`, `language_id`, `name`) VALUES (212, 75, 1, 'Violet');
INSERT INTO `FIPOP`.`concept_color_translation` (`id`, `concept_color_id`, `language_id`, `name`) VALUES (213, 76, 1, 'Orchid');
INSERT INTO `FIPOP`.`concept_color_translation` (`id`, `concept_color_id`, `language_id`, `name`) VALUES (214, 77, 1, 'Darkmagenta');
INSERT INTO `FIPOP`.`concept_color_translation` (`id`, `concept_color_id`, `language_id`, `name`) VALUES (215, 78, 1, 'Purple');
INSERT INTO `FIPOP`.`concept_color_translation` (`id`, `concept_color_id`, `language_id`, `name`) VALUES (216, 79, 1, 'Indigo');
INSERT INTO `FIPOP`.`concept_color_translation` (`id`, `concept_color_id`, `language_id`, `name`) VALUES (217, 80, 1, 'Blueviolet');
INSERT INTO `FIPOP`.`concept_color_translation` (`id`, `concept_color_id`, `language_id`, `name`) VALUES (218, 81, 1, 'Darkviolet');
INSERT INTO `FIPOP`.`concept_color_translation` (`id`, `concept_color_id`, `language_id`, `name`) VALUES (219, 82, 1, 'Darkorchid');
INSERT INTO `FIPOP`.`concept_color_translation` (`id`, `concept_color_id`, `language_id`, `name`) VALUES (220, 83, 1, 'Mediumpurple');
INSERT INTO `FIPOP`.`concept_color_translation` (`id`, `concept_color_id`, `language_id`, `name`) VALUES (221, 84, 1, 'Mediumorchid');
INSERT INTO `FIPOP`.`concept_color_translation` (`id`, `concept_color_id`, `language_id`, `name`) VALUES (222, 85, 1, 'Mediumslateblue');
INSERT INTO `FIPOP`.`concept_color_translation` (`id`, `concept_color_id`, `language_id`, `name`) VALUES (223, 86, 1, 'Slateblue');
INSERT INTO `FIPOP`.`concept_color_translation` (`id`, `concept_color_id`, `language_id`, `name`) VALUES (224, 87, 1, 'Darkslateblue');
INSERT INTO `FIPOP`.`concept_color_translation` (`id`, `concept_color_id`, `language_id`, `name`) VALUES (225, 88, 1, 'Midnightblue');
INSERT INTO `FIPOP`.`concept_color_translation` (`id`, `concept_color_id`, `language_id`, `name`) VALUES (226, 89, 1, 'Navy');
INSERT INTO `FIPOP`.`concept_color_translation` (`id`, `concept_color_id`, `language_id`, `name`) VALUES (227, 90, 1, 'Darkblue');
INSERT INTO `FIPOP`.`concept_color_translation` (`id`, `concept_color_id`, `language_id`, `name`) VALUES (228, 91, 1, 'Mediumblue');
INSERT INTO `FIPOP`.`concept_color_translation` (`id`, `concept_color_id`, `language_id`, `name`) VALUES (229, 92, 1, 'Blue');
INSERT INTO `FIPOP`.`concept_color_translation` (`id`, `concept_color_id`, `language_id`, `name`) VALUES (230, 93, 1, 'Royalblue');
INSERT INTO `FIPOP`.`concept_color_translation` (`id`, `concept_color_id`, `language_id`, `name`) VALUES (231, 94, 1, 'Steelblue');
INSERT INTO `FIPOP`.`concept_color_translation` (`id`, `concept_color_id`, `language_id`, `name`) VALUES (232, 95, 1, 'Cornflowerblue');
INSERT INTO `FIPOP`.`concept_color_translation` (`id`, `concept_color_id`, `language_id`, `name`) VALUES (233, 96, 1, 'Dodgerblue');
INSERT INTO `FIPOP`.`concept_color_translation` (`id`, `concept_color_id`, `language_id`, `name`) VALUES (234, 97, 1, 'Deepskyblue');
INSERT INTO `FIPOP`.`concept_color_translation` (`id`, `concept_color_id`, `language_id`, `name`) VALUES (235, 98, 1, 'Lightskyblue');
INSERT INTO `FIPOP`.`concept_color_translation` (`id`, `concept_color_id`, `language_id`, `name`) VALUES (236, 99, 1, 'Skyblue');
INSERT INTO `FIPOP`.`concept_color_translation` (`id`, `concept_color_id`, `language_id`, `name`) VALUES (237, 100, 1, 'Lightblue');
INSERT INTO `FIPOP`.`concept_color_translation` (`id`, `concept_color_id`, `language_id`, `name`) VALUES (238, 101, 1, 'Cyan/Aqua');
INSERT INTO `FIPOP`.`concept_color_translation` (`id`, `concept_color_id`, `language_id`, `name`) VALUES (239, 102, 1, 'Powderblue');
INSERT INTO `FIPOP`.`concept_color_translation` (`id`, `concept_color_id`, `language_id`, `name`) VALUES (240, 103, 1, 'Lightcyan');
INSERT INTO `FIPOP`.`concept_color_translation` (`id`, `concept_color_id`, `language_id`, `name`) VALUES (241, 104, 1, 'Aliceblue');
INSERT INTO `FIPOP`.`concept_color_translation` (`id`, `concept_color_id`, `language_id`, `name`) VALUES (242, 105, 1, 'Azure');
INSERT INTO `FIPOP`.`concept_color_translation` (`id`, `concept_color_id`, `language_id`, `name`) VALUES (243, 106, 1, 'Mintcream');
INSERT INTO `FIPOP`.`concept_color_translation` (`id`, `concept_color_id`, `language_id`, `name`) VALUES (244, 107, 1, 'Honeydew');
INSERT INTO `FIPOP`.`concept_color_translation` (`id`, `concept_color_id`, `language_id`, `name`) VALUES (245, 108, 1, 'Aquamarine');
INSERT INTO `FIPOP`.`concept_color_translation` (`id`, `concept_color_id`, `language_id`, `name`) VALUES (246, 109, 1, 'Turquoise');
INSERT INTO `FIPOP`.`concept_color_translation` (`id`, `concept_color_id`, `language_id`, `name`) VALUES (247, 110, 1, 'Paleturquoise');
INSERT INTO `FIPOP`.`concept_color_translation` (`id`, `concept_color_id`, `language_id`, `name`) VALUES (248, 111, 1, 'Mediumturqoise');
INSERT INTO `FIPOP`.`concept_color_translation` (`id`, `concept_color_id`, `language_id`, `name`) VALUES (249, 112, 1, 'Darkturquoise');
INSERT INTO `FIPOP`.`concept_color_translation` (`id`, `concept_color_id`, `language_id`, `name`) VALUES (250, 113, 1, 'Mediumaquamarine');
INSERT INTO `FIPOP`.`concept_color_translation` (`id`, `concept_color_id`, `language_id`, `name`) VALUES (251, 114, 1, 'Lightseagreen');
INSERT INTO `FIPOP`.`concept_color_translation` (`id`, `concept_color_id`, `language_id`, `name`) VALUES (252, 115, 1, 'Darkcyan');
INSERT INTO `FIPOP`.`concept_color_translation` (`id`, `concept_color_id`, `language_id`, `name`) VALUES (253, 116, 1, 'Teal');
INSERT INTO `FIPOP`.`concept_color_translation` (`id`, `concept_color_id`, `language_id`, `name`) VALUES (254, 117, 1, 'Cadetblue');
INSERT INTO `FIPOP`.`concept_color_translation` (`id`, `concept_color_id`, `language_id`, `name`) VALUES (255, 118, 1, 'Mediumseagreen');
INSERT INTO `FIPOP`.`concept_color_translation` (`id`, `concept_color_id`, `language_id`, `name`) VALUES (256, 119, 1, 'Darkseagreen');
INSERT INTO `FIPOP`.`concept_color_translation` (`id`, `concept_color_id`, `language_id`, `name`) VALUES (257, 120, 1, 'Lightgreen');
INSERT INTO `FIPOP`.`concept_color_translation` (`id`, `concept_color_id`, `language_id`, `name`) VALUES (258, 121, 1, 'Palegreen');
INSERT INTO `FIPOP`.`concept_color_translation` (`id`, `concept_color_id`, `language_id`, `name`) VALUES (259, 122, 1, 'Mediumspringgreen');
INSERT INTO `FIPOP`.`concept_color_translation` (`id`, `concept_color_id`, `language_id`, `name`) VALUES (260, 123, 1, 'Springgreen');
INSERT INTO `FIPOP`.`concept_color_translation` (`id`, `concept_color_id`, `language_id`, `name`) VALUES (261, 124, 1, 'Lime');
INSERT INTO `FIPOP`.`concept_color_translation` (`id`, `concept_color_id`, `language_id`, `name`) VALUES (262, 125, 1, 'Limegreen');
INSERT INTO `FIPOP`.`concept_color_translation` (`id`, `concept_color_id`, `language_id`, `name`) VALUES (263, 126, 1, 'Seagreen');
INSERT INTO `FIPOP`.`concept_color_translation` (`id`, `concept_color_id`, `language_id`, `name`) VALUES (264, 127, 1, 'Forestgreen');
INSERT INTO `FIPOP`.`concept_color_translation` (`id`, `concept_color_id`, `language_id`, `name`) VALUES (265, 128, 1, 'Green');
INSERT INTO `FIPOP`.`concept_color_translation` (`id`, `concept_color_id`, `language_id`, `name`) VALUES (266, 129, 1, 'Darkgreen');
INSERT INTO `FIPOP`.`concept_color_translation` (`id`, `concept_color_id`, `language_id`, `name`) VALUES (267, 130, 1, 'Olivedrab');
INSERT INTO `FIPOP`.`concept_color_translation` (`id`, `concept_color_id`, `language_id`, `name`) VALUES (268, 131, 1, 'Darkolivegreen');
INSERT INTO `FIPOP`.`concept_color_translation` (`id`, `concept_color_id`, `language_id`, `name`) VALUES (269, 132, 1, 'Olive');
INSERT INTO `FIPOP`.`concept_color_translation` (`id`, `concept_color_id`, `language_id`, `name`) VALUES (270, 133, 1, 'Darkkhaki');
INSERT INTO `FIPOP`.`concept_color_translation` (`id`, `concept_color_id`, `language_id`, `name`) VALUES (271, 134, 1, 'Yellowgreen');
INSERT INTO `FIPOP`.`concept_color_translation` (`id`, `concept_color_id`, `language_id`, `name`) VALUES (272, 135, 1, 'Chartreuse');
INSERT INTO `FIPOP`.`concept_color_translation` (`id`, `concept_color_id`, `language_id`, `name`) VALUES (273, 136, 1, 'Greenyellow');
INSERT INTO `FIPOP`.`concept_color_translation` (`id`, `concept_color_id`, `language_id`, `name`) VALUES (274, 137, 1, 'Sepia');
INSERT INTO `FIPOP`.`concept_color_translation` (`id`, `concept_color_id`, `language_id`, `name`) VALUES (275, 1, 3, 'Schwarz');
INSERT INTO `FIPOP`.`concept_color_translation` (`id`, `concept_color_id`, `language_id`, `name`) VALUES (276, 2, 3, 'Dunkles Schiefergrau');
INSERT INTO `FIPOP`.`concept_color_translation` (`id`, `concept_color_id`, `language_id`, `name`) VALUES (277, 3, 3, 'Schiefergrau');
INSERT INTO `FIPOP`.`concept_color_translation` (`id`, `concept_color_id`, `language_id`, `name`) VALUES (278, 4, 3, 'Helles Schiefergrau');
INSERT INTO `FIPOP`.`concept_color_translation` (`id`, `concept_color_id`, `language_id`, `name`) VALUES (279, 5, 3, 'Helles Stahlblau');
INSERT INTO `FIPOP`.`concept_color_translation` (`id`, `concept_color_id`, `language_id`, `name`) VALUES (280, 6, 3, 'Mattes Grau');
INSERT INTO `FIPOP`.`concept_color_translation` (`id`, `concept_color_id`, `language_id`, `name`) VALUES (281, 7, 3, 'Grau');
INSERT INTO `FIPOP`.`concept_color_translation` (`id`, `concept_color_id`, `language_id`, `name`) VALUES (282, 8, 3, 'Dunkelgrau');
INSERT INTO `FIPOP`.`concept_color_translation` (`id`, `concept_color_id`, `language_id`, `name`) VALUES (283, 9, 3, 'Silber');
INSERT INTO `FIPOP`.`concept_color_translation` (`id`, `concept_color_id`, `language_id`, `name`) VALUES (284, 10, 3, 'Hellgrau');
INSERT INTO `FIPOP`.`concept_color_translation` (`id`, `concept_color_id`, `language_id`, `name`) VALUES (285, 11, 3, 'Gainsboro');
INSERT INTO `FIPOP`.`concept_color_translation` (`id`, `concept_color_id`, `language_id`, `name`) VALUES (286, 12, 3, 'Rauchiges Wei');
INSERT INTO `FIPOP`.`concept_color_translation` (`id`, `concept_color_id`, `language_id`, `name`) VALUES (287, 13, 3, 'Geisterwei');
INSERT INTO `FIPOP`.`concept_color_translation` (`id`, `concept_color_id`, `language_id`, `name`) VALUES (288, 14, 3, 'Wei');
INSERT INTO `FIPOP`.`concept_color_translation` (`id`, `concept_color_id`, `language_id`, `name`) VALUES (289, 15, 3, 'Schneewei');
INSERT INTO `FIPOP`.`concept_color_translation` (`id`, `concept_color_id`, `language_id`, `name`) VALUES (290, 16, 3, 'Elfenbein');
INSERT INTO `FIPOP`.`concept_color_translation` (`id`, `concept_color_id`, `language_id`, `name`) VALUES (291, 17, 3, 'Bltenwei');
INSERT INTO `FIPOP`.`concept_color_translation` (`id`, `concept_color_id`, `language_id`, `name`) VALUES (292, 18, 3, 'Muschel');
INSERT INTO `FIPOP`.`concept_color_translation` (`id`, `concept_color_id`, `language_id`, `name`) VALUES (293, 19, 3, 'Altgold');
INSERT INTO `FIPOP`.`concept_color_translation` (`id`, `concept_color_id`, `language_id`, `name`) VALUES (294, 20, 3, 'Leinenfarbe');
INSERT INTO `FIPOP`.`concept_color_translation` (`id`, `concept_color_id`, `language_id`, `name`) VALUES (295, 21, 3, 'Antikes Wei');
INSERT INTO `FIPOP`.`concept_color_translation` (`id`, `concept_color_id`, `language_id`, `name`) VALUES (296, 22, 3, 'Mandelwei');
INSERT INTO `FIPOP`.`concept_color_translation` (`id`, `concept_color_id`, `language_id`, `name`) VALUES (297, 23, 3, 'Cremiges Papaya');
INSERT INTO `FIPOP`.`concept_color_translation` (`id`, `concept_color_id`, `language_id`, `name`) VALUES (298, 24, 3, 'Beige');
INSERT INTO `FIPOP`.`concept_color_translation` (`id`, `concept_color_id`, `language_id`, `name`) VALUES (299, 25, 3, 'Mais');
INSERT INTO `FIPOP`.`concept_color_translation` (`id`, `concept_color_id`, `language_id`, `name`) VALUES (300, 26, 3, 'Helles Goldrutengelb');
INSERT INTO `FIPOP`.`concept_color_translation` (`id`, `concept_color_id`, `language_id`, `name`) VALUES (301, 27, 3, 'Hellgelb');
INSERT INTO `FIPOP`.`concept_color_translation` (`id`, `concept_color_id`, `language_id`, `name`) VALUES (302, 28, 3, 'Chiffongelb');
INSERT INTO `FIPOP`.`concept_color_translation` (`id`, `concept_color_id`, `language_id`, `name`) VALUES (303, 29, 3, 'Blasse Goldrutenfarbe');
INSERT INTO `FIPOP`.`concept_color_translation` (`id`, `concept_color_id`, `language_id`, `name`) VALUES (304, 30, 3, 'Khaki');
INSERT INTO `FIPOP`.`concept_color_translation` (`id`, `concept_color_id`, `language_id`, `name`) VALUES (305, 31, 3, 'Gelb');
INSERT INTO `FIPOP`.`concept_color_translation` (`id`, `concept_color_id`, `language_id`, `name`) VALUES (306, 32, 3, 'Gold');
INSERT INTO `FIPOP`.`concept_color_translation` (`id`, `concept_color_id`, `language_id`, `name`) VALUES (307, 33, 3, 'Orange');
INSERT INTO `FIPOP`.`concept_color_translation` (`id`, `concept_color_id`, `language_id`, `name`) VALUES (308, 34, 3, 'Dunkles Orange');
INSERT INTO `FIPOP`.`concept_color_translation` (`id`, `concept_color_id`, `language_id`, `name`) VALUES (309, 35, 3, 'Goldrute');
INSERT INTO `FIPOP`.`concept_color_translation` (`id`, `concept_color_id`, `language_id`, `name`) VALUES (310, 36, 3, 'dunkle Goldrutenfarbe');
INSERT INTO `FIPOP`.`concept_color_translation` (`id`, `concept_color_id`, `language_id`, `name`) VALUES (311, 37, 3, 'Peru');
INSERT INTO `FIPOP`.`concept_color_translation` (`id`, `concept_color_id`, `language_id`, `name`) VALUES (312, 38, 3, 'Schokolade');
INSERT INTO `FIPOP`.`concept_color_translation` (`id`, `concept_color_id`, `language_id`, `name`) VALUES (313, 39, 3, 'Sattelbraun');
INSERT INTO `FIPOP`.`concept_color_translation` (`id`, `concept_color_id`, `language_id`, `name`) VALUES (314, 40, 3, 'Ocker');
INSERT INTO `FIPOP`.`concept_color_translation` (`id`, `concept_color_id`, `language_id`, `name`) VALUES (315, 41, 3, 'Braun');
INSERT INTO `FIPOP`.`concept_color_translation` (`id`, `concept_color_id`, `language_id`, `name`) VALUES (316, 42, 3, 'Dunkelrot');
INSERT INTO `FIPOP`.`concept_color_translation` (`id`, `concept_color_id`, `language_id`, `name`) VALUES (317, 43, 3, 'Kastanienbraun');
INSERT INTO `FIPOP`.`concept_color_translation` (`id`, `concept_color_id`, `language_id`, `name`) VALUES (318, 44, 3, 'Ziegelfarbe');
INSERT INTO `FIPOP`.`concept_color_translation` (`id`, `concept_color_id`, `language_id`, `name`) VALUES (319, 45, 3, 'Indischrot');
INSERT INTO `FIPOP`.`concept_color_translation` (`id`, `concept_color_id`, `language_id`, `name`) VALUES (320, 46, 3, 'Karmesinrot');
INSERT INTO `FIPOP`.`concept_color_translation` (`id`, `concept_color_id`, `language_id`, `name`) VALUES (321, 47, 3, 'Rot');
INSERT INTO `FIPOP`.`concept_color_translation` (`id`, `concept_color_id`, `language_id`, `name`) VALUES (322, 48, 3, 'Orangenrot');
INSERT INTO `FIPOP`.`concept_color_translation` (`id`, `concept_color_id`, `language_id`, `name`) VALUES (323, 49, 3, 'Tomatenrot');
INSERT INTO `FIPOP`.`concept_color_translation` (`id`, `concept_color_id`, `language_id`, `name`) VALUES (324, 50, 3, 'Koralle');
INSERT INTO `FIPOP`.`concept_color_translation` (`id`, `concept_color_id`, `language_id`, `name`) VALUES (325, 51, 3, 'Lachs');
INSERT INTO `FIPOP`.`concept_color_translation` (`id`, `concept_color_id`, `language_id`, `name`) VALUES (326, 52, 3, 'Helles Korallenrot');
INSERT INTO `FIPOP`.`concept_color_translation` (`id`, `concept_color_id`, `language_id`, `name`) VALUES (327, 53, 3, 'Dunkle Lachsfarbe');
INSERT INTO `FIPOP`.`concept_color_translation` (`id`, `concept_color_id`, `language_id`, `name`) VALUES (328, 54, 3, 'Helle Lachsfarbe');
INSERT INTO `FIPOP`.`concept_color_translation` (`id`, `concept_color_id`, `language_id`, `name`) VALUES (329, 55, 3, 'Sandbraun');
INSERT INTO `FIPOP`.`concept_color_translation` (`id`, `concept_color_id`, `language_id`, `name`) VALUES (330, 56, 3, 'Rosiges Braun');
INSERT INTO `FIPOP`.`concept_color_translation` (`id`, `concept_color_id`, `language_id`, `name`) VALUES (331, 57, 3, 'Gelbbraun');
INSERT INTO `FIPOP`.`concept_color_translation` (`id`, `concept_color_id`, `language_id`, `name`) VALUES (332, 58, 3, 'Grobes Braun');
INSERT INTO `FIPOP`.`concept_color_translation` (`id`, `concept_color_id`, `language_id`, `name`) VALUES (333, 59, 3, 'Weizen');
INSERT INTO `FIPOP`.`concept_color_translation` (`id`, `concept_color_id`, `language_id`, `name`) VALUES (334, 60, 3, 'Pfirsich');
INSERT INTO `FIPOP`.`concept_color_translation` (`id`, `concept_color_id`, `language_id`, `name`) VALUES (335, 61, 3, 'Navajowei');
INSERT INTO `FIPOP`.`concept_color_translation` (`id`, `concept_color_id`, `language_id`, `name`) VALUES (336, 62, 3, 'Tomatencreme');
INSERT INTO `FIPOP`.`concept_color_translation` (`id`, `concept_color_id`, `language_id`, `name`) VALUES (337, 63, 3, 'Rosige Lavenderfarbe');
INSERT INTO `FIPOP`.`concept_color_translation` (`id`, `concept_color_id`, `language_id`, `name`) VALUES (338, 64, 3, 'Altrosa');
INSERT INTO `FIPOP`.`concept_color_translation` (`id`, `concept_color_id`, `language_id`, `name`) VALUES (339, 65, 3, 'Rosa');
INSERT INTO `FIPOP`.`concept_color_translation` (`id`, `concept_color_id`, `language_id`, `name`) VALUES (340, 66, 3, 'Hellrosa');
INSERT INTO `FIPOP`.`concept_color_translation` (`id`, `concept_color_id`, `language_id`, `name`) VALUES (341, 67, 3, 'Leuchtendes Rosa');
INSERT INTO `FIPOP`.`concept_color_translation` (`id`, `concept_color_id`, `language_id`, `name`) VALUES (342, 68, 3, 'Fuchsie/Magentarot');
INSERT INTO `FIPOP`.`concept_color_translation` (`id`, `concept_color_id`, `language_id`, `name`) VALUES (343, 69, 3, 'Tiefrosa');
INSERT INTO `FIPOP`.`concept_color_translation` (`id`, `concept_color_id`, `language_id`, `name`) VALUES (344, 70, 3, 'Mittleres Violettrot');
INSERT INTO `FIPOP`.`concept_color_translation` (`id`, `concept_color_id`, `language_id`, `name`) VALUES (345, 71, 3, 'Blasses Violettrot');
INSERT INTO `FIPOP`.`concept_color_translation` (`id`, `concept_color_id`, `language_id`, `name`) VALUES (346, 72, 3, 'Pflaume');
INSERT INTO `FIPOP`.`concept_color_translation` (`id`, `concept_color_id`, `language_id`, `name`) VALUES (347, 73, 3, 'Distel');
INSERT INTO `FIPOP`.`concept_color_translation` (`id`, `concept_color_id`, `language_id`, `name`) VALUES (348, 74, 3, 'Lavendelfarbe');
INSERT INTO `FIPOP`.`concept_color_translation` (`id`, `concept_color_id`, `language_id`, `name`) VALUES (349, 75, 3, 'Violett');
INSERT INTO `FIPOP`.`concept_color_translation` (`id`, `concept_color_id`, `language_id`, `name`) VALUES (350, 76, 3, 'Orchidee');
INSERT INTO `FIPOP`.`concept_color_translation` (`id`, `concept_color_id`, `language_id`, `name`) VALUES (351, 77, 3, 'Dunkles Magentarot');
INSERT INTO `FIPOP`.`concept_color_translation` (`id`, `concept_color_id`, `language_id`, `name`) VALUES (352, 78, 3, 'Violett');
INSERT INTO `FIPOP`.`concept_color_translation` (`id`, `concept_color_id`, `language_id`, `name`) VALUES (353, 79, 3, 'Indigo');
INSERT INTO `FIPOP`.`concept_color_translation` (`id`, `concept_color_id`, `language_id`, `name`) VALUES (354, 80, 3, 'Blauviolett');
INSERT INTO `FIPOP`.`concept_color_translation` (`id`, `concept_color_id`, `language_id`, `name`) VALUES (355, 81, 3, 'Dunkles Violett');
INSERT INTO `FIPOP`.`concept_color_translation` (`id`, `concept_color_id`, `language_id`, `name`) VALUES (356, 82, 3, 'Dunkle Orchideenfarbe');
INSERT INTO `FIPOP`.`concept_color_translation` (`id`, `concept_color_id`, `language_id`, `name`) VALUES (357, 83, 3, 'Mittleres Violett');
INSERT INTO `FIPOP`.`concept_color_translation` (`id`, `concept_color_id`, `language_id`, `name`) VALUES (358, 84, 3, 'Mittlere Orchideenfarbe');
INSERT INTO `FIPOP`.`concept_color_translation` (`id`, `concept_color_id`, `language_id`, `name`) VALUES (359, 85, 3, 'Mittleres Schieferblau');
INSERT INTO `FIPOP`.`concept_color_translation` (`id`, `concept_color_id`, `language_id`, `name`) VALUES (360, 86, 3, 'Schieferblau');
INSERT INTO `FIPOP`.`concept_color_translation` (`id`, `concept_color_id`, `language_id`, `name`) VALUES (361, 87, 3, 'Dunkles Schieferblau');
INSERT INTO `FIPOP`.`concept_color_translation` (`id`, `concept_color_id`, `language_id`, `name`) VALUES (362, 88, 3, 'Mitternachtsblau');
INSERT INTO `FIPOP`.`concept_color_translation` (`id`, `concept_color_id`, `language_id`, `name`) VALUES (363, 89, 3, 'Marineblau');
INSERT INTO `FIPOP`.`concept_color_translation` (`id`, `concept_color_id`, `language_id`, `name`) VALUES (364, 90, 3, 'Dunkelblau');
INSERT INTO `FIPOP`.`concept_color_translation` (`id`, `concept_color_id`, `language_id`, `name`) VALUES (365, 91, 3, 'Mittelblau');
INSERT INTO `FIPOP`.`concept_color_translation` (`id`, `concept_color_id`, `language_id`, `name`) VALUES (366, 92, 3, 'Blau');
INSERT INTO `FIPOP`.`concept_color_translation` (`id`, `concept_color_id`, `language_id`, `name`) VALUES (367, 93, 3, 'Knigsblau');
INSERT INTO `FIPOP`.`concept_color_translation` (`id`, `concept_color_id`, `language_id`, `name`) VALUES (368, 94, 3, 'Stahlblau');
INSERT INTO `FIPOP`.`concept_color_translation` (`id`, `concept_color_id`, `language_id`, `name`) VALUES (369, 95, 3, 'Kornblumenblau');
INSERT INTO `FIPOP`.`concept_color_translation` (`id`, `concept_color_id`, `language_id`, `name`) VALUES (370, 96, 3, 'Dodger-Blau');
INSERT INTO `FIPOP`.`concept_color_translation` (`id`, `concept_color_id`, `language_id`, `name`) VALUES (371, 97, 3, 'Tiefes Himmelblau');
INSERT INTO `FIPOP`.`concept_color_translation` (`id`, `concept_color_id`, `language_id`, `name`) VALUES (372, 98, 3, 'Helles Himmelblau');
INSERT INTO `FIPOP`.`concept_color_translation` (`id`, `concept_color_id`, `language_id`, `name`) VALUES (373, 99, 3, 'Himmelblau');
INSERT INTO `FIPOP`.`concept_color_translation` (`id`, `concept_color_id`, `language_id`, `name`) VALUES (374, 100, 3, 'Hellblau');
INSERT INTO `FIPOP`.`concept_color_translation` (`id`, `concept_color_id`, `language_id`, `name`) VALUES (375, 101, 3, 'Zyanblau/Blaugrn');
INSERT INTO `FIPOP`.`concept_color_translation` (`id`, `concept_color_id`, `language_id`, `name`) VALUES (376, 102, 3, 'Taubenblau');
INSERT INTO `FIPOP`.`concept_color_translation` (`id`, `concept_color_id`, `language_id`, `name`) VALUES (377, 103, 3, 'Helles Cyanblau');
INSERT INTO `FIPOP`.`concept_color_translation` (`id`, `concept_color_id`, `language_id`, `name`) VALUES (378, 104, 3, 'Aliceblau');
INSERT INTO `FIPOP`.`concept_color_translation` (`id`, `concept_color_id`, `language_id`, `name`) VALUES (379, 105, 3, 'Himmelblau');
INSERT INTO `FIPOP`.`concept_color_translation` (`id`, `concept_color_id`, `language_id`, `name`) VALUES (380, 106, 3, 'Cremig Pfefferminz');
INSERT INTO `FIPOP`.`concept_color_translation` (`id`, `concept_color_id`, `language_id`, `name`) VALUES (381, 107, 3, 'Honigmelone');
INSERT INTO `FIPOP`.`concept_color_translation` (`id`, `concept_color_id`, `language_id`, `name`) VALUES (382, 108, 3, 'Aquamarinblau');
INSERT INTO `FIPOP`.`concept_color_translation` (`id`, `concept_color_id`, `language_id`, `name`) VALUES (383, 109, 3, 'Trkis');
INSERT INTO `FIPOP`.`concept_color_translation` (`id`, `concept_color_id`, `language_id`, `name`) VALUES (384, 110, 3, 'Blasses Trkis');
INSERT INTO `FIPOP`.`concept_color_translation` (`id`, `concept_color_id`, `language_id`, `name`) VALUES (385, 111, 3, 'Mittleres Trkis');
INSERT INTO `FIPOP`.`concept_color_translation` (`id`, `concept_color_id`, `language_id`, `name`) VALUES (386, 112, 3, 'Dunkles Trkis');
INSERT INTO `FIPOP`.`concept_color_translation` (`id`, `concept_color_id`, `language_id`, `name`) VALUES (387, 113, 3, 'Mittleres Aquamarinblau');
INSERT INTO `FIPOP`.`concept_color_translation` (`id`, `concept_color_id`, `language_id`, `name`) VALUES (388, 114, 3, 'Helles Seegrn');
INSERT INTO `FIPOP`.`concept_color_translation` (`id`, `concept_color_id`, `language_id`, `name`) VALUES (389, 115, 3, 'Dunkles Zyanblau');
INSERT INTO `FIPOP`.`concept_color_translation` (`id`, `concept_color_id`, `language_id`, `name`) VALUES (390, 116, 3, 'Entenbraun');
INSERT INTO `FIPOP`.`concept_color_translation` (`id`, `concept_color_id`, `language_id`, `name`) VALUES (391, 117, 3, 'Kadettblau');
INSERT INTO `FIPOP`.`concept_color_translation` (`id`, `concept_color_id`, `language_id`, `name`) VALUES (392, 118, 3, 'Mittleres Seegrn');
INSERT INTO `FIPOP`.`concept_color_translation` (`id`, `concept_color_id`, `language_id`, `name`) VALUES (393, 119, 3, 'Dunkles Seegrn');
INSERT INTO `FIPOP`.`concept_color_translation` (`id`, `concept_color_id`, `language_id`, `name`) VALUES (394, 120, 3, 'Hellgrn');
INSERT INTO `FIPOP`.`concept_color_translation` (`id`, `concept_color_id`, `language_id`, `name`) VALUES (395, 121, 3, 'Blassgrn');
INSERT INTO `FIPOP`.`concept_color_translation` (`id`, `concept_color_id`, `language_id`, `name`) VALUES (396, 122, 3, 'Mittleres Frhlingsgrn');
INSERT INTO `FIPOP`.`concept_color_translation` (`id`, `concept_color_id`, `language_id`, `name`) VALUES (397, 123, 3, 'Frhlingsgrn');
INSERT INTO `FIPOP`.`concept_color_translation` (`id`, `concept_color_id`, `language_id`, `name`) VALUES (398, 124, 3, 'Zitronengrn');
INSERT INTO `FIPOP`.`concept_color_translation` (`id`, `concept_color_id`, `language_id`, `name`) VALUES (399, 125, 3, 'Gelbgrn');
INSERT INTO `FIPOP`.`concept_color_translation` (`id`, `concept_color_id`, `language_id`, `name`) VALUES (400, 126, 3, 'Seegrn');
INSERT INTO `FIPOP`.`concept_color_translation` (`id`, `concept_color_id`, `language_id`, `name`) VALUES (401, 127, 3, 'Waldgrn');
INSERT INTO `FIPOP`.`concept_color_translation` (`id`, `concept_color_id`, `language_id`, `name`) VALUES (402, 128, 3, 'Grn');
INSERT INTO `FIPOP`.`concept_color_translation` (`id`, `concept_color_id`, `language_id`, `name`) VALUES (403, 129, 3, 'Dunkelgrn');
INSERT INTO `FIPOP`.`concept_color_translation` (`id`, `concept_color_id`, `language_id`, `name`) VALUES (404, 130, 3, 'Olivfarbiges Graubraun');
INSERT INTO `FIPOP`.`concept_color_translation` (`id`, `concept_color_id`, `language_id`, `name`) VALUES (405, 131, 3, 'Dunkles Olivgrn');
INSERT INTO `FIPOP`.`concept_color_translation` (`id`, `concept_color_id`, `language_id`, `name`) VALUES (406, 132, 3, 'Olivgrn');
INSERT INTO `FIPOP`.`concept_color_translation` (`id`, `concept_color_id`, `language_id`, `name`) VALUES (407, 133, 3, 'Dunkles Khaki');
INSERT INTO `FIPOP`.`concept_color_translation` (`id`, `concept_color_id`, `language_id`, `name`) VALUES (408, 134, 3, 'Gelbgrn');
INSERT INTO `FIPOP`.`concept_color_translation` (`id`, `concept_color_id`, `language_id`, `name`) VALUES (409, 135, 3, 'Hellgrn');
INSERT INTO `FIPOP`.`concept_color_translation` (`id`, `concept_color_id`, `language_id`, `name`) VALUES (410, 136, 3, 'Grngelb');
INSERT INTO `FIPOP`.`concept_color_translation` (`id`, `concept_color_id`, `language_id`, `name`) VALUES (411, 137, 3, 'Gelbbraun / Sepia');

COMMIT;


-- -----------------------------------------------------
-- Data for table `FIPOP`.`concept_direction`
-- -----------------------------------------------------
START TRANSACTION;
USE `FIPOP`;
INSERT INTO `FIPOP`.`concept_direction` (`id`) VALUES (1);
INSERT INTO `FIPOP`.`concept_direction` (`id`) VALUES (2);
INSERT INTO `FIPOP`.`concept_direction` (`id`) VALUES (3);
INSERT INTO `FIPOP`.`concept_direction` (`id`) VALUES (4);
INSERT INTO `FIPOP`.`concept_direction` (`id`) VALUES (5);
INSERT INTO `FIPOP`.`concept_direction` (`id`) VALUES (6);
INSERT INTO `FIPOP`.`concept_direction` (`id`) VALUES (7);
INSERT INTO `FIPOP`.`concept_direction` (`id`) VALUES (8);
INSERT INTO `FIPOP`.`concept_direction` (`id`) VALUES (9);
INSERT INTO `FIPOP`.`concept_direction` (`id`) VALUES (10);
INSERT INTO `FIPOP`.`concept_direction` (`id`) VALUES (11);
INSERT INTO `FIPOP`.`concept_direction` (`id`) VALUES (12);
INSERT INTO `FIPOP`.`concept_direction` (`id`) VALUES (13);
INSERT INTO `FIPOP`.`concept_direction` (`id`) VALUES (14);
INSERT INTO `FIPOP`.`concept_direction` (`id`) VALUES (15);
INSERT INTO `FIPOP`.`concept_direction` (`id`) VALUES (16);
INSERT INTO `FIPOP`.`concept_direction` (`id`) VALUES (17);
INSERT INTO `FIPOP`.`concept_direction` (`id`) VALUES (18);
INSERT INTO `FIPOP`.`concept_direction` (`id`) VALUES (19);
INSERT INTO `FIPOP`.`concept_direction` (`id`) VALUES (20);
INSERT INTO `FIPOP`.`concept_direction` (`id`) VALUES (21);
INSERT INTO `FIPOP`.`concept_direction` (`id`) VALUES (22);

COMMIT;


-- -----------------------------------------------------
-- Data for table `FIPOP`.`concept_direction_translation`
-- -----------------------------------------------------
START TRANSACTION;
USE `FIPOP`;
INSERT INTO `FIPOP`.`concept_direction_translation` (`id`, `concept_direction_id`, `language_id`, `type`) VALUES (1, 1, 1, 'zusammenlaufend, konvergierend (rumlich)');
INSERT INTO `FIPOP`.`concept_direction_translation` (`id`, `concept_direction_id`, `language_id`, `type`) VALUES (2, 2, 1, 'auseinanderlaufend, divergierend (ruimlich)');
INSERT INTO `FIPOP`.`concept_direction_translation` (`id`, `concept_direction_id`, `language_id`, `type`) VALUES (3, 3, 1, 'parallel (rumlich)');
INSERT INTO `FIPOP`.`concept_direction_translation` (`id`, `concept_direction_id`, `language_id`, `type`) VALUES (4, 4, 1, 'vorwrts');
INSERT INTO `FIPOP`.`concept_direction_translation` (`id`, `concept_direction_id`, `language_id`, `type`) VALUES (5, 5, 1, 'rckwrts');
INSERT INTO `FIPOP`.`concept_direction_translation` (`id`, `concept_direction_id`, `language_id`, `type`) VALUES (6, 6, 1, 'hin zu, nach');
INSERT INTO `FIPOP`.`concept_direction_translation` (`id`, `concept_direction_id`, `language_id`, `type`) VALUES (7, 7, 1, 'weg von');
INSERT INTO `FIPOP`.`concept_direction_translation` (`id`, `concept_direction_id`, `language_id`, `type`) VALUES (8, 8, 1, 'heran (auf mich zu)');
INSERT INTO `FIPOP`.`concept_direction_translation` (`id`, `concept_direction_id`, `language_id`, `type`) VALUES (9, 9, 1, 'hinweg (von mir weg)');
INSERT INTO `FIPOP`.`concept_direction_translation` (`id`, `concept_direction_id`, `language_id`, `type`) VALUES (10, 10, 1, 'hinauf (nach oben zu mir)');
INSERT INTO `FIPOP`.`concept_direction_translation` (`id`, `concept_direction_id`, `language_id`, `type`) VALUES (11, 11, 1, 'hinab (nach unten zu mir)');
INSERT INTO `FIPOP`.`concept_direction_translation` (`id`, `concept_direction_id`, `language_id`, `type`) VALUES (12, 12, 1, 'zusammen (Bewegung)');
INSERT INTO `FIPOP`.`concept_direction_translation` (`id`, `concept_direction_id`, `language_id`, `type`) VALUES (13, 13, 1, 'auseinander (Bewegung)');
INSERT INTO `FIPOP`.`concept_direction_translation` (`id`, `concept_direction_id`, `language_id`, `type`) VALUES (14, 14, 1, 'nach auen');
INSERT INTO `FIPOP`.`concept_direction_translation` (`id`, `concept_direction_id`, `language_id`, `type`) VALUES (15, 15, 1, 'nach innen');
INSERT INTO `FIPOP`.`concept_direction_translation` (`id`, `concept_direction_id`, `language_id`, `type`) VALUES (16, 16, 1, 'nach vorne');
INSERT INTO `FIPOP`.`concept_direction_translation` (`id`, `concept_direction_id`, `language_id`, `type`) VALUES (17, 17, 1, 'nach hinten');
INSERT INTO `FIPOP`.`concept_direction_translation` (`id`, `concept_direction_id`, `language_id`, `type`) VALUES (18, 18, 1, 'nach rechts');
INSERT INTO `FIPOP`.`concept_direction_translation` (`id`, `concept_direction_id`, `language_id`, `type`) VALUES (19, 19, 1, 'nacht links');
INSERT INTO `FIPOP`.`concept_direction_translation` (`id`, `concept_direction_id`, `language_id`, `type`) VALUES (20, 20, 1, 'nach oben; aufwrts');
INSERT INTO `FIPOP`.`concept_direction_translation` (`id`, `concept_direction_id`, `language_id`, `type`) VALUES (21, 21, 1, 'nach unten; abwrts');
INSERT INTO `FIPOP`.`concept_direction_translation` (`id`, `concept_direction_id`, `language_id`, `type`) VALUES (22, 22, 1, 'sich verteilen');

COMMIT;


-- -----------------------------------------------------
-- Data for table `FIPOP`.`concept_position`
-- -----------------------------------------------------
START TRANSACTION;
USE `FIPOP`;
INSERT INTO `FIPOP`.`concept_position` (`id`, `counterpart_concept_position_id`) VALUES (1, 2);
INSERT INTO `FIPOP`.`concept_position` (`id`, `counterpart_concept_position_id`) VALUES (2, 1);
INSERT INTO `FIPOP`.`concept_position` (`id`, `counterpart_concept_position_id`) VALUES (3, 4);
INSERT INTO `FIPOP`.`concept_position` (`id`, `counterpart_concept_position_id`) VALUES (4, 3);
INSERT INTO `FIPOP`.`concept_position` (`id`, `counterpart_concept_position_id`) VALUES (5, 6);
INSERT INTO `FIPOP`.`concept_position` (`id`, `counterpart_concept_position_id`) VALUES (6, 5);
INSERT INTO `FIPOP`.`concept_position` (`id`, `counterpart_concept_position_id`) VALUES (7, 8);
INSERT INTO `FIPOP`.`concept_position` (`id`, `counterpart_concept_position_id`) VALUES (8, 7);
INSERT INTO `FIPOP`.`concept_position` (`id`, `counterpart_concept_position_id`) VALUES (9, 10);
INSERT INTO `FIPOP`.`concept_position` (`id`, `counterpart_concept_position_id`) VALUES (10, 9);
INSERT INTO `FIPOP`.`concept_position` (`id`, `counterpart_concept_position_id`) VALUES (11, 12);
INSERT INTO `FIPOP`.`concept_position` (`id`, `counterpart_concept_position_id`) VALUES (12, 11);
INSERT INTO `FIPOP`.`concept_position` (`id`, `counterpart_concept_position_id`) VALUES (13, 14);
INSERT INTO `FIPOP`.`concept_position` (`id`, `counterpart_concept_position_id`) VALUES (14, 13);
INSERT INTO `FIPOP`.`concept_position` (`id`, `counterpart_concept_position_id`) VALUES (15, 16);
INSERT INTO `FIPOP`.`concept_position` (`id`, `counterpart_concept_position_id`) VALUES (16, 15);
INSERT INTO `FIPOP`.`concept_position` (`id`, `counterpart_concept_position_id`) VALUES (17, 18);
INSERT INTO `FIPOP`.`concept_position` (`id`, `counterpart_concept_position_id`) VALUES (18, 17);
INSERT INTO `FIPOP`.`concept_position` (`id`, `counterpart_concept_position_id`) VALUES (19, NULL);
INSERT INTO `FIPOP`.`concept_position` (`id`, `counterpart_concept_position_id`) VALUES (20, NULL);
INSERT INTO `FIPOP`.`concept_position` (`id`, `counterpart_concept_position_id`) VALUES (21, 22);
INSERT INTO `FIPOP`.`concept_position` (`id`, `counterpart_concept_position_id`) VALUES (22, 21);
INSERT INTO `FIPOP`.`concept_position` (`id`, `counterpart_concept_position_id`) VALUES (23, 24);
INSERT INTO `FIPOP`.`concept_position` (`id`, `counterpart_concept_position_id`) VALUES (24, 23);
INSERT INTO `FIPOP`.`concept_position` (`id`, `counterpart_concept_position_id`) VALUES (25, NULL);
INSERT INTO `FIPOP`.`concept_position` (`id`, `counterpart_concept_position_id`) VALUES (26, NULL);
INSERT INTO `FIPOP`.`concept_position` (`id`, `counterpart_concept_position_id`) VALUES (27, NULL);
INSERT INTO `FIPOP`.`concept_position` (`id`, `counterpart_concept_position_id`) VALUES (28, 29);
INSERT INTO `FIPOP`.`concept_position` (`id`, `counterpart_concept_position_id`) VALUES (29, 28);

COMMIT;


-- -----------------------------------------------------
-- Data for table `FIPOP`.`concept_position_translation`
-- -----------------------------------------------------
START TRANSACTION;
USE `FIPOP`;
INSERT INTO `FIPOP`.`concept_position_translation` (`id`, `concept_position_id`, `language_id`, `type`) VALUES (1, 1, 1, 'vorne');
INSERT INTO `FIPOP`.`concept_position_translation` (`id`, `concept_position_id`, `language_id`, `type`) VALUES (2, 2, 1, 'hinten');
INSERT INTO `FIPOP`.`concept_position_translation` (`id`, `concept_position_id`, `language_id`, `type`) VALUES (3, 3, 1, 'links');
INSERT INTO `FIPOP`.`concept_position_translation` (`id`, `concept_position_id`, `language_id`, `type`) VALUES (4, 4, 1, 'rechts');
INSERT INTO `FIPOP`.`concept_position_translation` (`id`, `concept_position_id`, `language_id`, `type`) VALUES (5, 5, 1, 'berall');
INSERT INTO `FIPOP`.`concept_position_translation` (`id`, `concept_position_id`, `language_id`, `type`) VALUES (6, 6, 1, 'nirgends');
INSERT INTO `FIPOP`.`concept_position_translation` (`id`, `concept_position_id`, `language_id`, `type`) VALUES (7, 7, 1, 'auf');
INSERT INTO `FIPOP`.`concept_position_translation` (`id`, `concept_position_id`, `language_id`, `type`) VALUES (8, 8, 1, 'unter');
INSERT INTO `FIPOP`.`concept_position_translation` (`id`, `concept_position_id`, `language_id`, `type`) VALUES (9, 9, 1, 'ber');
INSERT INTO `FIPOP`.`concept_position_translation` (`id`, `concept_position_id`, `language_id`, `type`) VALUES (10, 10, 1, 'unter');
INSERT INTO `FIPOP`.`concept_position_translation` (`id`, `concept_position_id`, `language_id`, `type`) VALUES (11, 11, 1, 'innerhalb');
INSERT INTO `FIPOP`.`concept_position_translation` (`id`, `concept_position_id`, `language_id`, `type`) VALUES (12, 12, 1, 'auerhalb');
INSERT INTO `FIPOP`.`concept_position_translation` (`id`, `concept_position_id`, `language_id`, `type`) VALUES (13, 13, 1, 'nah');
INSERT INTO `FIPOP`.`concept_position_translation` (`id`, `concept_position_id`, `language_id`, `type`) VALUES (14, 14, 1, 'fern');
INSERT INTO `FIPOP`.`concept_position_translation` (`id`, `concept_position_id`, `language_id`, `type`) VALUES (15, 15, 1, 'zwischen (ruml.), inmitten ');
INSERT INTO `FIPOP`.`concept_position_translation` (`id`, `concept_position_id`, `language_id`, `type`) VALUES (16, 16, 1, 'umgebend');
INSERT INTO `FIPOP`.`concept_position_translation` (`id`, `concept_position_id`, `language_id`, `type`) VALUES (17, 17, 1, 'inmitteln');
INSERT INTO `FIPOP`.`concept_position_translation` (`id`, `concept_position_id`, `language_id`, `type`) VALUES (18, 18, 1, 'am Rand');
INSERT INTO `FIPOP`.`concept_position_translation` (`id`, `concept_position_id`, `language_id`, `type`) VALUES (19, 19, 1, 'neben');
INSERT INTO `FIPOP`.`concept_position_translation` (`id`, `concept_position_id`, `language_id`, `type`) VALUES (20, 20, 1, 'an/bei');
INSERT INTO `FIPOP`.`concept_position_translation` (`id`, `concept_position_id`, `language_id`, `type`) VALUES (21, 21, 1, 'vor');
INSERT INTO `FIPOP`.`concept_position_translation` (`id`, `concept_position_id`, `language_id`, `type`) VALUES (22, 22, 1, 'hinter');
INSERT INTO `FIPOP`.`concept_position_translation` (`id`, `concept_position_id`, `language_id`, `type`) VALUES (23, 23, 1, 'zugewandt');
INSERT INTO `FIPOP`.`concept_position_translation` (`id`, `concept_position_id`, `language_id`, `type`) VALUES (24, 24, 1, 'abgewandt');
INSERT INTO `FIPOP`.`concept_position_translation` (`id`, `concept_position_id`, `language_id`, `type`) VALUES (25, 25, 1, 'diagonal');
INSERT INTO `FIPOP`.`concept_position_translation` (`id`, `concept_position_id`, `language_id`, `type`) VALUES (26, 26, 1, 'orthogonal, rechtwinklig');
INSERT INTO `FIPOP`.`concept_position_translation` (`id`, `concept_position_id`, `language_id`, `type`) VALUES (27, 27, 1, 'parallel (angeordnet)');
INSERT INTO `FIPOP`.`concept_position_translation` (`id`, `concept_position_id`, `language_id`, `type`) VALUES (28, 28, 1, 'horizontal, waagrecht ');
INSERT INTO `FIPOP`.`concept_position_translation` (`id`, `concept_position_id`, `language_id`, `type`) VALUES (29, 29, 1, 'vertikal, senkrecht');

COMMIT;


-- -----------------------------------------------------
-- Data for table `FIPOP`.`concept_time`
-- -----------------------------------------------------
START TRANSACTION;
USE `FIPOP`;
INSERT INTO `FIPOP`.`concept_time` (`id`) VALUES (1);
INSERT INTO `FIPOP`.`concept_time` (`id`) VALUES (2);
INSERT INTO `FIPOP`.`concept_time` (`id`) VALUES (3);
INSERT INTO `FIPOP`.`concept_time` (`id`) VALUES (4);
INSERT INTO `FIPOP`.`concept_time` (`id`) VALUES (5);
INSERT INTO `FIPOP`.`concept_time` (`id`) VALUES (6);
INSERT INTO `FIPOP`.`concept_time` (`id`) VALUES (7);
INSERT INTO `FIPOP`.`concept_time` (`id`) VALUES (8);
INSERT INTO `FIPOP`.`concept_time` (`id`) VALUES (9);
INSERT INTO `FIPOP`.`concept_time` (`id`) VALUES (10);
INSERT INTO `FIPOP`.`concept_time` (`id`) VALUES (11);
INSERT INTO `FIPOP`.`concept_time` (`id`) VALUES (12);
INSERT INTO `FIPOP`.`concept_time` (`id`) VALUES (13);
INSERT INTO `FIPOP`.`concept_time` (`id`) VALUES (14);
INSERT INTO `FIPOP`.`concept_time` (`id`) VALUES (15);
INSERT INTO `FIPOP`.`concept_time` (`id`) VALUES (16);

COMMIT;


-- -----------------------------------------------------
-- Data for table `FIPOP`.`concept_time_translation`
-- -----------------------------------------------------
START TRANSACTION;
USE `FIPOP`;
INSERT INTO `FIPOP`.`concept_time_translation` (`id`, `concept_time_id`, `language_id`, `type`) VALUES (1, 1, 1, 'synchron, parallel (zeitl.)');
INSERT INTO `FIPOP`.`concept_time_translation` (`id`, `concept_time_id`, `language_id`, `type`) VALUES (2, 2, 1, 'asynchron');
INSERT INTO `FIPOP`.`concept_time_translation` (`id`, `concept_time_id`, `language_id`, `type`) VALUES (3, 3, 1, 'auseinanderlaufend, divergierend (zeitlich)');
INSERT INTO `FIPOP`.`concept_time_translation` (`id`, `concept_time_id`, `language_id`, `type`) VALUES (4, 4, 1, 'zusammenlaufend, konvergierend (zeitlich)');
INSERT INTO `FIPOP`.`concept_time_translation` (`id`, `concept_time_id`, `language_id`, `type`) VALUES (5, 5, 1, 'innerhalb (zeitl.)');
INSERT INTO `FIPOP`.`concept_time_translation` (`id`, `concept_time_id`, `language_id`, `type`) VALUES (6, 6, 1, 'vor (zeitl.)');
INSERT INTO `FIPOP`.`concept_time_translation` (`id`, `concept_time_id`, `language_id`, `type`) VALUES (7, 7, 1, 'nach (zeitl.)');
INSERT INTO `FIPOP`.`concept_time_translation` (`id`, `concept_time_id`, `language_id`, `type`) VALUES (8, 8, 1, 'schnell');
INSERT INTO `FIPOP`.`concept_time_translation` (`id`, `concept_time_id`, `language_id`, `type`) VALUES (9, 9, 1, 'langsam');
INSERT INTO `FIPOP`.`concept_time_translation` (`id`, `concept_time_id`, `language_id`, `type`) VALUES (10, 10, 1, 'schneller');
INSERT INTO `FIPOP`.`concept_time_translation` (`id`, `concept_time_id`, `language_id`, `type`) VALUES (11, 11, 1, 'langsamer');
INSERT INTO `FIPOP`.`concept_time_translation` (`id`, `concept_time_id`, `language_id`, `type`) VALUES (12, 12, 1, 'erneut');
INSERT INTO `FIPOP`.`concept_time_translation` (`id`, `concept_time_id`, `language_id`, `type`) VALUES (13, 13, 1, 'wiederholt');
INSERT INTO `FIPOP`.`concept_time_translation` (`id`, `concept_time_id`, `language_id`, `type`) VALUES (14, 14, 1, 'einmal');
INSERT INTO `FIPOP`.`concept_time_translation` (`id`, `concept_time_id`, `language_id`, `type`) VALUES (15, 15, 1, 'oft, hufig');
INSERT INTO `FIPOP`.`concept_time_translation` (`id`, `concept_time_id`, `language_id`, `type`) VALUES (16, 16, 1, 'bald');

COMMIT;


-- -----------------------------------------------------
-- Data for table `FIPOP`.`country`
-- -----------------------------------------------------
START TRANSACTION;
USE `FIPOP`;
INSERT INTO `FIPOP`.`country` (`location_id`, `international_dialing_prefix`, `trunk_prefix`, `country_calling_code`, `time_zone`, `daylight_saving_time`) VALUES (1, '00', '0', '+93', 'UTC+04:30', '');
INSERT INTO `FIPOP`.`country` (`location_id`, `international_dialing_prefix`, `trunk_prefix`, `country_calling_code`, `time_zone`, `daylight_saving_time`) VALUES (2, '00', '0', '+358 18', 'UTC+02:00', 'UTC+03:00');
INSERT INTO `FIPOP`.`country` (`location_id`, `international_dialing_prefix`, `trunk_prefix`, `country_calling_code`, `time_zone`, `daylight_saving_time`) VALUES (3, '00', '0', '+355', 'UTC+01:00', 'UTC+02:00');
INSERT INTO `FIPOP`.`country` (`location_id`, `international_dialing_prefix`, `trunk_prefix`, `country_calling_code`, `time_zone`, `daylight_saving_time`) VALUES (4, '00', '0', '+213', 'UTC+01:00', '');
INSERT INTO `FIPOP`.`country` (`location_id`, `international_dialing_prefix`, `trunk_prefix`, `country_calling_code`, `time_zone`, `daylight_saving_time`) VALUES (5, '011', '1', '+1 684', 'UTC-11:00', '');
INSERT INTO `FIPOP`.`country` (`location_id`, `international_dialing_prefix`, `trunk_prefix`, `country_calling_code`, `time_zone`, `daylight_saving_time`) VALUES (6, '00', '', '+376', 'UTC+01:00', 'UTC+02:00');
INSERT INTO `FIPOP`.`country` (`location_id`, `international_dialing_prefix`, `trunk_prefix`, `country_calling_code`, `time_zone`, `daylight_saving_time`) VALUES (7, '00', '', '+244', 'UTC+01:00', '');
INSERT INTO `FIPOP`.`country` (`location_id`, `international_dialing_prefix`, `trunk_prefix`, `country_calling_code`, `time_zone`, `daylight_saving_time`) VALUES (8, '011', '1', '+1 264', 'UTC-04:00', '');
INSERT INTO `FIPOP`.`country` (`location_id`, `international_dialing_prefix`, `trunk_prefix`, `country_calling_code`, `time_zone`, `daylight_saving_time`) VALUES (9, '011', '1', '+1 268', 'UTC-04:00', '');
INSERT INTO `FIPOP`.`country` (`location_id`, `international_dialing_prefix`, `trunk_prefix`, `country_calling_code`, `time_zone`, `daylight_saving_time`) VALUES (10, '00', '0', '+54', 'UTC-03:00', '');
INSERT INTO `FIPOP`.`country` (`location_id`, `international_dialing_prefix`, `trunk_prefix`, `country_calling_code`, `time_zone`, `daylight_saving_time`) VALUES (11, '00', '', '+374', 'UTC+04:00', '');
INSERT INTO `FIPOP`.`country` (`location_id`, `international_dialing_prefix`, `trunk_prefix`, `country_calling_code`, `time_zone`, `daylight_saving_time`) VALUES (12, '00', '', '+297', 'UTC-04:00', '');
INSERT INTO `FIPOP`.`country` (`location_id`, `international_dialing_prefix`, `trunk_prefix`, `country_calling_code`, `time_zone`, `daylight_saving_time`) VALUES (13, '00', '', '+247', 'UTC+00:00', '');
INSERT INTO `FIPOP`.`country` (`location_id`, `international_dialing_prefix`, `trunk_prefix`, `country_calling_code`, `time_zone`, `daylight_saving_time`) VALUES (14, '0011, 0015, 0014, 0018, 0019', '', '+61', 'UTC+08:00 to +10:30', 'UTC+08:00 to +11:00');
INSERT INTO `FIPOP`.`country` (`location_id`, `international_dialing_prefix`, `trunk_prefix`, `country_calling_code`, `time_zone`, `daylight_saving_time`) VALUES (15, '', '', '+672 1', '', '');
INSERT INTO `FIPOP`.`country` (`location_id`, `international_dialing_prefix`, `trunk_prefix`, `country_calling_code`, `time_zone`, `daylight_saving_time`) VALUES (16, '', '', '+672', '', '');
INSERT INTO `FIPOP`.`country` (`location_id`, `international_dialing_prefix`, `trunk_prefix`, `country_calling_code`, `time_zone`, `daylight_saving_time`) VALUES (17, '00', '0', '+43', 'UTC+01:00', 'UTC+02:00');
INSERT INTO `FIPOP`.`country` (`location_id`, `international_dialing_prefix`, `trunk_prefix`, `country_calling_code`, `time_zone`, `daylight_saving_time`) VALUES (18, '00', '8', '+994', 'UTC+04:00', '');
INSERT INTO `FIPOP`.`country` (`location_id`, `international_dialing_prefix`, `trunk_prefix`, `country_calling_code`, `time_zone`, `daylight_saving_time`) VALUES (19, '011', '1', '+1 242', 'UTC-05:00', 'UTC-04:00');
INSERT INTO `FIPOP`.`country` (`location_id`, `international_dialing_prefix`, `trunk_prefix`, `country_calling_code`, `time_zone`, `daylight_saving_time`) VALUES (20, '00', '', '+973', 'UTC+03:00', '');
INSERT INTO `FIPOP`.`country` (`location_id`, `international_dialing_prefix`, `trunk_prefix`, `country_calling_code`, `time_zone`, `daylight_saving_time`) VALUES (21, '00', '0', '+880', 'UTC+06:00', '');
INSERT INTO `FIPOP`.`country` (`location_id`, `international_dialing_prefix`, `trunk_prefix`, `country_calling_code`, `time_zone`, `daylight_saving_time`) VALUES (22, '011', '1', '+1 246', 'UTC-04:00', '');
INSERT INTO `FIPOP`.`country` (`location_id`, `international_dialing_prefix`, `trunk_prefix`, `country_calling_code`, `time_zone`, `daylight_saving_time`) VALUES (23, '00', '1', '+1 268', 'UTC-04:00', '');
INSERT INTO `FIPOP`.`country` (`location_id`, `international_dialing_prefix`, `trunk_prefix`, `country_calling_code`, `time_zone`, `daylight_saving_time`) VALUES (24, '8~10', '8', '+375', 'UTC+03:00', '');
INSERT INTO `FIPOP`.`country` (`location_id`, `international_dialing_prefix`, `trunk_prefix`, `country_calling_code`, `time_zone`, `daylight_saving_time`) VALUES (25, '00', '0', '+32', 'UTC+01:00', 'UTC+02:00');
INSERT INTO `FIPOP`.`country` (`location_id`, `international_dialing_prefix`, `trunk_prefix`, `country_calling_code`, `time_zone`, `daylight_saving_time`) VALUES (26, '00', '', '+501', 'UTC-06:00', '');
INSERT INTO `FIPOP`.`country` (`location_id`, `international_dialing_prefix`, `trunk_prefix`, `country_calling_code`, `time_zone`, `daylight_saving_time`) VALUES (27, '00', '', '+229', 'UTC+01:00', '');
INSERT INTO `FIPOP`.`country` (`location_id`, `international_dialing_prefix`, `trunk_prefix`, `country_calling_code`, `time_zone`, `daylight_saving_time`) VALUES (28, '011', '1', '+1 441', 'UTC-04:00', 'UTC-03:00');
INSERT INTO `FIPOP`.`country` (`location_id`, `international_dialing_prefix`, `trunk_prefix`, `country_calling_code`, `time_zone`, `daylight_saving_time`) VALUES (29, '00', '', '+975', 'UTC+06:00', '');
INSERT INTO `FIPOP`.`country` (`location_id`, `international_dialing_prefix`, `trunk_prefix`, `country_calling_code`, `time_zone`, `daylight_saving_time`) VALUES (30, '00', '0', '+591', 'UTC-04:00', '');
INSERT INTO `FIPOP`.`country` (`location_id`, `international_dialing_prefix`, `trunk_prefix`, `country_calling_code`, `time_zone`, `daylight_saving_time`) VALUES (31, '00', '', '+599 7', 'UTC-04:00', '');
INSERT INTO `FIPOP`.`country` (`location_id`, `international_dialing_prefix`, `trunk_prefix`, `country_calling_code`, `time_zone`, `daylight_saving_time`) VALUES (32, '00', '0', '+387', 'UTC+01:00', 'UTC+02:00');
INSERT INTO `FIPOP`.`country` (`location_id`, `international_dialing_prefix`, `trunk_prefix`, `country_calling_code`, `time_zone`, `daylight_saving_time`) VALUES (33, '00', '', '+267', 'UTC+02:00', '');
INSERT INTO `FIPOP`.`country` (`location_id`, `international_dialing_prefix`, `trunk_prefix`, `country_calling_code`, `time_zone`, `daylight_saving_time`) VALUES (34, '0015, 0021, 0031, 0041', '0', '+55', 'UTC-05:00 to -02:00', 'UTC-05:00 to -02:00');
INSERT INTO `FIPOP`.`country` (`location_id`, `international_dialing_prefix`, `trunk_prefix`, `country_calling_code`, `time_zone`, `daylight_saving_time`) VALUES (35, '00', '', '+246', 'UTC+06:00', '');
INSERT INTO `FIPOP`.`country` (`location_id`, `international_dialing_prefix`, `trunk_prefix`, `country_calling_code`, `time_zone`, `daylight_saving_time`) VALUES (36, '011', '1', '+1 284', 'UTC-04:00', '');
INSERT INTO `FIPOP`.`country` (`location_id`, `international_dialing_prefix`, `trunk_prefix`, `country_calling_code`, `time_zone`, `daylight_saving_time`) VALUES (37, '00', '', '+673', 'UTC+08:00', '');
INSERT INTO `FIPOP`.`country` (`location_id`, `international_dialing_prefix`, `trunk_prefix`, `country_calling_code`, `time_zone`, `daylight_saving_time`) VALUES (38, '00', '0', '+359', 'UTC+02:00', 'UTC+03:00');
INSERT INTO `FIPOP`.`country` (`location_id`, `international_dialing_prefix`, `trunk_prefix`, `country_calling_code`, `time_zone`, `daylight_saving_time`) VALUES (39, '00', '', '+226', 'UTC+00:00', '');
INSERT INTO `FIPOP`.`country` (`location_id`, `international_dialing_prefix`, `trunk_prefix`, `country_calling_code`, `time_zone`, `daylight_saving_time`) VALUES (40, '00', '', '+257', 'UTC+02:00', '');
INSERT INTO `FIPOP`.`country` (`location_id`, `international_dialing_prefix`, `trunk_prefix`, `country_calling_code`, `time_zone`, `daylight_saving_time`) VALUES (41, '001, 007', '0', '+855', 'UTC+07:00', '');
INSERT INTO `FIPOP`.`country` (`location_id`, `international_dialing_prefix`, `trunk_prefix`, `country_calling_code`, `time_zone`, `daylight_saving_time`) VALUES (42, '00', '', '+237', 'UTC+01:00', '');
INSERT INTO `FIPOP`.`country` (`location_id`, `international_dialing_prefix`, `trunk_prefix`, `country_calling_code`, `time_zone`, `daylight_saving_time`) VALUES (43, '011', '1', '+1', 'UTC-08:00 to -03:30', 'UTC-07:00 to -02:30');
INSERT INTO `FIPOP`.`country` (`location_id`, `international_dialing_prefix`, `trunk_prefix`, `country_calling_code`, `time_zone`, `daylight_saving_time`) VALUES (44, '00', '', '+238', 'UTC-01:00', '');
INSERT INTO `FIPOP`.`country` (`location_id`, `international_dialing_prefix`, `trunk_prefix`, `country_calling_code`, `time_zone`, `daylight_saving_time`) VALUES (45, '00', '', '+599 3, +599 4, +599 7', 'UTC-04:00', '');
INSERT INTO `FIPOP`.`country` (`location_id`, `international_dialing_prefix`, `trunk_prefix`, `country_calling_code`, `time_zone`, `daylight_saving_time`) VALUES (46, '011', '1', '+1 345', 'UTC-05:00', '');
INSERT INTO `FIPOP`.`country` (`location_id`, `international_dialing_prefix`, `trunk_prefix`, `country_calling_code`, `time_zone`, `daylight_saving_time`) VALUES (47, '00', '', '+236', 'UTC+01:00', '');
INSERT INTO `FIPOP`.`country` (`location_id`, `international_dialing_prefix`, `trunk_prefix`, `country_calling_code`, `time_zone`, `daylight_saving_time`) VALUES (48, '00', '', '+235', 'UTC+01:00', '');
INSERT INTO `FIPOP`.`country` (`location_id`, `international_dialing_prefix`, `trunk_prefix`, `country_calling_code`, `time_zone`, `daylight_saving_time`) VALUES (49, '00', '', '+64', 'UTC+12:00', 'UTC+13:00');
INSERT INTO `FIPOP`.`country` (`location_id`, `international_dialing_prefix`, `trunk_prefix`, `country_calling_code`, `time_zone`, `daylight_saving_time`) VALUES (50, '1xx0', 'none', '+56', 'UTC-06:00 to -04:00', 'UTC-05:00 to -03:00');
INSERT INTO `FIPOP`.`country` (`location_id`, `international_dialing_prefix`, `trunk_prefix`, `country_calling_code`, `time_zone`, `daylight_saving_time`) VALUES (51, '00', '0', '+86', 'UTC+08:00', '');
INSERT INTO `FIPOP`.`country` (`location_id`, `international_dialing_prefix`, `trunk_prefix`, `country_calling_code`, `time_zone`, `daylight_saving_time`) VALUES (52, '00', '', '+61 89164', 'UTC+07:00', '');
INSERT INTO `FIPOP`.`country` (`location_id`, `international_dialing_prefix`, `trunk_prefix`, `country_calling_code`, `time_zone`, `daylight_saving_time`) VALUES (53, '00', '', '+61 89162', 'UTC+06:30', '');
INSERT INTO `FIPOP`.`country` (`location_id`, `international_dialing_prefix`, `trunk_prefix`, `country_calling_code`, `time_zone`, `daylight_saving_time`) VALUES (54, '005, 007, 009', '', '+57', 'UTC-05:00', '');
INSERT INTO `FIPOP`.`country` (`location_id`, `international_dialing_prefix`, `trunk_prefix`, `country_calling_code`, `time_zone`, `daylight_saving_time`) VALUES (55, '00', '', '+269', 'UTC+03:00', '');
INSERT INTO `FIPOP`.`country` (`location_id`, `international_dialing_prefix`, `trunk_prefix`, `country_calling_code`, `time_zone`, `daylight_saving_time`) VALUES (56, '00', '', '+242', 'UTC+01:00', '');
INSERT INTO `FIPOP`.`country` (`location_id`, `international_dialing_prefix`, `trunk_prefix`, `country_calling_code`, `time_zone`, `daylight_saving_time`) VALUES (57, '00', '', '+243', 'UTC+01:00 to +02:00', '');
INSERT INTO `FIPOP`.`country` (`location_id`, `international_dialing_prefix`, `trunk_prefix`, `country_calling_code`, `time_zone`, `daylight_saving_time`) VALUES (58, '00', '', '+682', 'UTC-10:00', '');
INSERT INTO `FIPOP`.`country` (`location_id`, `international_dialing_prefix`, `trunk_prefix`, `country_calling_code`, `time_zone`, `daylight_saving_time`) VALUES (59, '00', '', '+506', 'UTC-06:00', '');
INSERT INTO `FIPOP`.`country` (`location_id`, `international_dialing_prefix`, `trunk_prefix`, `country_calling_code`, `time_zone`, `daylight_saving_time`) VALUES (60, '00', '', '+225', 'UTC+00:00', '');
INSERT INTO `FIPOP`.`country` (`location_id`, `international_dialing_prefix`, `trunk_prefix`, `country_calling_code`, `time_zone`, `daylight_saving_time`) VALUES (61, '00', '0', '+385', 'UTC+01:00', 'UTC+02:00');
INSERT INTO `FIPOP`.`country` (`location_id`, `international_dialing_prefix`, `trunk_prefix`, `country_calling_code`, `time_zone`, `daylight_saving_time`) VALUES (62, '119', '', '+53', 'UTC-05:00', 'UTC-04:00');
INSERT INTO `FIPOP`.`country` (`location_id`, `international_dialing_prefix`, `trunk_prefix`, `country_calling_code`, `time_zone`, `daylight_saving_time`) VALUES (63, '00', '', '+599 9', 'UTC-04:00', '');
INSERT INTO `FIPOP`.`country` (`location_id`, `international_dialing_prefix`, `trunk_prefix`, `country_calling_code`, `time_zone`, `daylight_saving_time`) VALUES (64, '00', '0', '+357', 'UTC+02:00', 'UTC+03:00');
INSERT INTO `FIPOP`.`country` (`location_id`, `international_dialing_prefix`, `trunk_prefix`, `country_calling_code`, `time_zone`, `daylight_saving_time`) VALUES (65, '00', 'none', '+420', 'UTC+01:00', 'UTC+02:00');
INSERT INTO `FIPOP`.`country` (`location_id`, `international_dialing_prefix`, `trunk_prefix`, `country_calling_code`, `time_zone`, `daylight_saving_time`) VALUES (66, '00', 'none', '+45', 'UTC+01:00', 'UTC+02:00');
INSERT INTO `FIPOP`.`country` (`location_id`, `international_dialing_prefix`, `trunk_prefix`, `country_calling_code`, `time_zone`, `daylight_saving_time`) VALUES (67, '00', '', '+246', 'UTC+06:00', '');
INSERT INTO `FIPOP`.`country` (`location_id`, `international_dialing_prefix`, `trunk_prefix`, `country_calling_code`, `time_zone`, `daylight_saving_time`) VALUES (68, '00', '', '+253', 'UTC+02:00', '');
INSERT INTO `FIPOP`.`country` (`location_id`, `international_dialing_prefix`, `trunk_prefix`, `country_calling_code`, `time_zone`, `daylight_saving_time`) VALUES (69, '011', '1', '+1 767', 'UTC-04:00', '');
INSERT INTO `FIPOP`.`country` (`location_id`, `international_dialing_prefix`, `trunk_prefix`, `country_calling_code`, `time_zone`, `daylight_saving_time`) VALUES (70, '011', '1', '+1 809, +1 829, +1 849', 'UTC-04:00', '');
INSERT INTO `FIPOP`.`country` (`location_id`, `international_dialing_prefix`, `trunk_prefix`, `country_calling_code`, `time_zone`, `daylight_saving_time`) VALUES (71, '00', '', '+670', 'UTC+09:00', '');
INSERT INTO `FIPOP`.`country` (`location_id`, `international_dialing_prefix`, `trunk_prefix`, `country_calling_code`, `time_zone`, `daylight_saving_time`) VALUES (72, '00', '', '+56', 'UTC-06:00', 'UTC-05:00');
INSERT INTO `FIPOP`.`country` (`location_id`, `international_dialing_prefix`, `trunk_prefix`, `country_calling_code`, `time_zone`, `daylight_saving_time`) VALUES (73, '00', '', '+593', 'UTC-06:00 to -05:00', '');
INSERT INTO `FIPOP`.`country` (`location_id`, `international_dialing_prefix`, `trunk_prefix`, `country_calling_code`, `time_zone`, `daylight_saving_time`) VALUES (74, '00', '0', '+20', 'UTC+02:00', '');
INSERT INTO `FIPOP`.`country` (`location_id`, `international_dialing_prefix`, `trunk_prefix`, `country_calling_code`, `time_zone`, `daylight_saving_time`) VALUES (75, '00', '', '+503', 'UTC-06:00', '');
INSERT INTO `FIPOP`.`country` (`location_id`, `international_dialing_prefix`, `trunk_prefix`, `country_calling_code`, `time_zone`, `daylight_saving_time`) VALUES (76, '', '', '+881 2, +881 3', '', '');
INSERT INTO `FIPOP`.`country` (`location_id`, `international_dialing_prefix`, `trunk_prefix`, `country_calling_code`, `time_zone`, `daylight_saving_time`) VALUES (77, '', '', '+882 13', '', '');
INSERT INTO `FIPOP`.`country` (`location_id`, `international_dialing_prefix`, `trunk_prefix`, `country_calling_code`, `time_zone`, `daylight_saving_time`) VALUES (78, '00', '', '+240', 'UTC+01:00', '');
INSERT INTO `FIPOP`.`country` (`location_id`, `international_dialing_prefix`, `trunk_prefix`, `country_calling_code`, `time_zone`, `daylight_saving_time`) VALUES (79, '00', '', '+291', 'UTC+03:00', '');
INSERT INTO `FIPOP`.`country` (`location_id`, `international_dialing_prefix`, `trunk_prefix`, `country_calling_code`, `time_zone`, `daylight_saving_time`) VALUES (80, '00', 'none', '+372', 'UTC+02:00', 'UTC+03:00');
INSERT INTO `FIPOP`.`country` (`location_id`, `international_dialing_prefix`, `trunk_prefix`, `country_calling_code`, `time_zone`, `daylight_saving_time`) VALUES (81, '00', '', '+251', 'UTC+03:00', '');
INSERT INTO `FIPOP`.`country` (`location_id`, `international_dialing_prefix`, `trunk_prefix`, `country_calling_code`, `time_zone`, `daylight_saving_time`) VALUES (82, '00', '', '+500', 'UTC-03:00', '');
INSERT INTO `FIPOP`.`country` (`location_id`, `international_dialing_prefix`, `trunk_prefix`, `country_calling_code`, `time_zone`, `daylight_saving_time`) VALUES (83, '00', '', '+298', 'UTC+00:00', 'UTC+01:00');
INSERT INTO `FIPOP`.`country` (`location_id`, `international_dialing_prefix`, `trunk_prefix`, `country_calling_code`, `time_zone`, `daylight_saving_time`) VALUES (84, '00', '', '+679', 'UTC+12:00', 'UTC+13:00');
INSERT INTO `FIPOP`.`country` (`location_id`, `international_dialing_prefix`, `trunk_prefix`, `country_calling_code`, `time_zone`, `daylight_saving_time`) VALUES (85, '00', '0', '+358', 'UTC+02:00', 'UTC+03:00');
INSERT INTO `FIPOP`.`country` (`location_id`, `international_dialing_prefix`, `trunk_prefix`, `country_calling_code`, `time_zone`, `daylight_saving_time`) VALUES (86, '00', '0', '+33', 'UTC+01:00', 'UTC+02:00');
INSERT INTO `FIPOP`.`country` (`location_id`, `international_dialing_prefix`, `trunk_prefix`, `country_calling_code`, `time_zone`, `daylight_saving_time`) VALUES (87, '', '', '+596', '', '');
INSERT INTO `FIPOP`.`country` (`location_id`, `international_dialing_prefix`, `trunk_prefix`, `country_calling_code`, `time_zone`, `daylight_saving_time`) VALUES (88, '00', '', '+594', 'UTC-03:00', '');
INSERT INTO `FIPOP`.`country` (`location_id`, `international_dialing_prefix`, `trunk_prefix`, `country_calling_code`, `time_zone`, `daylight_saving_time`) VALUES (89, '00', '', '+689', 'UTC-10:00 to -09:00', '');
INSERT INTO `FIPOP`.`country` (`location_id`, `international_dialing_prefix`, `trunk_prefix`, `country_calling_code`, `time_zone`, `daylight_saving_time`) VALUES (90, '00', '', '+241', 'UTC+01:00', '');
INSERT INTO `FIPOP`.`country` (`location_id`, `international_dialing_prefix`, `trunk_prefix`, `country_calling_code`, `time_zone`, `daylight_saving_time`) VALUES (91, '00', '', '+220', 'UTC+00:00', '');
INSERT INTO `FIPOP`.`country` (`location_id`, `international_dialing_prefix`, `trunk_prefix`, `country_calling_code`, `time_zone`, `daylight_saving_time`) VALUES (92, '00', '0', '+995', 'UTC+04:00', '');
INSERT INTO `FIPOP`.`country` (`location_id`, `international_dialing_prefix`, `trunk_prefix`, `country_calling_code`, `time_zone`, `daylight_saving_time`) VALUES (93, '00', '', '+49', 'UTC+01:00', 'UTC+02:00');
INSERT INTO `FIPOP`.`country` (`location_id`, `international_dialing_prefix`, `trunk_prefix`, `country_calling_code`, `time_zone`, `daylight_saving_time`) VALUES (94, '00', '', '+233', 'UTC+00:00', '');
INSERT INTO `FIPOP`.`country` (`location_id`, `international_dialing_prefix`, `trunk_prefix`, `country_calling_code`, `time_zone`, `daylight_saving_time`) VALUES (95, '00', '', '+350', 'UTC+01:00', 'UTC+02:00');
INSERT INTO `FIPOP`.`country` (`location_id`, `international_dialing_prefix`, `trunk_prefix`, `country_calling_code`, `time_zone`, `daylight_saving_time`) VALUES (96, '', '', '+881', '', '');
INSERT INTO `FIPOP`.`country` (`location_id`, `international_dialing_prefix`, `trunk_prefix`, `country_calling_code`, `time_zone`, `daylight_saving_time`) VALUES (97, '', '', '+881 8, +881 9', '', '');
INSERT INTO `FIPOP`.`country` (`location_id`, `international_dialing_prefix`, `trunk_prefix`, `country_calling_code`, `time_zone`, `daylight_saving_time`) VALUES (98, '00', 'none', '+30', 'UTC+02:00', 'UTC+03:00');
INSERT INTO `FIPOP`.`country` (`location_id`, `international_dialing_prefix`, `trunk_prefix`, `country_calling_code`, `time_zone`, `daylight_saving_time`) VALUES (99, '00', '', '+299', 'UTC-04:00 to +00:00', '');
INSERT INTO `FIPOP`.`country` (`location_id`, `international_dialing_prefix`, `trunk_prefix`, `country_calling_code`, `time_zone`, `daylight_saving_time`) VALUES (100, '011', '1', '+1 473', 'UTC-04:00', '');
INSERT INTO `FIPOP`.`country` (`location_id`, `international_dialing_prefix`, `trunk_prefix`, `country_calling_code`, `time_zone`, `daylight_saving_time`) VALUES (101, '00', '', '+590', 'UTC-04:00', '');
INSERT INTO `FIPOP`.`country` (`location_id`, `international_dialing_prefix`, `trunk_prefix`, `country_calling_code`, `time_zone`, `daylight_saving_time`) VALUES (102, '011', '1', '+1 671', 'UTC+10:00', '');
INSERT INTO `FIPOP`.`country` (`location_id`, `international_dialing_prefix`, `trunk_prefix`, `country_calling_code`, `time_zone`, `daylight_saving_time`) VALUES (103, '00', '', '+502', 'UTC-06:00', '');
INSERT INTO `FIPOP`.`country` (`location_id`, `international_dialing_prefix`, `trunk_prefix`, `country_calling_code`, `time_zone`, `daylight_saving_time`) VALUES (104, '00', '', '+44 1481, +44 7781, +44 7839, +44 7911', 'UTC+01:00', '');
INSERT INTO `FIPOP`.`country` (`location_id`, `international_dialing_prefix`, `trunk_prefix`, `country_calling_code`, `time_zone`, `daylight_saving_time`) VALUES (105, '00', '', '+224', 'UTC+00:00', '');
INSERT INTO `FIPOP`.`country` (`location_id`, `international_dialing_prefix`, `trunk_prefix`, `country_calling_code`, `time_zone`, `daylight_saving_time`) VALUES (106, '00', '', '+245', 'UTC+00:00', '');
INSERT INTO `FIPOP`.`country` (`location_id`, `international_dialing_prefix`, `trunk_prefix`, `country_calling_code`, `time_zone`, `daylight_saving_time`) VALUES (107, '001', '', '+592', 'UTC-04:00', '');
INSERT INTO `FIPOP`.`country` (`location_id`, `international_dialing_prefix`, `trunk_prefix`, `country_calling_code`, `time_zone`, `daylight_saving_time`) VALUES (108, '00', '', '+509', 'UTC-05:00', 'UTC-04:00');
INSERT INTO `FIPOP`.`country` (`location_id`, `international_dialing_prefix`, `trunk_prefix`, `country_calling_code`, `time_zone`, `daylight_saving_time`) VALUES (109, '011', '', '+504', 'UTC-06:00', '');
INSERT INTO `FIPOP`.`country` (`location_id`, `international_dialing_prefix`, `trunk_prefix`, `country_calling_code`, `time_zone`, `daylight_saving_time`) VALUES (110, '001, 002, 0030, 0050, 0059, 0060, 0070, 0080, 0090', '', '+852', 'UTC+08:00', '');
INSERT INTO `FIPOP`.`country` (`location_id`, `international_dialing_prefix`, `trunk_prefix`, `country_calling_code`, `time_zone`, `daylight_saving_time`) VALUES (111, '00', '06', '+36', 'UTC+01:00', 'UTC+02:00');
INSERT INTO `FIPOP`.`country` (`location_id`, `international_dialing_prefix`, `trunk_prefix`, `country_calling_code`, `time_zone`, `daylight_saving_time`) VALUES (112, '00', '', '+354', 'UTC+00:00', '');
INSERT INTO `FIPOP`.`country` (`location_id`, `international_dialing_prefix`, `trunk_prefix`, `country_calling_code`, `time_zone`, `daylight_saving_time`) VALUES (113, '', '', '+881 0, +881 1', '', '');
INSERT INTO `FIPOP`.`country` (`location_id`, `international_dialing_prefix`, `trunk_prefix`, `country_calling_code`, `time_zone`, `daylight_saving_time`) VALUES (114, '00', '0', '+91', 'UTC+05:30', '');
INSERT INTO `FIPOP`.`country` (`location_id`, `international_dialing_prefix`, `trunk_prefix`, `country_calling_code`, `time_zone`, `daylight_saving_time`) VALUES (115, '001, 007, 008, 009', '0', '+62', 'UTC+07:00 to +09:00', '');
INSERT INTO `FIPOP`.`country` (`location_id`, `international_dialing_prefix`, `trunk_prefix`, `country_calling_code`, `time_zone`, `daylight_saving_time`) VALUES (116, '', '', '+870', '', '');
INSERT INTO `FIPOP`.`country` (`location_id`, `international_dialing_prefix`, `trunk_prefix`, `country_calling_code`, `time_zone`, `daylight_saving_time`) VALUES (117, '', '', '+800', '', '');
INSERT INTO `FIPOP`.`country` (`location_id`, `international_dialing_prefix`, `trunk_prefix`, `country_calling_code`, `time_zone`, `daylight_saving_time`) VALUES (118, '', '', '+882, +883', '', '');
INSERT INTO `FIPOP`.`country` (`location_id`, `international_dialing_prefix`, `trunk_prefix`, `country_calling_code`, `time_zone`, `daylight_saving_time`) VALUES (119, '', '', '+979', '', '');
INSERT INTO `FIPOP`.`country` (`location_id`, `international_dialing_prefix`, `trunk_prefix`, `country_calling_code`, `time_zone`, `daylight_saving_time`) VALUES (120, '', '', '+808', '', '');
INSERT INTO `FIPOP`.`country` (`location_id`, `international_dialing_prefix`, `trunk_prefix`, `country_calling_code`, `time_zone`, `daylight_saving_time`) VALUES (121, '00', '0', '+98', 'UTC+03:30', 'UTC+04:30');
INSERT INTO `FIPOP`.`country` (`location_id`, `international_dialing_prefix`, `trunk_prefix`, `country_calling_code`, `time_zone`, `daylight_saving_time`) VALUES (122, '00', '', '+964', 'UTC+03:00', '');
INSERT INTO `FIPOP`.`country` (`location_id`, `international_dialing_prefix`, `trunk_prefix`, `country_calling_code`, `time_zone`, `daylight_saving_time`) VALUES (123, '00', '0', '+353', 'UTC+00:00', 'UTC+01:00');
INSERT INTO `FIPOP`.`country` (`location_id`, `international_dialing_prefix`, `trunk_prefix`, `country_calling_code`, `time_zone`, `daylight_saving_time`) VALUES (124, '', '', '+881 6, +881 7', '', '');
INSERT INTO `FIPOP`.`country` (`location_id`, `international_dialing_prefix`, `trunk_prefix`, `country_calling_code`, `time_zone`, `daylight_saving_time`) VALUES (125, '00', '', '+44 1624, +44 7524, +44 7624, +44 7924', 'UTC+00:00', 'UTC+01:00');
INSERT INTO `FIPOP`.`country` (`location_id`, `international_dialing_prefix`, `trunk_prefix`, `country_calling_code`, `time_zone`, `daylight_saving_time`) VALUES (126, '00', '0', '+972', 'UTC+02:00', 'UTC+03:00');
INSERT INTO `FIPOP`.`country` (`location_id`, `international_dialing_prefix`, `trunk_prefix`, `country_calling_code`, `time_zone`, `daylight_saving_time`) VALUES (127, '00', 'none', '+39', 'UTC+01:00', 'UTC+02:00');
INSERT INTO `FIPOP`.`country` (`location_id`, `international_dialing_prefix`, `trunk_prefix`, `country_calling_code`, `time_zone`, `daylight_saving_time`) VALUES (128, '011', '1', '+1 876', 'UTC-05:00', '');
INSERT INTO `FIPOP`.`country` (`location_id`, `international_dialing_prefix`, `trunk_prefix`, `country_calling_code`, `time_zone`, `daylight_saving_time`) VALUES (129, '', '', '+47 79', '', '');
INSERT INTO `FIPOP`.`country` (`location_id`, `international_dialing_prefix`, `trunk_prefix`, `country_calling_code`, `time_zone`, `daylight_saving_time`) VALUES (130, '010', '0', '+81', 'UTC+09:00', '');
INSERT INTO `FIPOP`.`country` (`location_id`, `international_dialing_prefix`, `trunk_prefix`, `country_calling_code`, `time_zone`, `daylight_saving_time`) VALUES (131, '00', '', '+44 1534', 'UTC+00:00', 'UTC+01:00');
INSERT INTO `FIPOP`.`country` (`location_id`, `international_dialing_prefix`, `trunk_prefix`, `country_calling_code`, `time_zone`, `daylight_saving_time`) VALUES (132, '00', '0', '+962', 'UTC+02:00', '');
INSERT INTO `FIPOP`.`country` (`location_id`, `international_dialing_prefix`, `trunk_prefix`, `country_calling_code`, `time_zone`, `daylight_saving_time`) VALUES (133, '8~10', '8', '+7 6, +7 7', 'UTC+05:00 to +06:00', '');
INSERT INTO `FIPOP`.`country` (`location_id`, `international_dialing_prefix`, `trunk_prefix`, `country_calling_code`, `time_zone`, `daylight_saving_time`) VALUES (134, '000', '0', '+254', 'UTC+03:00', '');
INSERT INTO `FIPOP`.`country` (`location_id`, `international_dialing_prefix`, `trunk_prefix`, `country_calling_code`, `time_zone`, `daylight_saving_time`) VALUES (135, '00', '', '+686', 'UTC+12:00 to +14:00', '');
INSERT INTO `FIPOP`.`country` (`location_id`, `international_dialing_prefix`, `trunk_prefix`, `country_calling_code`, `time_zone`, `daylight_saving_time`) VALUES (136, '00', '', '+850', 'UTC+08:30', '');
INSERT INTO `FIPOP`.`country` (`location_id`, `international_dialing_prefix`, `trunk_prefix`, `country_calling_code`, `time_zone`, `daylight_saving_time`) VALUES (137, '001, 002, 003xx, 005, 006, 007xx, 008', '0', '+82', 'UTC+09:00', '');
INSERT INTO `FIPOP`.`country` (`location_id`, `international_dialing_prefix`, `trunk_prefix`, `country_calling_code`, `time_zone`, `daylight_saving_time`) VALUES (138, '00', '', '(+383 in use now), +377 44, +377 45, +386 43, +386 49, +381 28, +381 29, +381 38, +381 39', 'UTC+01:00', 'UTC+02:00');
INSERT INTO `FIPOP`.`country` (`location_id`, `international_dialing_prefix`, `trunk_prefix`, `country_calling_code`, `time_zone`, `daylight_saving_time`) VALUES (139, '00', '', '+965', 'UTC+03:00', '');
INSERT INTO `FIPOP`.`country` (`location_id`, `international_dialing_prefix`, `trunk_prefix`, `country_calling_code`, `time_zone`, `daylight_saving_time`) VALUES (140, '00', '', '+996', 'UTC+05:00 to +06:00', '');
INSERT INTO `FIPOP`.`country` (`location_id`, `international_dialing_prefix`, `trunk_prefix`, `country_calling_code`, `time_zone`, `daylight_saving_time`) VALUES (141, '00', '0', '+856', 'UTC+07:00', '');
INSERT INTO `FIPOP`.`country` (`location_id`, `international_dialing_prefix`, `trunk_prefix`, `country_calling_code`, `time_zone`, `daylight_saving_time`) VALUES (142, '00', 'none', '+371', 'UTC+02:00', 'UTC+03:00');
INSERT INTO `FIPOP`.`country` (`location_id`, `international_dialing_prefix`, `trunk_prefix`, `country_calling_code`, `time_zone`, `daylight_saving_time`) VALUES (143, '00', '', '+961', 'UTC+02:00', 'UTC+03:00');
INSERT INTO `FIPOP`.`country` (`location_id`, `international_dialing_prefix`, `trunk_prefix`, `country_calling_code`, `time_zone`, `daylight_saving_time`) VALUES (144, '00', '', '+266', 'UTC+02:00', '');
INSERT INTO `FIPOP`.`country` (`location_id`, `international_dialing_prefix`, `trunk_prefix`, `country_calling_code`, `time_zone`, `daylight_saving_time`) VALUES (145, '00', '', '+231', 'UTC+00:00', '');
INSERT INTO `FIPOP`.`country` (`location_id`, `international_dialing_prefix`, `trunk_prefix`, `country_calling_code`, `time_zone`, `daylight_saving_time`) VALUES (146, '00', '', '+218', 'UTC+01:00', 'UTC+02:00');
INSERT INTO `FIPOP`.`country` (`location_id`, `international_dialing_prefix`, `trunk_prefix`, `country_calling_code`, `time_zone`, `daylight_saving_time`) VALUES (147, '00', '', '+423', 'UTC+01:00', 'UTC+02:00');
INSERT INTO `FIPOP`.`country` (`location_id`, `international_dialing_prefix`, `trunk_prefix`, `country_calling_code`, `time_zone`, `daylight_saving_time`) VALUES (148, '00', '8', '+370', 'UTC+02:00', 'UTC+03:00');
INSERT INTO `FIPOP`.`country` (`location_id`, `international_dialing_prefix`, `trunk_prefix`, `country_calling_code`, `time_zone`, `daylight_saving_time`) VALUES (149, '00', 'none', '+352', 'UTC+01:00', 'UTC+02:00');
INSERT INTO `FIPOP`.`country` (`location_id`, `international_dialing_prefix`, `trunk_prefix`, `country_calling_code`, `time_zone`, `daylight_saving_time`) VALUES (150, '00', '', '+853', 'UTC+08:00', '');
INSERT INTO `FIPOP`.`country` (`location_id`, `international_dialing_prefix`, `trunk_prefix`, `country_calling_code`, `time_zone`, `daylight_saving_time`) VALUES (151, '00', '0', '+389', 'UTC+01:00', 'UTC+02:00');
INSERT INTO `FIPOP`.`country` (`location_id`, `international_dialing_prefix`, `trunk_prefix`, `country_calling_code`, `time_zone`, `daylight_saving_time`) VALUES (152, '00', '', '+261', 'UTC+03:00', '');
INSERT INTO `FIPOP`.`country` (`location_id`, `international_dialing_prefix`, `trunk_prefix`, `country_calling_code`, `time_zone`, `daylight_saving_time`) VALUES (153, '00', '', '+265', 'UTC+02:00', '');
INSERT INTO `FIPOP`.`country` (`location_id`, `international_dialing_prefix`, `trunk_prefix`, `country_calling_code`, `time_zone`, `daylight_saving_time`) VALUES (154, '00', '0', '+60', 'UTC+08:00', '');
INSERT INTO `FIPOP`.`country` (`location_id`, `international_dialing_prefix`, `trunk_prefix`, `country_calling_code`, `time_zone`, `daylight_saving_time`) VALUES (155, '00', '', '+960', 'UTC+05:00', '');
INSERT INTO `FIPOP`.`country` (`location_id`, `international_dialing_prefix`, `trunk_prefix`, `country_calling_code`, `time_zone`, `daylight_saving_time`) VALUES (156, '00', '', '+223', 'UTC+00:00', '');
INSERT INTO `FIPOP`.`country` (`location_id`, `international_dialing_prefix`, `trunk_prefix`, `country_calling_code`, `time_zone`, `daylight_saving_time`) VALUES (157, '00', 'none', '+356', 'UTC+01:00', 'UTC+02:00');
INSERT INTO `FIPOP`.`country` (`location_id`, `international_dialing_prefix`, `trunk_prefix`, `country_calling_code`, `time_zone`, `daylight_saving_time`) VALUES (158, '011', '', '+692', 'UTC+12:00', '');
INSERT INTO `FIPOP`.`country` (`location_id`, `international_dialing_prefix`, `trunk_prefix`, `country_calling_code`, `time_zone`, `daylight_saving_time`) VALUES (159, '00', '', '+596', 'UTC-04:00', '');
INSERT INTO `FIPOP`.`country` (`location_id`, `international_dialing_prefix`, `trunk_prefix`, `country_calling_code`, `time_zone`, `daylight_saving_time`) VALUES (160, '00', '', '+222', 'UTC+00:00', '');
INSERT INTO `FIPOP`.`country` (`location_id`, `international_dialing_prefix`, `trunk_prefix`, `country_calling_code`, `time_zone`, `daylight_saving_time`) VALUES (161, '00', '', '+230', 'UTC+04:00', '');
INSERT INTO `FIPOP`.`country` (`location_id`, `international_dialing_prefix`, `trunk_prefix`, `country_calling_code`, `time_zone`, `daylight_saving_time`) VALUES (162, '00', '', '+262 269, +262 639', 'UTC+03:00', '');
INSERT INTO `FIPOP`.`country` (`location_id`, `international_dialing_prefix`, `trunk_prefix`, `country_calling_code`, `time_zone`, `daylight_saving_time`) VALUES (163, '00', '01', '+52', 'UTC-08:00 to -06:00', 'UTC-07:00 to -05:00');
INSERT INTO `FIPOP`.`country` (`location_id`, `international_dialing_prefix`, `trunk_prefix`, `country_calling_code`, `time_zone`, `daylight_saving_time`) VALUES (164, '011', '', '+691', 'UTC+10:00 to +11:00', '');
INSERT INTO `FIPOP`.`country` (`location_id`, `international_dialing_prefix`, `trunk_prefix`, `country_calling_code`, `time_zone`, `daylight_saving_time`) VALUES (165, '00', '1', '+1 808', 'UTC-11:00', '');
INSERT INTO `FIPOP`.`country` (`location_id`, `international_dialing_prefix`, `trunk_prefix`, `country_calling_code`, `time_zone`, `daylight_saving_time`) VALUES (166, '00', '0', '+373', 'UTC+02:00', 'UTC+03:00');
INSERT INTO `FIPOP`.`country` (`location_id`, `international_dialing_prefix`, `trunk_prefix`, `country_calling_code`, `time_zone`, `daylight_saving_time`) VALUES (167, '00', 'none', '+377', 'UTC+01:00', 'UTC+02:00');
INSERT INTO `FIPOP`.`country` (`location_id`, `international_dialing_prefix`, `trunk_prefix`, `country_calling_code`, `time_zone`, `daylight_saving_time`) VALUES (168, '001', '01 or 02', '+976', 'UTC+07:00 to +08:00', 'UTC+08:00 to +09:00');
INSERT INTO `FIPOP`.`country` (`location_id`, `international_dialing_prefix`, `trunk_prefix`, `country_calling_code`, `time_zone`, `daylight_saving_time`) VALUES (169, '00', '0', '+382', 'UTC+01:00', 'UTC+02:00');
INSERT INTO `FIPOP`.`country` (`location_id`, `international_dialing_prefix`, `trunk_prefix`, `country_calling_code`, `time_zone`, `daylight_saving_time`) VALUES (170, '011', '1', '+1 664', 'UTC-04:00', '');
INSERT INTO `FIPOP`.`country` (`location_id`, `international_dialing_prefix`, `trunk_prefix`, `country_calling_code`, `time_zone`, `daylight_saving_time`) VALUES (171, '00', '0', '+212', 'UTC+00:00', 'UTC+01:00');
INSERT INTO `FIPOP`.`country` (`location_id`, `international_dialing_prefix`, `trunk_prefix`, `country_calling_code`, `time_zone`, `daylight_saving_time`) VALUES (172, '00', '', '+258', 'UTC+02:00', '');
INSERT INTO `FIPOP`.`country` (`location_id`, `international_dialing_prefix`, `trunk_prefix`, `country_calling_code`, `time_zone`, `daylight_saving_time`) VALUES (173, '00', '0', '+95', 'UTC+06:30', '');
INSERT INTO `FIPOP`.`country` (`location_id`, `international_dialing_prefix`, `trunk_prefix`, `country_calling_code`, `time_zone`, `daylight_saving_time`) VALUES (174, '00', '', '+374 47, +374 97', 'UTC+04:00', '');
INSERT INTO `FIPOP`.`country` (`location_id`, `international_dialing_prefix`, `trunk_prefix`, `country_calling_code`, `time_zone`, `daylight_saving_time`) VALUES (175, '00', '', '+264', 'UTC+01:00', 'UTC+02:00');
INSERT INTO `FIPOP`.`country` (`location_id`, `international_dialing_prefix`, `trunk_prefix`, `country_calling_code`, `time_zone`, `daylight_saving_time`) VALUES (176, '00', '', '+674', 'UTC+12:00', '');
INSERT INTO `FIPOP`.`country` (`location_id`, `international_dialing_prefix`, `trunk_prefix`, `country_calling_code`, `time_zone`, `daylight_saving_time`) VALUES (177, '00', 'none', '+977', 'UTC+05:45', '');
INSERT INTO `FIPOP`.`country` (`location_id`, `international_dialing_prefix`, `trunk_prefix`, `country_calling_code`, `time_zone`, `daylight_saving_time`) VALUES (178, '00', '0', '+31', 'CET(UTC+01:00) / AST(UTC-04:00)', 'CET(UTC+02:00) / AST(UTC-04:00)');
INSERT INTO `FIPOP`.`country` (`location_id`, `international_dialing_prefix`, `trunk_prefix`, `country_calling_code`, `time_zone`, `daylight_saving_time`) VALUES (179, '00', '', '+1 869', 'UTC-04:00', '');
INSERT INTO `FIPOP`.`country` (`location_id`, `international_dialing_prefix`, `trunk_prefix`, `country_calling_code`, `time_zone`, `daylight_saving_time`) VALUES (180, '00', '', '+687', 'UTC+11:00', '');
INSERT INTO `FIPOP`.`country` (`location_id`, `international_dialing_prefix`, `trunk_prefix`, `country_calling_code`, `time_zone`, `daylight_saving_time`) VALUES (181, 'N/A', '', '+64', 'UTC+12:00', 'UTC+13:00');
INSERT INTO `FIPOP`.`country` (`location_id`, `international_dialing_prefix`, `trunk_prefix`, `country_calling_code`, `time_zone`, `daylight_saving_time`) VALUES (182, '00', '', '+505', 'UTC-06:00', '');
INSERT INTO `FIPOP`.`country` (`location_id`, `international_dialing_prefix`, `trunk_prefix`, `country_calling_code`, `time_zone`, `daylight_saving_time`) VALUES (183, '00', '', '+227', 'UTC+01:00', '');
INSERT INTO `FIPOP`.`country` (`location_id`, `international_dialing_prefix`, `trunk_prefix`, `country_calling_code`, `time_zone`, `daylight_saving_time`) VALUES (184, '009', '0', '+234', 'UTC+01:00', '');
INSERT INTO `FIPOP`.`country` (`location_id`, `international_dialing_prefix`, `trunk_prefix`, `country_calling_code`, `time_zone`, `daylight_saving_time`) VALUES (185, '00', '', '+683', 'UTC-11:00', '');
INSERT INTO `FIPOP`.`country` (`location_id`, `international_dialing_prefix`, `trunk_prefix`, `country_calling_code`, `time_zone`, `daylight_saving_time`) VALUES (186, '00', '', '+672 3', 'UTC+11:00', '');
INSERT INTO `FIPOP`.`country` (`location_id`, `international_dialing_prefix`, `trunk_prefix`, `country_calling_code`, `time_zone`, `daylight_saving_time`) VALUES (187, '00', '', '+90 392', 'UTC+02:00', 'UTC+03:00');
INSERT INTO `FIPOP`.`country` (`location_id`, `international_dialing_prefix`, `trunk_prefix`, `country_calling_code`, `time_zone`, `daylight_saving_time`) VALUES (188, '00', '', '+44 28', 'UTC+00:00', 'UTC+01:00');
INSERT INTO `FIPOP`.`country` (`location_id`, `international_dialing_prefix`, `trunk_prefix`, `country_calling_code`, `time_zone`, `daylight_saving_time`) VALUES (189, '011', '1', '+1 670', 'UTC+10:00', '');
INSERT INTO `FIPOP`.`country` (`location_id`, `international_dialing_prefix`, `trunk_prefix`, `country_calling_code`, `time_zone`, `daylight_saving_time`) VALUES (190, '00', 'none', '+47', 'UTC+01:00', 'UTC+02:00');
INSERT INTO `FIPOP`.`country` (`location_id`, `international_dialing_prefix`, `trunk_prefix`, `country_calling_code`, `time_zone`, `daylight_saving_time`) VALUES (191, '00', 'none', '+968', 'UTC+04:00', '');
INSERT INTO `FIPOP`.`country` (`location_id`, `international_dialing_prefix`, `trunk_prefix`, `country_calling_code`, `time_zone`, `daylight_saving_time`) VALUES (192, '00', '0', '+92', 'UTC+05:00', 'UTC+06:00');
INSERT INTO `FIPOP`.`country` (`location_id`, `international_dialing_prefix`, `trunk_prefix`, `country_calling_code`, `time_zone`, `daylight_saving_time`) VALUES (193, '011', '', '+680', 'UTC+09:00', '');
INSERT INTO `FIPOP`.`country` (`location_id`, `international_dialing_prefix`, `trunk_prefix`, `country_calling_code`, `time_zone`, `daylight_saving_time`) VALUES (194, '00', '', '+970', 'UTC+02:00', 'UTC+03:00');
INSERT INTO `FIPOP`.`country` (`location_id`, `international_dialing_prefix`, `trunk_prefix`, `country_calling_code`, `time_zone`, `daylight_saving_time`) VALUES (195, '00', '', '+507', 'UTC-05:00', '');
INSERT INTO `FIPOP`.`country` (`location_id`, `international_dialing_prefix`, `trunk_prefix`, `country_calling_code`, `time_zone`, `daylight_saving_time`) VALUES (196, '00', '', '+675', 'UTC+10:00', '');
INSERT INTO `FIPOP`.`country` (`location_id`, `international_dialing_prefix`, `trunk_prefix`, `country_calling_code`, `time_zone`, `daylight_saving_time`) VALUES (197, '00', '', '+595', 'UTC-04:00', 'UTC-03:00');
INSERT INTO `FIPOP`.`country` (`location_id`, `international_dialing_prefix`, `trunk_prefix`, `country_calling_code`, `time_zone`, `daylight_saving_time`) VALUES (198, '00', '', '+51', 'UTC-05:00', '');
INSERT INTO `FIPOP`.`country` (`location_id`, `international_dialing_prefix`, `trunk_prefix`, `country_calling_code`, `time_zone`, `daylight_saving_time`) VALUES (199, '00', '0', '+63', 'UTC+08:00', '');
INSERT INTO `FIPOP`.`country` (`location_id`, `international_dialing_prefix`, `trunk_prefix`, `country_calling_code`, `time_zone`, `daylight_saving_time`) VALUES (200, '00', '', '+64', 'UTC-08:00', '');
INSERT INTO `FIPOP`.`country` (`location_id`, `international_dialing_prefix`, `trunk_prefix`, `country_calling_code`, `time_zone`, `daylight_saving_time`) VALUES (201, '00', 'none', '+48', 'UTC+01:00', 'UTC+02:00');
INSERT INTO `FIPOP`.`country` (`location_id`, `international_dialing_prefix`, `trunk_prefix`, `country_calling_code`, `time_zone`, `daylight_saving_time`) VALUES (202, '00', 'none', '+351', 'UTC+00:00', 'UTC+01:00');
INSERT INTO `FIPOP`.`country` (`location_id`, `international_dialing_prefix`, `trunk_prefix`, `country_calling_code`, `time_zone`, `daylight_saving_time`) VALUES (203, '011', '1', '+1 787, +1 939', 'UTC-04:00', '');
INSERT INTO `FIPOP`.`country` (`location_id`, `international_dialing_prefix`, `trunk_prefix`, `country_calling_code`, `time_zone`, `daylight_saving_time`) VALUES (204, '00', '', '+974', 'UTC+03:00', '');
INSERT INTO `FIPOP`.`country` (`location_id`, `international_dialing_prefix`, `trunk_prefix`, `country_calling_code`, `time_zone`, `daylight_saving_time`) VALUES (205, '00', '', '+262', 'UTC+04:00', '');
INSERT INTO `FIPOP`.`country` (`location_id`, `international_dialing_prefix`, `trunk_prefix`, `country_calling_code`, `time_zone`, `daylight_saving_time`) VALUES (206, '00', '0', '+40', 'UTC+02:00', 'UTC+03:00');
INSERT INTO `FIPOP`.`country` (`location_id`, `international_dialing_prefix`, `trunk_prefix`, `country_calling_code`, `time_zone`, `daylight_saving_time`) VALUES (207, '8~10, 8~26, 8~27, 8~28, 8~56, 8~57, 8~58, 8~59', '8', '7', 'UTC+02:00 to +12:00', '');
INSERT INTO `FIPOP`.`country` (`location_id`, `international_dialing_prefix`, `trunk_prefix`, `country_calling_code`, `time_zone`, `daylight_saving_time`) VALUES (208, '00', '0', '+250', 'UTC+02:00', '');
INSERT INTO `FIPOP`.`country` (`location_id`, `international_dialing_prefix`, `trunk_prefix`, `country_calling_code`, `time_zone`, `daylight_saving_time`) VALUES (209, '00', '', '+599 4', 'UTC-04:00', '');
INSERT INTO `FIPOP`.`country` (`location_id`, `international_dialing_prefix`, `trunk_prefix`, `country_calling_code`, `time_zone`, `daylight_saving_time`) VALUES (210, '00', '', '+590', 'UTC-04:00', '');
INSERT INTO `FIPOP`.`country` (`location_id`, `international_dialing_prefix`, `trunk_prefix`, `country_calling_code`, `time_zone`, `daylight_saving_time`) VALUES (211, '00', '', '+290', 'UTC+00:00', '');
INSERT INTO `FIPOP`.`country` (`location_id`, `international_dialing_prefix`, `trunk_prefix`, `country_calling_code`, `time_zone`, `daylight_saving_time`) VALUES (212, '011', '1', '+1 869', 'UTC-04:00', '');
INSERT INTO `FIPOP`.`country` (`location_id`, `international_dialing_prefix`, `trunk_prefix`, `country_calling_code`, `time_zone`, `daylight_saving_time`) VALUES (213, '011', '1', '+1 758', 'UTC-04:00', '');
INSERT INTO `FIPOP`.`country` (`location_id`, `international_dialing_prefix`, `trunk_prefix`, `country_calling_code`, `time_zone`, `daylight_saving_time`) VALUES (214, '00', '', '+590', 'UTC-04:00', '');
INSERT INTO `FIPOP`.`country` (`location_id`, `international_dialing_prefix`, `trunk_prefix`, `country_calling_code`, `time_zone`, `daylight_saving_time`) VALUES (215, '00', '', '+508', 'UTC-03:00', 'UTC-02:00');
INSERT INTO `FIPOP`.`country` (`location_id`, `international_dialing_prefix`, `trunk_prefix`, `country_calling_code`, `time_zone`, `daylight_saving_time`) VALUES (216, '011', '1', '+1 784', 'UTC-04:00', '');
INSERT INTO `FIPOP`.`country` (`location_id`, `international_dialing_prefix`, `trunk_prefix`, `country_calling_code`, `time_zone`, `daylight_saving_time`) VALUES (217, '0', '', '+685', 'UTC+13:00', 'UTC+14:00');
INSERT INTO `FIPOP`.`country` (`location_id`, `international_dialing_prefix`, `trunk_prefix`, `country_calling_code`, `time_zone`, `daylight_saving_time`) VALUES (218, '00', 'none', '+378', 'UTC+01:00', 'UTC+02:00');
INSERT INTO `FIPOP`.`country` (`location_id`, `international_dialing_prefix`, `trunk_prefix`, `country_calling_code`, `time_zone`, `daylight_saving_time`) VALUES (219, '00', '', '+239', 'UTC+00:00', '');
INSERT INTO `FIPOP`.`country` (`location_id`, `international_dialing_prefix`, `trunk_prefix`, `country_calling_code`, `time_zone`, `daylight_saving_time`) VALUES (220, '00', '0', '+966', 'UTC+03:00', '');
INSERT INTO `FIPOP`.`country` (`location_id`, `international_dialing_prefix`, `trunk_prefix`, `country_calling_code`, `time_zone`, `daylight_saving_time`) VALUES (221, '00', '', '+221', 'UTC+00:00', '');
INSERT INTO `FIPOP`.`country` (`location_id`, `international_dialing_prefix`, `trunk_prefix`, `country_calling_code`, `time_zone`, `daylight_saving_time`) VALUES (222, '00', '0', '+381', 'UTC+01:00', 'UTC+02:00');
INSERT INTO `FIPOP`.`country` (`location_id`, `international_dialing_prefix`, `trunk_prefix`, `country_calling_code`, `time_zone`, `daylight_saving_time`) VALUES (223, '00', '', '+248', 'UTC+04:00', '');
INSERT INTO `FIPOP`.`country` (`location_id`, `international_dialing_prefix`, `trunk_prefix`, `country_calling_code`, `time_zone`, `daylight_saving_time`) VALUES (224, '00', '', '+232', 'UTC+00:00', '');
INSERT INTO `FIPOP`.`country` (`location_id`, `international_dialing_prefix`, `trunk_prefix`, `country_calling_code`, `time_zone`, `daylight_saving_time`) VALUES (225, '000, 001, 002, 008', '', '+65', 'UTC+08:00', '');
INSERT INTO `FIPOP`.`country` (`location_id`, `international_dialing_prefix`, `trunk_prefix`, `country_calling_code`, `time_zone`, `daylight_saving_time`) VALUES (226, '00', '', '+599 3', 'UTC-04:00', '');
INSERT INTO `FIPOP`.`country` (`location_id`, `international_dialing_prefix`, `trunk_prefix`, `country_calling_code`, `time_zone`, `daylight_saving_time`) VALUES (227, '011', '1', '+1 721', 'UTC-04:00', '');
INSERT INTO `FIPOP`.`country` (`location_id`, `international_dialing_prefix`, `trunk_prefix`, `country_calling_code`, `time_zone`, `daylight_saving_time`) VALUES (228, '00', '0', '+421', 'UTC+01:00', 'UTC+02:00');
INSERT INTO `FIPOP`.`country` (`location_id`, `international_dialing_prefix`, `trunk_prefix`, `country_calling_code`, `time_zone`, `daylight_saving_time`) VALUES (229, '00', '0', '+386', 'UTC+01:00', 'UTC+02:00');
INSERT INTO `FIPOP`.`country` (`location_id`, `international_dialing_prefix`, `trunk_prefix`, `country_calling_code`, `time_zone`, `daylight_saving_time`) VALUES (230, '00', '', '+677', 'UTC+11:00', '');
INSERT INTO `FIPOP`.`country` (`location_id`, `international_dialing_prefix`, `trunk_prefix`, `country_calling_code`, `time_zone`, `daylight_saving_time`) VALUES (231, '00', '', '+252', 'UTC+03:00', '');
INSERT INTO `FIPOP`.`country` (`location_id`, `international_dialing_prefix`, `trunk_prefix`, `country_calling_code`, `time_zone`, `daylight_saving_time`) VALUES (232, '00', '0', '+27', 'UTC+02:00', '');
INSERT INTO `FIPOP`.`country` (`location_id`, `international_dialing_prefix`, `trunk_prefix`, `country_calling_code`, `time_zone`, `daylight_saving_time`) VALUES (233, '00', '', '+500', 'UTC-02:00', '');
INSERT INTO `FIPOP`.`country` (`location_id`, `international_dialing_prefix`, `trunk_prefix`, `country_calling_code`, `time_zone`, `daylight_saving_time`) VALUES (234, '00', '', '+995 34', 'UTC+03:00', '');
INSERT INTO `FIPOP`.`country` (`location_id`, `international_dialing_prefix`, `trunk_prefix`, `country_calling_code`, `time_zone`, `daylight_saving_time`) VALUES (235, '00', '', '+211', 'UTC+03:00', '');
INSERT INTO `FIPOP`.`country` (`location_id`, `international_dialing_prefix`, `trunk_prefix`, `country_calling_code`, `time_zone`, `daylight_saving_time`) VALUES (236, '00', 'none', '+34', 'UTC+01:00', 'UTC+02:00');
INSERT INTO `FIPOP`.`country` (`location_id`, `international_dialing_prefix`, `trunk_prefix`, `country_calling_code`, `time_zone`, `daylight_saving_time`) VALUES (237, '00', '0', '+94', 'UTC+05:30', '');
INSERT INTO `FIPOP`.`country` (`location_id`, `international_dialing_prefix`, `trunk_prefix`, `country_calling_code`, `time_zone`, `daylight_saving_time`) VALUES (238, '00', '', '+249', 'UTC+02:00', '');
INSERT INTO `FIPOP`.`country` (`location_id`, `international_dialing_prefix`, `trunk_prefix`, `country_calling_code`, `time_zone`, `daylight_saving_time`) VALUES (239, '00', '', '+597', 'UTC-03:00', '');
INSERT INTO `FIPOP`.`country` (`location_id`, `international_dialing_prefix`, `trunk_prefix`, `country_calling_code`, `time_zone`, `daylight_saving_time`) VALUES (240, '00', '', '+47 79', 'UTC+01:00', 'UTC+02:00');
INSERT INTO `FIPOP`.`country` (`location_id`, `international_dialing_prefix`, `trunk_prefix`, `country_calling_code`, `time_zone`, `daylight_saving_time`) VALUES (241, '00', '', '+268', 'UTC+02:00', '');
INSERT INTO `FIPOP`.`country` (`location_id`, `international_dialing_prefix`, `trunk_prefix`, `country_calling_code`, `time_zone`, `daylight_saving_time`) VALUES (242, '00', '0', '+46', 'UTC+01:00', 'UTC+02:00');
INSERT INTO `FIPOP`.`country` (`location_id`, `international_dialing_prefix`, `trunk_prefix`, `country_calling_code`, `time_zone`, `daylight_saving_time`) VALUES (243, '00', '0', '+41', 'UTC+01:00', 'UTC+02:00');
INSERT INTO `FIPOP`.`country` (`location_id`, `international_dialing_prefix`, `trunk_prefix`, `country_calling_code`, `time_zone`, `daylight_saving_time`) VALUES (244, '00', '', '+963', 'UTC+02:00', 'UTC+03:00');
INSERT INTO `FIPOP`.`country` (`location_id`, `international_dialing_prefix`, `trunk_prefix`, `country_calling_code`, `time_zone`, `daylight_saving_time`) VALUES (245, '002, 005, 006, 007, 009', '0', '+886', 'UTC+08:00', '');
INSERT INTO `FIPOP`.`country` (`location_id`, `international_dialing_prefix`, `trunk_prefix`, `country_calling_code`, `time_zone`, `daylight_saving_time`) VALUES (246, '8~10', '', '+992', 'UTC+05:00', '');
INSERT INTO `FIPOP`.`country` (`location_id`, `international_dialing_prefix`, `trunk_prefix`, `country_calling_code`, `time_zone`, `daylight_saving_time`) VALUES (247, '000', '0', '+255', 'UTC+03:00', '');
INSERT INTO `FIPOP`.`country` (`location_id`, `international_dialing_prefix`, `trunk_prefix`, `country_calling_code`, `time_zone`, `daylight_saving_time`) VALUES (248, '', '', '+888', '', '');
INSERT INTO `FIPOP`.`country` (`location_id`, `international_dialing_prefix`, `trunk_prefix`, `country_calling_code`, `time_zone`, `daylight_saving_time`) VALUES (249, '001, 004, 005, 006, 007, 008, 009', '0', '+66', 'UTC+07:00', '');
INSERT INTO `FIPOP`.`country` (`location_id`, `international_dialing_prefix`, `trunk_prefix`, `country_calling_code`, `time_zone`, `daylight_saving_time`) VALUES (250, '', '', '+882 16', '', '');
INSERT INTO `FIPOP`.`country` (`location_id`, `international_dialing_prefix`, `trunk_prefix`, `country_calling_code`, `time_zone`, `daylight_saving_time`) VALUES (251, '00', '', '+228', 'UTC+00:00', '');
INSERT INTO `FIPOP`.`country` (`location_id`, `international_dialing_prefix`, `trunk_prefix`, `country_calling_code`, `time_zone`, `daylight_saving_time`) VALUES (252, '00', '', '+690', 'UTC+13:00', '');
INSERT INTO `FIPOP`.`country` (`location_id`, `international_dialing_prefix`, `trunk_prefix`, `country_calling_code`, `time_zone`, `daylight_saving_time`) VALUES (253, '00', '', '+676', 'UTC+13:00', '');
INSERT INTO `FIPOP`.`country` (`location_id`, `international_dialing_prefix`, `trunk_prefix`, `country_calling_code`, `time_zone`, `daylight_saving_time`) VALUES (254, '00', '', '+373 2, +373 5', 'UTC+02:00', 'UTC+03:00');
INSERT INTO `FIPOP`.`country` (`location_id`, `international_dialing_prefix`, `trunk_prefix`, `country_calling_code`, `time_zone`, `daylight_saving_time`) VALUES (255, '011', '1', '+1 868', 'UTC-04:00', '');
INSERT INTO `FIPOP`.`country` (`location_id`, `international_dialing_prefix`, `trunk_prefix`, `country_calling_code`, `time_zone`, `daylight_saving_time`) VALUES (256, '00', '', '+290 8', 'UTC+00:00', '');
INSERT INTO `FIPOP`.`country` (`location_id`, `international_dialing_prefix`, `trunk_prefix`, `country_calling_code`, `time_zone`, `daylight_saving_time`) VALUES (257, '00', '', '+216', 'UTC+01:00', '');
INSERT INTO `FIPOP`.`country` (`location_id`, `international_dialing_prefix`, `trunk_prefix`, `country_calling_code`, `time_zone`, `daylight_saving_time`) VALUES (258, '00', '0', '+90', 'UTC+03:00', '');
INSERT INTO `FIPOP`.`country` (`location_id`, `international_dialing_prefix`, `trunk_prefix`, `country_calling_code`, `time_zone`, `daylight_saving_time`) VALUES (259, '8~10', '0', '+993', 'UTC+05:00', '');
INSERT INTO `FIPOP`.`country` (`location_id`, `international_dialing_prefix`, `trunk_prefix`, `country_calling_code`, `time_zone`, `daylight_saving_time`) VALUES (260, '011', '1', '+1 649', 'UTC-05:00', 'UTC-04:00');
INSERT INTO `FIPOP`.`country` (`location_id`, `international_dialing_prefix`, `trunk_prefix`, `country_calling_code`, `time_zone`, `daylight_saving_time`) VALUES (261, '00', '', '+688', 'UTC+12:00', '');
INSERT INTO `FIPOP`.`country` (`location_id`, `international_dialing_prefix`, `trunk_prefix`, `country_calling_code`, `time_zone`, `daylight_saving_time`) VALUES (262, '000', '', '+256', 'UTC+03:00', '');
INSERT INTO `FIPOP`.`country` (`location_id`, `international_dialing_prefix`, `trunk_prefix`, `country_calling_code`, `time_zone`, `daylight_saving_time`) VALUES (263, '00', '0', '+380', 'UTC+02:00', 'UTC+03:00');
INSERT INTO `FIPOP`.`country` (`location_id`, `international_dialing_prefix`, `trunk_prefix`, `country_calling_code`, `time_zone`, `daylight_saving_time`) VALUES (264, '00', '0', '+971', 'UTC+04:00', '');
INSERT INTO `FIPOP`.`country` (`location_id`, `international_dialing_prefix`, `trunk_prefix`, `country_calling_code`, `time_zone`, `daylight_saving_time`) VALUES (265, '00', '0', '+44', 'UTC+00:00', 'UTC+01:00');
INSERT INTO `FIPOP`.`country` (`location_id`, `international_dialing_prefix`, `trunk_prefix`, `country_calling_code`, `time_zone`, `daylight_saving_time`) VALUES (266, '011', '1', '+1', 'UTC-10:00 to -05:00', 'UTC-10:00 to -04:00');
INSERT INTO `FIPOP`.`country` (`location_id`, `international_dialing_prefix`, `trunk_prefix`, `country_calling_code`, `time_zone`, `daylight_saving_time`) VALUES (267, '', '', '+878', '', '');
INSERT INTO `FIPOP`.`country` (`location_id`, `international_dialing_prefix`, `trunk_prefix`, `country_calling_code`, `time_zone`, `daylight_saving_time`) VALUES (268, '00', 'none', '+598', 'UTC-03:00', 'No DST since June 2015');
INSERT INTO `FIPOP`.`country` (`location_id`, `international_dialing_prefix`, `trunk_prefix`, `country_calling_code`, `time_zone`, `daylight_saving_time`) VALUES (269, '011', '1', '+1 340', 'UTC-04:00', '');
INSERT INTO `FIPOP`.`country` (`location_id`, `international_dialing_prefix`, `trunk_prefix`, `country_calling_code`, `time_zone`, `daylight_saving_time`) VALUES (270, '8~10', '0', '+998', 'UTC+05:00', '');
INSERT INTO `FIPOP`.`country` (`location_id`, `international_dialing_prefix`, `trunk_prefix`, `country_calling_code`, `time_zone`, `daylight_saving_time`) VALUES (271, '00', '', '+678', 'UTC+11:00', '');
INSERT INTO `FIPOP`.`country` (`location_id`, `international_dialing_prefix`, `trunk_prefix`, `country_calling_code`, `time_zone`, `daylight_saving_time`) VALUES (272, '00', '0', '+58', 'UTC-04:00', '');
INSERT INTO `FIPOP`.`country` (`location_id`, `international_dialing_prefix`, `trunk_prefix`, `country_calling_code`, `time_zone`, `daylight_saving_time`) VALUES (273, '00', 'none', '+39 06 698, assigned +379', 'UTC+01:00', 'UTC+02:00');
INSERT INTO `FIPOP`.`country` (`location_id`, `international_dialing_prefix`, `trunk_prefix`, `country_calling_code`, `time_zone`, `daylight_saving_time`) VALUES (274, '00', '0', '+84', 'UTC+07:00', '');
INSERT INTO `FIPOP`.`country` (`location_id`, `international_dialing_prefix`, `trunk_prefix`, `country_calling_code`, `time_zone`, `daylight_saving_time`) VALUES (275, '00', '1', '+1 808', 'UTC+12:00', '');
INSERT INTO `FIPOP`.`country` (`location_id`, `international_dialing_prefix`, `trunk_prefix`, `country_calling_code`, `time_zone`, `daylight_saving_time`) VALUES (276, '00', '', '+681', 'UTC+12:00', '');
INSERT INTO `FIPOP`.`country` (`location_id`, `international_dialing_prefix`, `trunk_prefix`, `country_calling_code`, `time_zone`, `daylight_saving_time`) VALUES (277, '00', '', '+967', 'UTC+03:00', '');
INSERT INTO `FIPOP`.`country` (`location_id`, `international_dialing_prefix`, `trunk_prefix`, `country_calling_code`, `time_zone`, `daylight_saving_time`) VALUES (278, '00', '', '+260', 'UTC+02:00', '');
INSERT INTO `FIPOP`.`country` (`location_id`, `international_dialing_prefix`, `trunk_prefix`, `country_calling_code`, `time_zone`, `daylight_saving_time`) VALUES (279, '00', '', '+255 24', 'UTC+03:00', '');
INSERT INTO `FIPOP`.`country` (`location_id`, `international_dialing_prefix`, `trunk_prefix`, `country_calling_code`, `time_zone`, `daylight_saving_time`) VALUES (280, '00', '', '+263', 'UTC+02:00', '');

COMMIT;


-- -----------------------------------------------------
-- Data for table `FIPOP`.`dynamic_marking`
-- -----------------------------------------------------
START TRANSACTION;
USE `FIPOP`;
INSERT INTO `FIPOP`.`dynamic_marking` (`id`) VALUES (1);
INSERT INTO `FIPOP`.`dynamic_marking` (`id`) VALUES (2);
INSERT INTO `FIPOP`.`dynamic_marking` (`id`) VALUES (3);
INSERT INTO `FIPOP`.`dynamic_marking` (`id`) VALUES (4);
INSERT INTO `FIPOP`.`dynamic_marking` (`id`) VALUES (5);
INSERT INTO `FIPOP`.`dynamic_marking` (`id`) VALUES (6);
INSERT INTO `FIPOP`.`dynamic_marking` (`id`) VALUES (7);
INSERT INTO `FIPOP`.`dynamic_marking` (`id`) VALUES (8);

COMMIT;


-- -----------------------------------------------------
-- Data for table `FIPOP`.`dynamic_marking_translation`
-- -----------------------------------------------------
START TRANSACTION;
USE `FIPOP`;
INSERT INTO `FIPOP`.`dynamic_marking_translation` (`id`, `dynamic_marking_id`, `language_id`, `type`) VALUES (1, 1, 1, 'fortississimo');
INSERT INTO `FIPOP`.`dynamic_marking_translation` (`id`, `dynamic_marking_id`, `language_id`, `type`) VALUES (2, 2, 1, 'fortissimo');
INSERT INTO `FIPOP`.`dynamic_marking_translation` (`id`, `dynamic_marking_id`, `language_id`, `type`) VALUES (3, 3, 1, 'forte');
INSERT INTO `FIPOP`.`dynamic_marking_translation` (`id`, `dynamic_marking_id`, `language_id`, `type`) VALUES (4, 4, 1, 'mezzo-forte');
INSERT INTO `FIPOP`.`dynamic_marking_translation` (`id`, `dynamic_marking_id`, `language_id`, `type`) VALUES (5, 5, 1, 'mezzo-piano');
INSERT INTO `FIPOP`.`dynamic_marking_translation` (`id`, `dynamic_marking_id`, `language_id`, `type`) VALUES (6, 6, 1, 'piano');
INSERT INTO `FIPOP`.`dynamic_marking_translation` (`id`, `dynamic_marking_id`, `language_id`, `type`) VALUES (7, 7, 1, 'pianissimo');
INSERT INTO `FIPOP`.`dynamic_marking_translation` (`id`, `dynamic_marking_id`, `language_id`, `type`) VALUES (8, 8, 1, 'pianississimo');

COMMIT;


-- -----------------------------------------------------
-- Data for table `FIPOP`.`email_address_type`
-- -----------------------------------------------------
START TRANSACTION;
USE `FIPOP`;
INSERT INTO `FIPOP`.`email_address_type` (`id`) VALUES (1);
INSERT INTO `FIPOP`.`email_address_type` (`id`) VALUES (2);
INSERT INTO `FIPOP`.`email_address_type` (`id`) VALUES (3);
INSERT INTO `FIPOP`.`email_address_type` (`id`) VALUES (4);
INSERT INTO `FIPOP`.`email_address_type` (`id`) VALUES (5);
INSERT INTO `FIPOP`.`email_address_type` (`id`) VALUES (6);

COMMIT;


-- -----------------------------------------------------
-- Data for table `FIPOP`.`email_address_type_translation`
-- -----------------------------------------------------
START TRANSACTION;
USE `FIPOP`;
INSERT INTO `FIPOP`.`email_address_type_translation` (`id`, `email_address_type_id`, `language_id`, `type`) VALUES (1, 1, 1, ' ');
INSERT INTO `FIPOP`.`email_address_type_translation` (`id`, `email_address_type_id`, `language_id`, `type`) VALUES (2, 2, 1, 'home');
INSERT INTO `FIPOP`.`email_address_type_translation` (`id`, `email_address_type_id`, `language_id`, `type`) VALUES (3, 3, 1, 'work');
INSERT INTO `FIPOP`.`email_address_type_translation` (`id`, `email_address_type_id`, `language_id`, `type`) VALUES (4, 4, 1, 'other');
INSERT INTO `FIPOP`.`email_address_type_translation` (`id`, `email_address_type_id`, `language_id`, `type`) VALUES (5, 5, 1, 'mobile');
INSERT INTO `FIPOP`.`email_address_type_translation` (`id`, `email_address_type_id`, `language_id`, `type`) VALUES (6, 6, 1, 'custom');

COMMIT;


-- -----------------------------------------------------
-- Data for table `FIPOP`.`iconclass_category`
-- -----------------------------------------------------
START TRANSACTION;
USE `FIPOP`;
INSERT INTO `FIPOP`.`iconclass_category` (`id`, `parent_iconclass_category_id`, `category_token`, `name`) VALUES (1, NULL, '1', 'Religion and Magic');
INSERT INTO `FIPOP`.`iconclass_category` (`id`, `parent_iconclass_category_id`, `category_token`, `name`) VALUES (2, 1, '10', '(symbolic) representations ~ creation, cosmos, cosmogony, universe, and life (in the broadest sense)');
INSERT INTO `FIPOP`.`iconclass_category` (`id`, `parent_iconclass_category_id`, `category_token`, `name`) VALUES (3, 1, '11', 'Christian religion');
INSERT INTO `FIPOP`.`iconclass_category` (`id`, `parent_iconclass_category_id`, `category_token`, `name`) VALUES (4, 3, '11A', 'Deity, God (in general) ~ Christian religion');
INSERT INTO `FIPOP`.`iconclass_category` (`id`, `parent_iconclass_category_id`, `category_token`, `name`) VALUES (5, 3, '11B', 'the Holy Trinity, \'Trinitas coelestis\'; Father, Son and Holy Ghost ~ Christian religion');
INSERT INTO `FIPOP`.`iconclass_category` (`id`, `parent_iconclass_category_id`, `category_token`, `name`) VALUES (6, 3, '11C', 'God the Father');
INSERT INTO `FIPOP`.`iconclass_category` (`id`, `parent_iconclass_category_id`, `category_token`, `name`) VALUES (7, 3, '11E', 'the Holy Ghost');
INSERT INTO `FIPOP`.`iconclass_category` (`id`, `parent_iconclass_category_id`, `category_token`, `name`) VALUES (8, 3, '11F', 'the Virgin Mary');
INSERT INTO `FIPOP`.`iconclass_category` (`id`, `parent_iconclass_category_id`, `category_token`, `name`) VALUES (9, 3, '11G', 'angels');
INSERT INTO `FIPOP`.`iconclass_category` (`id`, `parent_iconclass_category_id`, `category_token`, `name`) VALUES (10, 3, '11H', 'saints');
INSERT INTO `FIPOP`.`iconclass_category` (`id`, `parent_iconclass_category_id`, `category_token`, `name`) VALUES (11, 3, '11O', 'strife between Virtues and Vices, Psychomachy');
INSERT INTO `FIPOP`.`iconclass_category` (`id`, `parent_iconclass_category_id`, `category_token`, `name`) VALUES (12, 3, '11Q', 'the worship of God');
INSERT INTO `FIPOP`.`iconclass_category` (`id`, `parent_iconclass_category_id`, `category_token`, `name`) VALUES (13, 3, '11R', 'the life of man');
INSERT INTO `FIPOP`.`iconclass_category` (`id`, `parent_iconclass_category_id`, `category_token`, `name`) VALUES (14, 3, '11S', 'heaven, celestial paradise, New Earth');
INSERT INTO `FIPOP`.`iconclass_category` (`id`, `parent_iconclass_category_id`, `category_token`, `name`) VALUES (15, 3, '11T', 'hell and purgatory');
INSERT INTO `FIPOP`.`iconclass_category` (`id`, `parent_iconclass_category_id`, `category_token`, `name`) VALUES (16, 3, '11U', 'Last Judgement');
INSERT INTO `FIPOP`.`iconclass_category` (`id`, `parent_iconclass_category_id`, `category_token`, `name`) VALUES (17, 1, '12', 'non-Christian religions (including institutions, customs and antiquities)');
INSERT INTO `FIPOP`.`iconclass_category` (`id`, `parent_iconclass_category_id`, `category_token`, `name`) VALUES (18, 17, '12A', 'Jewish religion and culture');
INSERT INTO `FIPOP`.`iconclass_category` (`id`, `parent_iconclass_category_id`, `category_token`, `name`) VALUES (19, 18, '12AA', 'Star of David');
INSERT INTO `FIPOP`.`iconclass_category` (`id`, `parent_iconclass_category_id`, `category_token`, `name`) VALUES (20, 17, '12B', 'non-Christian religions and cults (in general)');
INSERT INTO `FIPOP`.`iconclass_category` (`id`, `parent_iconclass_category_id`, `category_token`, `name`) VALUES (21, 17, '12C', 'Egyptian religion');
INSERT INTO `FIPOP`.`iconclass_category` (`id`, `parent_iconclass_category_id`, `category_token`, `name`) VALUES (22, 17, '12D', 'Babylonian-Assyrian religions and other antique religions of the Near East and Northern Africa');
INSERT INTO `FIPOP`.`iconclass_category` (`id`, `parent_iconclass_category_id`, `category_token`, `name`) VALUES (23, 17, '12E', 'Greek religion (including Minoan and Mycenaean culture)');
INSERT INTO `FIPOP`.`iconclass_category` (`id`, `parent_iconclass_category_id`, `category_token`, `name`) VALUES (24, 17, '12F', 'Roman religion (including Etruscan religion)');
INSERT INTO `FIPOP`.`iconclass_category` (`id`, `parent_iconclass_category_id`, `category_token`, `name`) VALUES (25, 17, '12G', 'Mithraism and other Hellenistic or Late Roman (provincial) religions (including ancient Iranian religions)');
INSERT INTO `FIPOP`.`iconclass_category` (`id`, `parent_iconclass_category_id`, `category_token`, `name`) VALUES (26, 17, '12H', 'Hinduism, Buddhism, Jainism');
INSERT INTO `FIPOP`.`iconclass_category` (`id`, `parent_iconclass_category_id`, `category_token`, `name`) VALUES (27, 17, '12I', 'Islam');
INSERT INTO `FIPOP`.`iconclass_category` (`id`, `parent_iconclass_category_id`, `category_token`, `name`) VALUES (28, 27, '12I1', 'conceptions and ideas visualized ');
INSERT INTO `FIPOP`.`iconclass_category` (`id`, `parent_iconclass_category_id`, `category_token`, `name`) VALUES (29, 28, '12I12', 'Allah (supreme being, creator, etc. ');
INSERT INTO `FIPOP`.`iconclass_category` (`id`, `parent_iconclass_category_id`, `category_token`, `name`) VALUES (30, 28, '12I19', 'demons ~ Islam, Mohammedanism');
INSERT INTO `FIPOP`.`iconclass_category` (`id`, `parent_iconclass_category_id`, `category_token`, `name`) VALUES (31, 27, '12I2', 'ritual practices');
INSERT INTO `FIPOP`.`iconclass_category` (`id`, `parent_iconclass_category_id`, `category_token`, `name`) VALUES (32, 31, '12I21', 'worship and devotion');
INSERT INTO `FIPOP`.`iconclass_category` (`id`, `parent_iconclass_category_id`, `category_token`, `name`) VALUES (33, 32, '12I21A', 'Raised Hands, Prayer');
INSERT INTO `FIPOP`.`iconclass_category` (`id`, `parent_iconclass_category_id`, `category_token`, `name`) VALUES (34, 31, '12I23', 'asceticism');
INSERT INTO `FIPOP`.`iconclass_category` (`id`, `parent_iconclass_category_id`, `category_token`, `name`) VALUES (35, 31, '12I24', 'the believer ');
INSERT INTO `FIPOP`.`iconclass_category` (`id`, `parent_iconclass_category_id`, `category_token`, `name`) VALUES (36, 27, '12I4', 'ritual practices ~ stadia of human life / rites de passage');
INSERT INTO `FIPOP`.`iconclass_category` (`id`, `parent_iconclass_category_id`, `category_token`, `name`) VALUES (37, 36, '12I41', 'birth');
INSERT INTO `FIPOP`.`iconclass_category` (`id`, `parent_iconclass_category_id`, `category_token`, `name`) VALUES (38, 36, '12I42', 'circumcision');
INSERT INTO `FIPOP`.`iconclass_category` (`id`, `parent_iconclass_category_id`, `category_token`, `name`) VALUES (39, 36, '12I43', 'marriage');
INSERT INTO `FIPOP`.`iconclass_category` (`id`, `parent_iconclass_category_id`, `category_token`, `name`) VALUES (40, 36, '12I44', 'death and burial');
INSERT INTO `FIPOP`.`iconclass_category` (`id`, `parent_iconclass_category_id`, `category_token`, `name`) VALUES (41, 27, '12I5', 'religious functionaries');
INSERT INTO `FIPOP`.`iconclass_category` (`id`, `parent_iconclass_category_id`, `category_token`, `name`) VALUES (42, 41, '12I51', 'clerics; preachers; missionaries');
INSERT INTO `FIPOP`.`iconclass_category` (`id`, `parent_iconclass_category_id`, `category_token`, `name`) VALUES (43, 41, '12I52', 'holy men and women');
INSERT INTO `FIPOP`.`iconclass_category` (`id`, `parent_iconclass_category_id`, `category_token`, `name`) VALUES (44, 41, '12I53', 'prophets');
INSERT INTO `FIPOP`.`iconclass_category` (`id`, `parent_iconclass_category_id`, `category_token`, `name`) VALUES (45, 27, '12I6', 'places and objects of worship and veneration');
INSERT INTO `FIPOP`.`iconclass_category` (`id`, `parent_iconclass_category_id`, `category_token`, `name`) VALUES (46, 45, '12I61', 'mosque, shrine');
INSERT INTO `FIPOP`.`iconclass_category` (`id`, `parent_iconclass_category_id`, `category_token`, `name`) VALUES (47, 45, '12I63', 'statues, paintings, etc. as objects of worship ');
INSERT INTO `FIPOP`.`iconclass_category` (`id`, `parent_iconclass_category_id`, `category_token`, `name`) VALUES (48, 45, '12I64', 'other holy places (trees, graves, springs)');
INSERT INTO `FIPOP`.`iconclass_category` (`id`, `parent_iconclass_category_id`, `category_token`, `name`) VALUES (49, 27, '12I8', 'religious communities');
INSERT INTO `FIPOP`.`iconclass_category` (`id`, `parent_iconclass_category_id`, `category_token`, `name`) VALUES (50, 49, '12I8A', 'The umma');
INSERT INTO `FIPOP`.`iconclass_category` (`id`, `parent_iconclass_category_id`, `category_token`, `name`) VALUES (51, 50, '12I8AA', 'Clasped Hands, Unity');
INSERT INTO `FIPOP`.`iconclass_category` (`id`, `parent_iconclass_category_id`, `category_token`, `name`) VALUES (52, 50, '12I8AB', 'Hand representing the power of the community');
INSERT INTO `FIPOP`.`iconclass_category` (`id`, `parent_iconclass_category_id`, `category_token`, `name`) VALUES (53, 49, '12I82', 'Fraternities ');
INSERT INTO `FIPOP`.`iconclass_category` (`id`, `parent_iconclass_category_id`, `category_token`, `name`) VALUES (54, 27, '12IG', 'angels');
INSERT INTO `FIPOP`.`iconclass_category` (`id`, `parent_iconclass_category_id`, `category_token`, `name`) VALUES (55, 27, '12IH', 'saints');
INSERT INTO `FIPOP`.`iconclass_category` (`id`, `parent_iconclass_category_id`, `category_token`, `name`) VALUES (56, 27, '12IO', 'strife between Virtues and Vices, Psychomachy');
INSERT INTO `FIPOP`.`iconclass_category` (`id`, `parent_iconclass_category_id`, `category_token`, `name`) VALUES (57, 27, '12IQ', 'the worship of God');
INSERT INTO `FIPOP`.`iconclass_category` (`id`, `parent_iconclass_category_id`, `category_token`, `name`) VALUES (58, 57, '12IQ1', 'conversion and belief');
INSERT INTO `FIPOP`.`iconclass_category` (`id`, `parent_iconclass_category_id`, `category_token`, `name`) VALUES (59, 58, '12IQ14', 'martyr(s) (often with palm-branches)');
INSERT INTO `FIPOP`.`iconclass_category` (`id`, `parent_iconclass_category_id`, `category_token`, `name`) VALUES (60, 59, '12IQ14A', 'Martyr, general');
INSERT INTO `FIPOP`.`iconclass_category` (`id`, `parent_iconclass_category_id`, `category_token`, `name`) VALUES (61, 59, '12IQ14B', 'Martyr in Frame');
INSERT INTO `FIPOP`.`iconclass_category` (`id`, `parent_iconclass_category_id`, `category_token`, `name`) VALUES (62, 59, '12IQ14C', 'Martyr with Country');
INSERT INTO `FIPOP`.`iconclass_category` (`id`, `parent_iconclass_category_id`, `category_token`, `name`) VALUES (63, 59, '12IQ14D', 'Martyrs, 9/11');
INSERT INTO `FIPOP`.`iconclass_category` (`id`, `parent_iconclass_category_id`, `category_token`, `name`) VALUES (64, 59, '12IQ14E', 'Martyr with Koran and Weapons');
INSERT INTO `FIPOP`.`iconclass_category` (`id`, `parent_iconclass_category_id`, `category_token`, `name`) VALUES (65, 59, '12IQQ14', 'martyr(s) (often with palm-branches) - QQ - female martyr');
INSERT INTO `FIPOP`.`iconclass_category` (`id`, `parent_iconclass_category_id`, `category_token`, `name`) VALUES (66, 57, '12IQA', 'Holy Places, general');
INSERT INTO `FIPOP`.`iconclass_category` (`id`, `parent_iconclass_category_id`, `category_token`, `name`) VALUES (67, 57, '12IQB', 'Dome of the Rock');
INSERT INTO `FIPOP`.`iconclass_category` (`id`, `parent_iconclass_category_id`, `category_token`, `name`) VALUES (68, 57, '12IQC', 'Al-Aqsa Mosque');
INSERT INTO `FIPOP`.`iconclass_category` (`id`, `parent_iconclass_category_id`, `category_token`, `name`) VALUES (69, 57, '12IQD', 'Kaaba');
INSERT INTO `FIPOP`.`iconclass_category` (`id`, `parent_iconclass_category_id`, `category_token`, `name`) VALUES (70, 27, '12IR', 'the life of man');
INSERT INTO `FIPOP`.`iconclass_category` (`id`, `parent_iconclass_category_id`, `category_token`, `name`) VALUES (71, 70, '12IR2', 'symbols of human life');
INSERT INTO `FIPOP`.`iconclass_category` (`id`, `parent_iconclass_category_id`, `category_token`, `name`) VALUES (72, 70, '12IR3', 'the course of life symbolized');
INSERT INTO `FIPOP`.`iconclass_category` (`id`, `parent_iconclass_category_id`, `category_token`, `name`) VALUES (73, 70, '12IR4', 'active vs. contemplative life');
INSERT INTO `FIPOP`.`iconclass_category` (`id`, `parent_iconclass_category_id`, `category_token`, `name`) VALUES (74, 70, '12IR5', 'the vanity of human life; ');
INSERT INTO `FIPOP`.`iconclass_category` (`id`, `parent_iconclass_category_id`, `category_token`, `name`) VALUES (75, 27, '12IS', 'heaven, celestial paradise');
INSERT INTO `FIPOP`.`iconclass_category` (`id`, `parent_iconclass_category_id`, `category_token`, `name`) VALUES (76, 75, '12IS1', 'representations of celestial paradise (and its inhabitants)');
INSERT INTO `FIPOP`.`iconclass_category` (`id`, `parent_iconclass_category_id`, `category_token`, `name`) VALUES (77, 75, '12IS2', 'symbols of heaven');
INSERT INTO `FIPOP`.`iconclass_category` (`id`, `parent_iconclass_category_id`, `category_token`, `name`) VALUES (78, 75, '12IS3', 'journey to heaven, pathway to heaven');
INSERT INTO `FIPOP`.`iconclass_category` (`id`, `parent_iconclass_category_id`, `category_token`, `name`) VALUES (79, 75, '12IS4', 'the gate of heaven, entrance to heaven, \'porta coeli\'');
INSERT INTO `FIPOP`.`iconclass_category` (`id`, `parent_iconclass_category_id`, `category_token`, `name`) VALUES (80, 75, '12IS5', 'reception of the blessed in heaven');
INSERT INTO `FIPOP`.`iconclass_category` (`id`, `parent_iconclass_category_id`, `category_token`, `name`) VALUES (81, 75, '12IS6', 'the blessed in heaven, and their activities');
INSERT INTO `FIPOP`.`iconclass_category` (`id`, `parent_iconclass_category_id`, `category_token`, `name`) VALUES (82, 75, '12ISA', 'Paradise, the Heavenly Garden');
INSERT INTO `FIPOP`.`iconclass_category` (`id`, `parent_iconclass_category_id`, `category_token`, `name`) VALUES (83, 27, '12IT', 'hell');
INSERT INTO `FIPOP`.`iconclass_category` (`id`, `parent_iconclass_category_id`, `category_token`, `name`) VALUES (84, 83, '12IT1', 'representations of hell (with the damned and devils), usually with burning fires');
INSERT INTO `FIPOP`.`iconclass_category` (`id`, `parent_iconclass_category_id`, `category_token`, `name`) VALUES (85, 83, '12IT2', 'symbols of hell');
INSERT INTO `FIPOP`.`iconclass_category` (`id`, `parent_iconclass_category_id`, `category_token`, `name`) VALUES (86, 83, '12IT3', 'journey to hell');
INSERT INTO `FIPOP`.`iconclass_category` (`id`, `parent_iconclass_category_id`, `category_token`, `name`) VALUES (87, 83, '12IT4', 'entrance of hell');
INSERT INTO `FIPOP`.`iconclass_category` (`id`, `parent_iconclass_category_id`, `category_token`, `name`) VALUES (88, 83, '12IT5', 'the damned souls, and their punishment');
INSERT INTO `FIPOP`.`iconclass_category` (`id`, `parent_iconclass_category_id`, `category_token`, `name`) VALUES (89, 83, '12ITA', 'Hell for Enemies of Jihad');
INSERT INTO `FIPOP`.`iconclass_category` (`id`, `parent_iconclass_category_id`, `category_token`, `name`) VALUES (90, 27, '12IU', 'Last Judgement');
INSERT INTO `FIPOP`.`iconclass_category` (`id`, `parent_iconclass_category_id`, `category_token`, `name`) VALUES (91, 90, '12IUA', 'The Path of the Koran');
INSERT INTO `FIPOP`.`iconclass_category` (`id`, `parent_iconclass_category_id`, `category_token`, `name`) VALUES (92, 1, '13', 'magic, supernaturalism, occultism');
INSERT INTO `FIPOP`.`iconclass_category` (`id`, `parent_iconclass_category_id`, `category_token`, `name`) VALUES (93, 92, '13B', 'witchcraft, sorcery');
INSERT INTO `FIPOP`.`iconclass_category` (`id`, `parent_iconclass_category_id`, `category_token`, `name`) VALUES (94, 92, '13C', 'magic signs and objects (numbers, words, etc.)');
INSERT INTO `FIPOP`.`iconclass_category` (`id`, `parent_iconclass_category_id`, `category_token`, `name`) VALUES (95, 92, '13D', 'enchantment (evil eye, transformation, healings, etc.)');
INSERT INTO `FIPOP`.`iconclass_category` (`id`, `parent_iconclass_category_id`, `category_token`, `name`) VALUES (96, 92, '13G', 'superstition, popular belief');
INSERT INTO `FIPOP`.`iconclass_category` (`id`, `parent_iconclass_category_id`, `category_token`, `name`) VALUES (97, NULL, '2', 'Nature');
INSERT INTO `FIPOP`.`iconclass_category` (`id`, `parent_iconclass_category_id`, `category_token`, `name`) VALUES (98, 97, '21', 'the four elements, and ether, the fifth element');
INSERT INTO `FIPOP`.`iconclass_category` (`id`, `parent_iconclass_category_id`, `category_token`, `name`) VALUES (99, 98, '21A', 'air (one of the four elements)');
INSERT INTO `FIPOP`.`iconclass_category` (`id`, `parent_iconclass_category_id`, `category_token`, `name`) VALUES (100, 98, '21B', 'earth (one of the four elements)');
INSERT INTO `FIPOP`.`iconclass_category` (`id`, `parent_iconclass_category_id`, `category_token`, `name`) VALUES (101, 98, '21C', 'fire (one of the four elements)');
INSERT INTO `FIPOP`.`iconclass_category` (`id`, `parent_iconclass_category_id`, `category_token`, `name`) VALUES (102, 98, '21D', 'water (one of the four elements)');
INSERT INTO `FIPOP`.`iconclass_category` (`id`, `parent_iconclass_category_id`, `category_token`, `name`) VALUES (103, 102, '21DA', 'Water Drop');
INSERT INTO `FIPOP`.`iconclass_category` (`id`, `parent_iconclass_category_id`, `category_token`, `name`) VALUES (104, 102, '21DB', 'Body of Water in Background');
INSERT INTO `FIPOP`.`iconclass_category` (`id`, `parent_iconclass_category_id`, `category_token`, `name`) VALUES (105, 102, '21DC', 'Water, figurative');
INSERT INTO `FIPOP`.`iconclass_category` (`id`, `parent_iconclass_category_id`, `category_token`, `name`) VALUES (106, 98, '21E', 'ether as \'quinta essentia\'');
INSERT INTO `FIPOP`.`iconclass_category` (`id`, `parent_iconclass_category_id`, `category_token`, `name`) VALUES (107, 97, '22', 'natural phenomena');
INSERT INTO `FIPOP`.`iconclass_category` (`id`, `parent_iconclass_category_id`, `category_token`, `name`) VALUES (108, 107, '22A', 'matter');
INSERT INTO `FIPOP`.`iconclass_category` (`id`, `parent_iconclass_category_id`, `category_token`, `name`) VALUES (109, 107, '22B', 'electricity and magnetism');
INSERT INTO `FIPOP`.`iconclass_category` (`id`, `parent_iconclass_category_id`, `category_token`, `name`) VALUES (110, 107, '22C', 'light');
INSERT INTO `FIPOP`.`iconclass_category` (`id`, `parent_iconclass_category_id`, `category_token`, `name`) VALUES (111, 110, '22C1', 'natural light');
INSERT INTO `FIPOP`.`iconclass_category` (`id`, `parent_iconclass_category_id`, `category_token`, `name`) VALUES (112, 110, '22C2', 'artificial light');
INSERT INTO `FIPOP`.`iconclass_category` (`id`, `parent_iconclass_category_id`, `category_token`, `name`) VALUES (113, 110, '22C3', 'supernatural light');
INSERT INTO `FIPOP`.`iconclass_category` (`id`, `parent_iconclass_category_id`, `category_token`, `name`) VALUES (114, 110, '22C4', 'colours, pigments, and paints');
INSERT INTO `FIPOP`.`iconclass_category` (`id`, `parent_iconclass_category_id`, `category_token`, `name`) VALUES (115, 114, '22C4(...)', 'colours, pigments, and paints (with NAME)');
INSERT INTO `FIPOP`.`iconclass_category` (`id`, `parent_iconclass_category_id`, `category_token`, `name`) VALUES (116, 115, '22C4(BLACK)', 'colours, pigments, and paints: black');
INSERT INTO `FIPOP`.`iconclass_category` (`id`, `parent_iconclass_category_id`, `category_token`, `name`) VALUES (117, 115, '22C4(BLUE)', 'colours, pigments, and paints: blue');
INSERT INTO `FIPOP`.`iconclass_category` (`id`, `parent_iconclass_category_id`, `category_token`, `name`) VALUES (118, 115, '22C4(GREEN)', 'colours, pigments, and paints: green');
INSERT INTO `FIPOP`.`iconclass_category` (`id`, `parent_iconclass_category_id`, `category_token`, `name`) VALUES (119, 115, '22C4(RED)', 'colours, pigments, and paints: red');
INSERT INTO `FIPOP`.`iconclass_category` (`id`, `parent_iconclass_category_id`, `category_token`, `name`) VALUES (120, 115, '22C4(WHITE)', 'colours, pigments, and paints: white');
INSERT INTO `FIPOP`.`iconclass_category` (`id`, `parent_iconclass_category_id`, `category_token`, `name`) VALUES (121, 110, '22C5', 'reflection (light in general)');
INSERT INTO `FIPOP`.`iconclass_category` (`id`, `parent_iconclass_category_id`, `category_token`, `name`) VALUES (122, 110, '22C6', 'transparency, translucency');
INSERT INTO `FIPOP`.`iconclass_category` (`id`, `parent_iconclass_category_id`, `category_token`, `name`) VALUES (123, 110, '22C8', 'shadow');
INSERT INTO `FIPOP`.`iconclass_category` (`id`, `parent_iconclass_category_id`, `category_token`, `name`) VALUES (124, 110, '22C9', 'darkness');
INSERT INTO `FIPOP`.`iconclass_category` (`id`, `parent_iconclass_category_id`, `category_token`, `name`) VALUES (125, 107, '22D', 'sound');
INSERT INTO `FIPOP`.`iconclass_category` (`id`, `parent_iconclass_category_id`, `category_token`, `name`) VALUES (126, 107, '22E', 'temperature');
INSERT INTO `FIPOP`.`iconclass_category` (`id`, `parent_iconclass_category_id`, `category_token`, `name`) VALUES (127, 97, '23', 'time');
INSERT INTO `FIPOP`.`iconclass_category` (`id`, `parent_iconclass_category_id`, `category_token`, `name`) VALUES (128, 127, '23A', 'allegory of Time and Eternity');
INSERT INTO `FIPOP`.`iconclass_category` (`id`, `parent_iconclass_category_id`, `category_token`, `name`) VALUES (129, 127, '23B', 'period of more than one year');
INSERT INTO `FIPOP`.`iconclass_category` (`id`, `parent_iconclass_category_id`, `category_token`, `name`) VALUES (130, 127, '23C', 'year, solar year');
INSERT INTO `FIPOP`.`iconclass_category` (`id`, `parent_iconclass_category_id`, `category_token`, `name`) VALUES (131, 130, '23C2', 'lunar year');
INSERT INTO `FIPOP`.`iconclass_category` (`id`, `parent_iconclass_category_id`, `category_token`, `name`) VALUES (132, 127, '23E', 'seasons of the year represented by scenes showing human activities, usually in a landscape');
INSERT INTO `FIPOP`.`iconclass_category` (`id`, `parent_iconclass_category_id`, `category_token`, `name`) VALUES (133, 127, '23F', 'seasons of the year represented by landscapes');
INSERT INTO `FIPOP`.`iconclass_category` (`id`, `parent_iconclass_category_id`, `category_token`, `name`) VALUES (134, 127, '23G', 'seasons of the year represented by still lifes of flowers and/or fruits');
INSERT INTO `FIPOP`.`iconclass_category` (`id`, `parent_iconclass_category_id`, `category_token`, `name`) VALUES (135, 127, '23H', 'seasons of the year represented by concepts other than personifications, human activities, landscapes, or still lifes of flowers and/or fruits (e.g. biblical scenes)');
INSERT INTO `FIPOP`.`iconclass_category` (`id`, `parent_iconclass_category_id`, `category_token`, `name`) VALUES (136, 127, '23P', 'weeks');
INSERT INTO `FIPOP`.`iconclass_category` (`id`, `parent_iconclass_category_id`, `category_token`, `name`) VALUES (137, 127, '23Q', 'days of the week');
INSERT INTO `FIPOP`.`iconclass_category` (`id`, `parent_iconclass_category_id`, `category_token`, `name`) VALUES (138, 127, '23R', 'day and night');
INSERT INTO `FIPOP`.`iconclass_category` (`id`, `parent_iconclass_category_id`, `category_token`, `name`) VALUES (139, 127, '23S', 'the empires of the world');
INSERT INTO `FIPOP`.`iconclass_category` (`id`, `parent_iconclass_category_id`, `category_token`, `name`) VALUES (140, 127, '23T', 'historical epochs');
INSERT INTO `FIPOP`.`iconclass_category` (`id`, `parent_iconclass_category_id`, `category_token`, `name`) VALUES (141, 127, '23U', 'chronology');
INSERT INTO `FIPOP`.`iconclass_category` (`id`, `parent_iconclass_category_id`, `category_token`, `name`) VALUES (142, 97, '24', 'the heavens (celestial bodies)');
INSERT INTO `FIPOP`.`iconclass_category` (`id`, `parent_iconclass_category_id`, `category_token`, `name`) VALUES (143, 142, '24A', 'sun as celestial body');
INSERT INTO `FIPOP`.`iconclass_category` (`id`, `parent_iconclass_category_id`, `category_token`, `name`) VALUES (144, 143, '24AA', 'Sun, figurative');
INSERT INTO `FIPOP`.`iconclass_category` (`id`, `parent_iconclass_category_id`, `category_token`, `name`) VALUES (145, 142, '24B', 'moon as celestial body');
INSERT INTO `FIPOP`.`iconclass_category` (`id`, `parent_iconclass_category_id`, `category_token`, `name`) VALUES (146, 145, '24B1', 'waxing moon, i.e. facing this way: )');
INSERT INTO `FIPOP`.`iconclass_category` (`id`, `parent_iconclass_category_id`, `category_token`, `name`) VALUES (147, 145, '24B3', 'waning moon, i.e. facing this way: (');
INSERT INTO `FIPOP`.`iconclass_category` (`id`, `parent_iconclass_category_id`, `category_token`, `name`) VALUES (148, 145, '24BA', 'White Crescent');
INSERT INTO `FIPOP`.`iconclass_category` (`id`, `parent_iconclass_category_id`, `category_token`, `name`) VALUES (149, 145, '24BB', 'White Crescent in Sky');
INSERT INTO `FIPOP`.`iconclass_category` (`id`, `parent_iconclass_category_id`, `category_token`, `name`) VALUES (150, 145, '24BC', 'Green Crescent');
INSERT INTO `FIPOP`.`iconclass_category` (`id`, `parent_iconclass_category_id`, `category_token`, `name`) VALUES (151, 142, '24C', 'planets (except the earth)');
INSERT INTO `FIPOP`.`iconclass_category` (`id`, `parent_iconclass_category_id`, `category_token`, `name`) VALUES (152, 142, '24D', 'stars');
INSERT INTO `FIPOP`.`iconclass_category` (`id`, `parent_iconclass_category_id`, `category_token`, `name`) VALUES (153, 142, '24E', 'astronomical phenomena');
INSERT INTO `FIPOP`.`iconclass_category` (`id`, `parent_iconclass_category_id`, `category_token`, `name`) VALUES (154, 142, '24F', 'firmament, sky');
INSERT INTO `FIPOP`.`iconclass_category` (`id`, `parent_iconclass_category_id`, `category_token`, `name`) VALUES (155, 142, '24G', 'spheres ~ heavens');
INSERT INTO `FIPOP`.`iconclass_category` (`id`, `parent_iconclass_category_id`, `category_token`, `name`) VALUES (156, 97, '25', 'earth, world as celestial body');
INSERT INTO `FIPOP`.`iconclass_category` (`id`, `parent_iconclass_category_id`, `category_token`, `name`) VALUES (157, 156, '25A', 'maps, atlases');
INSERT INTO `FIPOP`.`iconclass_category` (`id`, `parent_iconclass_category_id`, `category_token`, `name`) VALUES (158, 157, '25A1', 'map of the world');
INSERT INTO `FIPOP`.`iconclass_category` (`id`, `parent_iconclass_category_id`, `category_token`, `name`) VALUES (159, 158, '25A13', 'globe');
INSERT INTO `FIPOP`.`iconclass_category` (`id`, `parent_iconclass_category_id`, `category_token`, `name`) VALUES (160, 159, '25A13A', 'Globe, figurative');
INSERT INTO `FIPOP`.`iconclass_category` (`id`, `parent_iconclass_category_id`, `category_token`, `name`) VALUES (161, 156, '25C', 'geological phenomena');
INSERT INTO `FIPOP`.`iconclass_category` (`id`, `parent_iconclass_category_id`, `category_token`, `name`) VALUES (162, 156, '25D', 'rock types; minerals and metals; soil types');
INSERT INTO `FIPOP`.`iconclass_category` (`id`, `parent_iconclass_category_id`, `category_token`, `name`) VALUES (163, 156, '25E', 'geological-chronological division; historical geology; geological era');
INSERT INTO `FIPOP`.`iconclass_category` (`id`, `parent_iconclass_category_id`, `category_token`, `name`) VALUES (164, 156, '25F', 'animals');
INSERT INTO `FIPOP`.`iconclass_category` (`id`, `parent_iconclass_category_id`, `category_token`, `name`) VALUES (165, 164, '25F2', 'mammals');
INSERT INTO `FIPOP`.`iconclass_category` (`id`, `parent_iconclass_category_id`, `category_token`, `name`) VALUES (166, 165, '25F23', 'beasts of prey, predatory animals');
INSERT INTO `FIPOP`.`iconclass_category` (`id`, `parent_iconclass_category_id`, `category_token`, `name`) VALUES (167, 166, '25F23(...)', 'beasts of prey, predatory animals (with NAME)');
INSERT INTO `FIPOP`.`iconclass_category` (`id`, `parent_iconclass_category_id`, `category_token`, `name`) VALUES (168, 167, '25F23(LION)', 'beasts of prey, predatory animals: lion ');
INSERT INTO `FIPOP`.`iconclass_category` (`id`, `parent_iconclass_category_id`, `category_token`, `name`) VALUES (169, 168, '25F23A(LION)', 'Lion, figurative');
INSERT INTO `FIPOP`.`iconclass_category` (`id`, `parent_iconclass_category_id`, `category_token`, `name`) VALUES (170, 165, '25F24', 'hoofed animals');
INSERT INTO `FIPOP`.`iconclass_category` (`id`, `parent_iconclass_category_id`, `category_token`, `name`) VALUES (171, 170, '25F24A', 'Horse, general');
INSERT INTO `FIPOP`.`iconclass_category` (`id`, `parent_iconclass_category_id`, `category_token`, `name`) VALUES (172, 170, '25F24B', 'Horse Herd');
INSERT INTO `FIPOP`.`iconclass_category` (`id`, `parent_iconclass_category_id`, `category_token`, `name`) VALUES (173, 170, '25F24C', 'Horse with Rider');
INSERT INTO `FIPOP`.`iconclass_category` (`id`, `parent_iconclass_category_id`, `category_token`, `name`) VALUES (174, 170, '25F24D', 'Black Horse');
INSERT INTO `FIPOP`.`iconclass_category` (`id`, `parent_iconclass_category_id`, `category_token`, `name`) VALUES (175, 170, '25F24E', 'White Horse');
INSERT INTO `FIPOP`.`iconclass_category` (`id`, `parent_iconclass_category_id`, `category_token`, `name`) VALUES (176, 170, '25F24F', 'Camel');
INSERT INTO `FIPOP`.`iconclass_category` (`id`, `parent_iconclass_category_id`, `category_token`, `name`) VALUES (177, 164, '25F3', 'birds');
INSERT INTO `FIPOP`.`iconclass_category` (`id`, `parent_iconclass_category_id`, `category_token`, `name`) VALUES (178, 177, '25F33', 'predatory birds');
INSERT INTO `FIPOP`.`iconclass_category` (`id`, `parent_iconclass_category_id`, `category_token`, `name`) VALUES (179, 178, '25F33(...)', 'predatory birds (with NAME)');
INSERT INTO `FIPOP`.`iconclass_category` (`id`, `parent_iconclass_category_id`, `category_token`, `name`) VALUES (180, 179, '25F33(FALCON)', 'predatory birds: falcon');
INSERT INTO `FIPOP`.`iconclass_category` (`id`, `parent_iconclass_category_id`, `category_token`, `name`) VALUES (181, 179, '25F33(EAGLE)', 'predatory birds: eagle');
INSERT INTO `FIPOP`.`iconclass_category` (`id`, `parent_iconclass_category_id`, `category_token`, `name`) VALUES (182, 177, '25F39', 'other birds');
INSERT INTO `FIPOP`.`iconclass_category` (`id`, `parent_iconclass_category_id`, `category_token`, `name`) VALUES (183, 182, '25F39(...)', 'other birds (with NAME)');
INSERT INTO `FIPOP`.`iconclass_category` (`id`, `parent_iconclass_category_id`, `category_token`, `name`) VALUES (184, 183, '25F39(DOVE)', 'other birds: dove');
INSERT INTO `FIPOP`.`iconclass_category` (`id`, `parent_iconclass_category_id`, `category_token`, `name`) VALUES (185, 164, '25F4', 'reptiles');
INSERT INTO `FIPOP`.`iconclass_category` (`id`, `parent_iconclass_category_id`, `category_token`, `name`) VALUES (186, 185, '25F42', 'snakes');
INSERT INTO `FIPOP`.`iconclass_category` (`id`, `parent_iconclass_category_id`, `category_token`, `name`) VALUES (187, 156, '25G', 'plants; vegetation');
INSERT INTO `FIPOP`.`iconclass_category` (`id`, `parent_iconclass_category_id`, `category_token`, `name`) VALUES (188, 187, '25G3', 'trees');
INSERT INTO `FIPOP`.`iconclass_category` (`id`, `parent_iconclass_category_id`, `category_token`, `name`) VALUES (189, 188, '25G3(...)', 'trees (with NAME)');
INSERT INTO `FIPOP`.`iconclass_category` (`id`, `parent_iconclass_category_id`, `category_token`, `name`) VALUES (190, 189, '25G3(PALM-TREE)', 'trees: palm-tree');
INSERT INTO `FIPOP`.`iconclass_category` (`id`, `parent_iconclass_category_id`, `category_token`, `name`) VALUES (191, 187, '25G4', 'plants and herbs');
INSERT INTO `FIPOP`.`iconclass_category` (`id`, `parent_iconclass_category_id`, `category_token`, `name`) VALUES (192, 191, '25G41', 'flowers');
INSERT INTO `FIPOP`.`iconclass_category` (`id`, `parent_iconclass_category_id`, `category_token`, `name`) VALUES (193, 192, '25G41(ROSE)', 'flowers: rose');
INSERT INTO `FIPOP`.`iconclass_category` (`id`, `parent_iconclass_category_id`, `category_token`, `name`) VALUES (194, 193, '25G41(ROSE)(+0)', 'flowers: rose (+ variant)');
INSERT INTO `FIPOP`.`iconclass_category` (`id`, `parent_iconclass_category_id`, `category_token`, `name`) VALUES (195, 194, '25G41(ROSE)(+0)(RED)', 'flowers: rose, red');
INSERT INTO `FIPOP`.`iconclass_category` (`id`, `parent_iconclass_category_id`, `category_token`, `name`) VALUES (196, 194, '25G41(ROSE)(+0)(WHITE)', 'flowers: rose, white');
INSERT INTO `FIPOP`.`iconclass_category` (`id`, `parent_iconclass_category_id`, `category_token`, `name`) VALUES (197, 192, '25G41(+0)', 'flowers (+ variant)');
INSERT INTO `FIPOP`.`iconclass_category` (`id`, `parent_iconclass_category_id`, `category_token`, `name`) VALUES (198, 197, '25G41(+0)(RED)', 'flowers: red');
INSERT INTO `FIPOP`.`iconclass_category` (`id`, `parent_iconclass_category_id`, `category_token`, `name`) VALUES (199, 187, '25GA', 'greenery, general');
INSERT INTO `FIPOP`.`iconclass_category` (`id`, `parent_iconclass_category_id`, `category_token`, `name`) VALUES (200, 156, '25H', 'landscapes');
INSERT INTO `FIPOP`.`iconclass_category` (`id`, `parent_iconclass_category_id`, `category_token`, `name`) VALUES (201, 200, '25H1', 'landscapes in the temperate zone');
INSERT INTO `FIPOP`.`iconclass_category` (`id`, `parent_iconclass_category_id`, `category_token`, `name`) VALUES (202, 201, '25H11', 'mountains');
INSERT INTO `FIPOP`.`iconclass_category` (`id`, `parent_iconclass_category_id`, `category_token`, `name`) VALUES (203, 202, '25H11A', 'mountains, figurative');
INSERT INTO `FIPOP`.`iconclass_category` (`id`, `parent_iconclass_category_id`, `category_token`, `name`) VALUES (204, 200, '25H2', 'landscapes with waters, waterscapes, seascapes (in the temperate zone)');
INSERT INTO `FIPOP`.`iconclass_category` (`id`, `parent_iconclass_category_id`, `category_token`, `name`) VALUES (205, 204, '25H21', 'water course');
INSERT INTO `FIPOP`.`iconclass_category` (`id`, `parent_iconclass_category_id`, `category_token`, `name`) VALUES (206, 205, '25H216', 'waterfall');
INSERT INTO `FIPOP`.`iconclass_category` (`id`, `parent_iconclass_category_id`, `category_token`, `name`) VALUES (207, 156, '25I', 'city-view, and landscape with man-made constructions');
INSERT INTO `FIPOP`.`iconclass_category` (`id`, `parent_iconclass_category_id`, `category_token`, `name`) VALUES (208, 156, '25K', 'landscapes in the non-temperate zone, exotic landscapes');
INSERT INTO `FIPOP`.`iconclass_category` (`id`, `parent_iconclass_category_id`, `category_token`, `name`) VALUES (209, 208, '25K1', 'landscapes in tropical and sub-tropical regions');
INSERT INTO `FIPOP`.`iconclass_category` (`id`, `parent_iconclass_category_id`, `category_token`, `name`) VALUES (210, 209, '25K16', 'desert');
INSERT INTO `FIPOP`.`iconclass_category` (`id`, `parent_iconclass_category_id`, `category_token`, `name`) VALUES (211, 210, '25K16(+0)', 'desert (+ variant)');
INSERT INTO `FIPOP`.`iconclass_category` (`id`, `parent_iconclass_category_id`, `category_token`, `name`) VALUES (212, 211, '25K16(+0)(SANDY)', 'desert: sandy');
INSERT INTO `FIPOP`.`iconclass_category` (`id`, `parent_iconclass_category_id`, `category_token`, `name`) VALUES (213, 211, '25K16(+0)(ROCKY)', 'desert: rocky');
INSERT INTO `FIPOP`.`iconclass_category` (`id`, `parent_iconclass_category_id`, `category_token`, `name`) VALUES (214, 97, '26', 'meteorological phenomena');
INSERT INTO `FIPOP`.`iconclass_category` (`id`, `parent_iconclass_category_id`, `category_token`, `name`) VALUES (215, 214, '26A', 'clouds');
INSERT INTO `FIPOP`.`iconclass_category` (`id`, `parent_iconclass_category_id`, `category_token`, `name`) VALUES (216, 214, '26B', 'rain');
INSERT INTO `FIPOP`.`iconclass_category` (`id`, `parent_iconclass_category_id`, `category_token`, `name`) VALUES (217, 214, '26C', 'winds');
INSERT INTO `FIPOP`.`iconclass_category` (`id`, `parent_iconclass_category_id`, `category_token`, `name`) VALUES (218, 217, '26C3', 'storm');
INSERT INTO `FIPOP`.`iconclass_category` (`id`, `parent_iconclass_category_id`, `category_token`, `name`) VALUES (219, 218, '26C33', 'sandstorm');
INSERT INTO `FIPOP`.`iconclass_category` (`id`, `parent_iconclass_category_id`, `category_token`, `name`) VALUES (220, 214, '26D', 'frost, freezing weather');
INSERT INTO `FIPOP`.`iconclass_category` (`id`, `parent_iconclass_category_id`, `category_token`, `name`) VALUES (221, 214, '26E', 'thunderstorm');
INSERT INTO `FIPOP`.`iconclass_category` (`id`, `parent_iconclass_category_id`, `category_token`, `name`) VALUES (222, 214, '26F', 'good and bad weather');
INSERT INTO `FIPOP`.`iconclass_category` (`id`, `parent_iconclass_category_id`, `category_token`, `name`) VALUES (223, 214, '26G', 'mirage, \'fata morgana\'');
INSERT INTO `FIPOP`.`iconclass_category` (`id`, `parent_iconclass_category_id`, `category_token`, `name`) VALUES (224, 214, '26H', 'still other meteorological phenomena');
INSERT INTO `FIPOP`.`iconclass_category` (`id`, `parent_iconclass_category_id`, `category_token`, `name`) VALUES (225, 97, '29', 'surrealia, surrealistic representations');
INSERT INTO `FIPOP`.`iconclass_category` (`id`, `parent_iconclass_category_id`, `category_token`, `name`) VALUES (226, 225, '29A', 'animals acting as human beings');
INSERT INTO `FIPOP`.`iconclass_category` (`id`, `parent_iconclass_category_id`, `category_token`, `name`) VALUES (227, 225, '29B', 'plants behaving as human beings or animals');
INSERT INTO `FIPOP`.`iconclass_category` (`id`, `parent_iconclass_category_id`, `category_token`, `name`) VALUES (228, 225, '29C', 'objects coming to life, e.g. puppets');
INSERT INTO `FIPOP`.`iconclass_category` (`id`, `parent_iconclass_category_id`, `category_token`, `name`) VALUES (229, 225, '29D', 'natural forms in stones, wood, clouds, etc. interpreted as representations');
INSERT INTO `FIPOP`.`iconclass_category` (`id`, `parent_iconclass_category_id`, `category_token`, `name`) VALUES (230, NULL, '3', 'Human Being, Man in General');
INSERT INTO `FIPOP`.`iconclass_category` (`id`, `parent_iconclass_category_id`, `category_token`, `name`) VALUES (231, 230, '31', 'man in a general biological sense');
INSERT INTO `FIPOP`.`iconclass_category` (`id`, `parent_iconclass_category_id`, `category_token`, `name`) VALUES (232, 231, '31A', 'the (nude) human figure; \'Corpo humano\' (Ripa)');
INSERT INTO `FIPOP`.`iconclass_category` (`id`, `parent_iconclass_category_id`, `category_token`, `name`) VALUES (233, 232, '31A2', 'anatomy (non-medical)');
INSERT INTO `FIPOP`.`iconclass_category` (`id`, `parent_iconclass_category_id`, `category_token`, `name`) VALUES (234, 233, '31A25', 'postures and gestures of arms and hands');
INSERT INTO `FIPOP`.`iconclass_category` (`id`, `parent_iconclass_category_id`, `category_token`, `name`) VALUES (235, 234, '31A254', 'postures and gestures of arm(s) and hand(s) in relation to another person');
INSERT INTO `FIPOP`.`iconclass_category` (`id`, `parent_iconclass_category_id`, `category_token`, `name`) VALUES (236, 235, '31A2543', 'gripping someone by the hand or the wrist; clasped hands');
INSERT INTO `FIPOP`.`iconclass_category` (`id`, `parent_iconclass_category_id`, `category_token`, `name`) VALUES (237, 236, '31A25431', 'three or more clasped hands, meaning \'Unity is Strength\'');
INSERT INTO `FIPOP`.`iconclass_category` (`id`, `parent_iconclass_category_id`, `category_token`, `name`) VALUES (238, 236, '31A2543A', 'Clasped Hands, Unity');
INSERT INTO `FIPOP`.`iconclass_category` (`id`, `parent_iconclass_category_id`, `category_token`, `name`) VALUES (239, 231, '31B', 'mind, spirit');
INSERT INTO `FIPOP`.`iconclass_category` (`id`, `parent_iconclass_category_id`, `category_token`, `name`) VALUES (240, 231, '31C', 'spirit (or soul) versus body');
INSERT INTO `FIPOP`.`iconclass_category` (`id`, `parent_iconclass_category_id`, `category_token`, `name`) VALUES (241, 231, '31D', 'human life and its ages (young, adult, old, etc.)');
INSERT INTO `FIPOP`.`iconclass_category` (`id`, `parent_iconclass_category_id`, `category_token`, `name`) VALUES (242, 231, '31E', 'death of human being');
INSERT INTO `FIPOP`.`iconclass_category` (`id`, `parent_iconclass_category_id`, `category_token`, `name`) VALUES (243, 231, '31F', 'symbols and personifications of Death');
INSERT INTO `FIPOP`.`iconclass_category` (`id`, `parent_iconclass_category_id`, `category_token`, `name`) VALUES (244, 231, '31G', 'the soul');
INSERT INTO `FIPOP`.`iconclass_category` (`id`, `parent_iconclass_category_id`, `category_token`, `name`) VALUES (245, 231, '311', 'Women');
INSERT INTO `FIPOP`.`iconclass_category` (`id`, `parent_iconclass_category_id`, `category_token`, `name`) VALUES (246, 231, '312', 'Children');
INSERT INTO `FIPOP`.`iconclass_category` (`id`, `parent_iconclass_category_id`, `category_token`, `name`) VALUES (247, 230, '32', 'human types; peoples and nationalities');
INSERT INTO `FIPOP`.`iconclass_category` (`id`, `parent_iconclass_category_id`, `category_token`, `name`) VALUES (248, 247, '32A', 'human types');
INSERT INTO `FIPOP`.`iconclass_category` (`id`, `parent_iconclass_category_id`, `category_token`, `name`) VALUES (249, 247, '32B', 'human races; peoples; nationalities');
INSERT INTO `FIPOP`.`iconclass_category` (`id`, `parent_iconclass_category_id`, `category_token`, `name`) VALUES (250, 247, '32C', 'scientific classification of human races');
INSERT INTO `FIPOP`.`iconclass_category` (`id`, `parent_iconclass_category_id`, `category_token`, `name`) VALUES (251, 230, '33', 'relations between individual persons');
INSERT INTO `FIPOP`.`iconclass_category` (`id`, `parent_iconclass_category_id`, `category_token`, `name`) VALUES (252, 251, '33A', 'non-aggressive relationships');
INSERT INTO `FIPOP`.`iconclass_category` (`id`, `parent_iconclass_category_id`, `category_token`, `name`) VALUES (253, 251, '33B', 'aggressive relationships, enmity, animosity');
INSERT INTO `FIPOP`.`iconclass_category` (`id`, `parent_iconclass_category_id`, `category_token`, `name`) VALUES (254, 251, '33C', 'relations between the sexes');
INSERT INTO `FIPOP`.`iconclass_category` (`id`, `parent_iconclass_category_id`, `category_token`, `name`) VALUES (255, 230, '34', 'man and animal');
INSERT INTO `FIPOP`.`iconclass_category` (`id`, `parent_iconclass_category_id`, `category_token`, `name`) VALUES (256, 255, '34A', 'taming and training of animals');
INSERT INTO `FIPOP`.`iconclass_category` (`id`, `parent_iconclass_category_id`, `category_token`, `name`) VALUES (257, 255, '34B', 'domestic animals, kept in and outside the house');
INSERT INTO `FIPOP`.`iconclass_category` (`id`, `parent_iconclass_category_id`, `category_token`, `name`) VALUES (258, 255, '34C', 'protection of animals');
INSERT INTO `FIPOP`.`iconclass_category` (`id`, `parent_iconclass_category_id`, `category_token`, `name`) VALUES (259, 255, '34D', 'control and eradication of injurious animals');
INSERT INTO `FIPOP`.`iconclass_category` (`id`, `parent_iconclass_category_id`, `category_token`, `name`) VALUES (260, 255, '34E', 'restraint of animals');
INSERT INTO `FIPOP`.`iconclass_category` (`id`, `parent_iconclass_category_id`, `category_token`, `name`) VALUES (261, 255, '34F', 'man and (wild) animal');
INSERT INTO `FIPOP`.`iconclass_category` (`id`, `parent_iconclass_category_id`, `category_token`, `name`) VALUES (262, 255, '34G', 'man disguised as animal');
INSERT INTO `FIPOP`.`iconclass_category` (`id`, `parent_iconclass_category_id`, `category_token`, `name`) VALUES (263, NULL, '4', 'Society, Civilization, Culture');
INSERT INTO `FIPOP`.`iconclass_category` (`id`, `parent_iconclass_category_id`, `category_token`, `name`) VALUES (264, 263, '41', 'material aspects of daily life');
INSERT INTO `FIPOP`.`iconclass_category` (`id`, `parent_iconclass_category_id`, `category_token`, `name`) VALUES (265, 264, '41A', 'housing');
INSERT INTO `FIPOP`.`iconclass_category` (`id`, `parent_iconclass_category_id`, `category_token`, `name`) VALUES (266, 264, '41B', 'heating and lighting');
INSERT INTO `FIPOP`.`iconclass_category` (`id`, `parent_iconclass_category_id`, `category_token`, `name`) VALUES (267, 264, '41C', 'nutrition, nourishment');
INSERT INTO `FIPOP`.`iconclass_category` (`id`, `parent_iconclass_category_id`, `category_token`, `name`) VALUES (268, 264, '41D', 'fashion, clothing');
INSERT INTO `FIPOP`.`iconclass_category` (`id`, `parent_iconclass_category_id`, `category_token`, `name`) VALUES (269, 264, '41E', 'still life of miscellaneous objects');
INSERT INTO `FIPOP`.`iconclass_category` (`id`, `parent_iconclass_category_id`, `category_token`, `name`) VALUES (270, 263, '42', 'family, descendance');
INSERT INTO `FIPOP`.`iconclass_category` (`id`, `parent_iconclass_category_id`, `category_token`, `name`) VALUES (271, 270, '42A', 'procreation, birth and (early) youth');
INSERT INTO `FIPOP`.`iconclass_category` (`id`, `parent_iconclass_category_id`, `category_token`, `name`) VALUES (272, 270, '42B', 'parents with their children');
INSERT INTO `FIPOP`.`iconclass_category` (`id`, `parent_iconclass_category_id`, `category_token`, `name`) VALUES (273, 270, '42C', 'period of adolescence');
INSERT INTO `FIPOP`.`iconclass_category` (`id`, `parent_iconclass_category_id`, `category_token`, `name`) VALUES (274, 270, '42D', 'betrothal and marriage');
INSERT INTO `FIPOP`.`iconclass_category` (`id`, `parent_iconclass_category_id`, `category_token`, `name`) VALUES (275, 270, '42E', 'burial rites');
INSERT INTO `FIPOP`.`iconclass_category` (`id`, `parent_iconclass_category_id`, `category_token`, `name`) VALUES (276, 270, '42F', 'household management; housewife at work');
INSERT INTO `FIPOP`.`iconclass_category` (`id`, `parent_iconclass_category_id`, `category_token`, `name`) VALUES (277, 270, '42G', 'family, relationship, descent');
INSERT INTO `FIPOP`.`iconclass_category` (`id`, `parent_iconclass_category_id`, `category_token`, `name`) VALUES (278, 270, '42Z', 'exotic and non-monogamous family forms');
INSERT INTO `FIPOP`.`iconclass_category` (`id`, `parent_iconclass_category_id`, `category_token`, `name`) VALUES (279, 263, '43', 'recreation, amusement');
INSERT INTO `FIPOP`.`iconclass_category` (`id`, `parent_iconclass_category_id`, `category_token`, `name`) VALUES (280, 279, '43A', 'festivities');
INSERT INTO `FIPOP`.`iconclass_category` (`id`, `parent_iconclass_category_id`, `category_token`, `name`) VALUES (281, 279, '43B', 'recreation');
INSERT INTO `FIPOP`.`iconclass_category` (`id`, `parent_iconclass_category_id`, `category_token`, `name`) VALUES (282, 279, '43C', 'sports, games and physical performances');
INSERT INTO `FIPOP`.`iconclass_category` (`id`, `parent_iconclass_category_id`, `category_token`, `name`) VALUES (283, 279, '43D', 'other leisure time activities');
INSERT INTO `FIPOP`.`iconclass_category` (`id`, `parent_iconclass_category_id`, `category_token`, `name`) VALUES (284, 263, '44', 'state; law; political life');
INSERT INTO `FIPOP`.`iconclass_category` (`id`, `parent_iconclass_category_id`, `category_token`, `name`) VALUES (285, 284, '44A', 'symbols of the state (in general)');
INSERT INTO `FIPOP`.`iconclass_category` (`id`, `parent_iconclass_category_id`, `category_token`, `name`) VALUES (286, 285, '44A3', 'flag, colours (as symbol of the state, etc.)');
INSERT INTO `FIPOP`.`iconclass_category` (`id`, `parent_iconclass_category_id`, `category_token`, `name`) VALUES (287, 286, '44A3A', 'The Black Flag, al-raya');
INSERT INTO `FIPOP`.`iconclass_category` (`id`, `parent_iconclass_category_id`, `category_token`, `name`) VALUES (288, 286, '44A3B', 'State with Battle Flag');
INSERT INTO `FIPOP`.`iconclass_category` (`id`, `parent_iconclass_category_id`, `category_token`, `name`) VALUES (289, 286, '44A3C', 'White Flag  al-liwaa');
INSERT INTO `FIPOP`.`iconclass_category` (`id`, `parent_iconclass_category_id`, `category_token`, `name`) VALUES (290, 286, '44A3D', 'Green Flag, general');
INSERT INTO `FIPOP`.`iconclass_category` (`id`, `parent_iconclass_category_id`, `category_token`, `name`) VALUES (291, 286, '44A3E', 'Green Flag, Saudi');
INSERT INTO `FIPOP`.`iconclass_category` (`id`, `parent_iconclass_category_id`, `category_token`, `name`) VALUES (292, 286, '44A3F', 'Flags Combined');
INSERT INTO `FIPOP`.`iconclass_category` (`id`, `parent_iconclass_category_id`, `category_token`, `name`) VALUES (293, 286, '44A3G', 'American Flag');
INSERT INTO `FIPOP`.`iconclass_category` (`id`, `parent_iconclass_category_id`, `category_token`, `name`) VALUES (294, 293, '44A3GA', 'Stars and Stripes / Star spangled banner');
INSERT INTO `FIPOP`.`iconclass_category` (`id`, `parent_iconclass_category_id`, `category_token`, `name`) VALUES (295, 286, '44A3H', 'British Flag');
INSERT INTO `FIPOP`.`iconclass_category` (`id`, `parent_iconclass_category_id`, `category_token`, `name`) VALUES (296, 286, '44A3I', 'Israeli Flag');
INSERT INTO `FIPOP`.`iconclass_category` (`id`, `parent_iconclass_category_id`, `category_token`, `name`) VALUES (297, 286, '44A3J', 'Flag of the United Nations');
INSERT INTO `FIPOP`.`iconclass_category` (`id`, `parent_iconclass_category_id`, `category_token`, `name`) VALUES (298, 284, '44B', 'government, the State; \'Politica\', \'Auttorit o Potest\' (Ripa)');
INSERT INTO `FIPOP`.`iconclass_category` (`id`, `parent_iconclass_category_id`, `category_token`, `name`) VALUES (299, 298, '44B0', 'governmental systems');
INSERT INTO `FIPOP`.`iconclass_category` (`id`, `parent_iconclass_category_id`, `category_token`, `name`) VALUES (300, 299, '44B09', 'dictatorial government, tyranny; \'Tirannide\' (Ripa)');
INSERT INTO `FIPOP`.`iconclass_category` (`id`, `parent_iconclass_category_id`, `category_token`, `name`) VALUES (301, 300, '44B09(+0)', 'dictatorial government, tyranny; \'Tirannide\' (Ripa) (+ variant)');
INSERT INTO `FIPOP`.`iconclass_category` (`id`, `parent_iconclass_category_id`, `category_token`, `name`) VALUES (302, 301, '44B09(+0)(OPPRESSION)', 'dictatorial government, tyranny; \'Tirannide\' (Ripa): oppression');
INSERT INTO `FIPOP`.`iconclass_category` (`id`, `parent_iconclass_category_id`, `category_token`, `name`) VALUES (303, 298, '44B1', 'ruler, sovereign');
INSERT INTO `FIPOP`.`iconclass_category` (`id`, `parent_iconclass_category_id`, `category_token`, `name`) VALUES (304, 303, '44B11', 'ranks ~ rulers, sovereigns');
INSERT INTO `FIPOP`.`iconclass_category` (`id`, `parent_iconclass_category_id`, `category_token`, `name`) VALUES (305, 304, '44B111', 'series of rulers ');
INSERT INTO `FIPOP`.`iconclass_category` (`id`, `parent_iconclass_category_id`, `category_token`, `name`) VALUES (306, 305, '44B1111', 'dynasty');
INSERT INTO `FIPOP`.`iconclass_category` (`id`, `parent_iconclass_category_id`, `category_token`, `name`) VALUES (307, 306, '44B1111A', 'Umayyad Caliphate');
INSERT INTO `FIPOP`.`iconclass_category` (`id`, `parent_iconclass_category_id`, `category_token`, `name`) VALUES (308, 306, '44B1111B', 'Abbaside Caliphate');
INSERT INTO `FIPOP`.`iconclass_category` (`id`, `parent_iconclass_category_id`, `category_token`, `name`) VALUES (309, 306, '44B1111C', 'Fatimid Caliphate');
INSERT INTO `FIPOP`.`iconclass_category` (`id`, `parent_iconclass_category_id`, `category_token`, `name`) VALUES (310, 306, '44B1111D', 'Ottoman Caliphate');
INSERT INTO `FIPOP`.`iconclass_category` (`id`, `parent_iconclass_category_id`, `category_token`, `name`) VALUES (311, 306, '44B1111E', 'Safavides Dynasty');
INSERT INTO `FIPOP`.`iconclass_category` (`id`, `parent_iconclass_category_id`, `category_token`, `name`) VALUES (312, 304, '44B112', 'emperor');
INSERT INTO `FIPOP`.`iconclass_category` (`id`, `parent_iconclass_category_id`, `category_token`, `name`) VALUES (313, 304, '44B113', 'king ');
INSERT INTO `FIPOP`.`iconclass_category` (`id`, `parent_iconclass_category_id`, `category_token`, `name`) VALUES (314, 313, '44B113A', 'Abdullah II of Jordan');
INSERT INTO `FIPOP`.`iconclass_category` (`id`, `parent_iconclass_category_id`, `category_token`, `name`) VALUES (315, 313, '44B113B', 'Muhammad Bin Salman');
INSERT INTO `FIPOP`.`iconclass_category` (`id`, `parent_iconclass_category_id`, `category_token`, `name`) VALUES (316, 304, '44B114', 'other sovereign');
INSERT INTO `FIPOP`.`iconclass_category` (`id`, `parent_iconclass_category_id`, `category_token`, `name`) VALUES (317, 304, '44B115', 'president ~ head of republic ');
INSERT INTO `FIPOP`.`iconclass_category` (`id`, `parent_iconclass_category_id`, `category_token`, `name`) VALUES (318, 317, '44B115A', 'Barack Obama');
INSERT INTO `FIPOP`.`iconclass_category` (`id`, `parent_iconclass_category_id`, `category_token`, `name`) VALUES (319, 317, '44B115B', 'Vladimir Putin');
INSERT INTO `FIPOP`.`iconclass_category` (`id`, `parent_iconclass_category_id`, `category_token`, `name`) VALUES (320, 317, '44B115C', 'Recep Tayyip Erdogan');
INSERT INTO `FIPOP`.`iconclass_category` (`id`, `parent_iconclass_category_id`, `category_token`, `name`) VALUES (321, 317, '44B115D', 'Hosni Mubarak');
INSERT INTO `FIPOP`.`iconclass_category` (`id`, `parent_iconclass_category_id`, `category_token`, `name`) VALUES (322, 317, '44B115E', 'Muhammad Mursi');
INSERT INTO `FIPOP`.`iconclass_category` (`id`, `parent_iconclass_category_id`, `category_token`, `name`) VALUES (323, 304, '44B116', 'regent, substitute ruler; viceroy ');
INSERT INTO `FIPOP`.`iconclass_category` (`id`, `parent_iconclass_category_id`, `category_token`, `name`) VALUES (324, 304, '44B117', 'feudal lord');
INSERT INTO `FIPOP`.`iconclass_category` (`id`, `parent_iconclass_category_id`, `category_token`, `name`) VALUES (325, 304, '44B119', 'tyrant, dictator');
INSERT INTO `FIPOP`.`iconclass_category` (`id`, `parent_iconclass_category_id`, `category_token`, `name`) VALUES (326, 304, '44BB11', 'ranks ~ rulers, sovereigns - BB - female ruler');
INSERT INTO `FIPOP`.`iconclass_category` (`id`, `parent_iconclass_category_id`, `category_token`, `name`) VALUES (327, 303, '44B1A', 'Jihadi Religious/Strategic Leaders');
INSERT INTO `FIPOP`.`iconclass_category` (`id`, `parent_iconclass_category_id`, `category_token`, `name`) VALUES (328, 327, '44B1AA', 'The Caliph');
INSERT INTO `FIPOP`.`iconclass_category` (`id`, `parent_iconclass_category_id`, `category_token`, `name`) VALUES (329, 303, '44B1B', 'Jihadi Operational Leaders');
INSERT INTO `FIPOP`.`iconclass_category` (`id`, `parent_iconclass_category_id`, `category_token`, `name`) VALUES (330, 303, '44B1C', 'Jihadi Leader: Abu Bakr al-Baghdadi');
INSERT INTO `FIPOP`.`iconclass_category` (`id`, `parent_iconclass_category_id`, `category_token`, `name`) VALUES (331, 303, '44B1D', 'Jihadi Leader: Abu Omar al-Baghdadi');
INSERT INTO `FIPOP`.`iconclass_category` (`id`, `parent_iconclass_category_id`, `category_token`, `name`) VALUES (332, 303, '44B1E', 'Jihadi Leader: Osama Bin Laden');
INSERT INTO `FIPOP`.`iconclass_category` (`id`, `parent_iconclass_category_id`, `category_token`, `name`) VALUES (333, 303, '44B1F', 'Jihadi Leader: Khattab');
INSERT INTO `FIPOP`.`iconclass_category` (`id`, `parent_iconclass_category_id`, `category_token`, `name`) VALUES (334, 303, '44B1G', 'Non-Muslim Political Leaders');
INSERT INTO `FIPOP`.`iconclass_category` (`id`, `parent_iconclass_category_id`, `category_token`, `name`) VALUES (335, 334, '44B1GA', 'Western Political Leaders');
INSERT INTO `FIPOP`.`iconclass_category` (`id`, `parent_iconclass_category_id`, `category_token`, `name`) VALUES (336, 334, '44B1GB', 'United Nations');
INSERT INTO `FIPOP`.`iconclass_category` (`id`, `parent_iconclass_category_id`, `category_token`, `name`) VALUES (337, 303, '44B1H', 'Muslim Political Leaders');
INSERT INTO `FIPOP`.`iconclass_category` (`id`, `parent_iconclass_category_id`, `category_token`, `name`) VALUES (338, 284, '44C', 'the citizen and his rights');
INSERT INTO `FIPOP`.`iconclass_category` (`id`, `parent_iconclass_category_id`, `category_token`, `name`) VALUES (339, 284, '44D', 'administrative bodies');
INSERT INTO `FIPOP`.`iconclass_category` (`id`, `parent_iconclass_category_id`, `category_token`, `name`) VALUES (340, 284, '44E', 'government services, public services');
INSERT INTO `FIPOP`.`iconclass_category` (`id`, `parent_iconclass_category_id`, `category_token`, `name`) VALUES (341, 284, '44F', 'revolution, revolt');
INSERT INTO `FIPOP`.`iconclass_category` (`id`, `parent_iconclass_category_id`, `category_token`, `name`) VALUES (342, 284, '44G', 'law and jurisprudence');
INSERT INTO `FIPOP`.`iconclass_category` (`id`, `parent_iconclass_category_id`, `category_token`, `name`) VALUES (343, 263, '45', 'warfare; military affairs');
INSERT INTO `FIPOP`.`iconclass_category` (`id`, `parent_iconclass_category_id`, `category_token`, `name`) VALUES (344, 343, '45A', 'war and peace');
INSERT INTO `FIPOP`.`iconclass_category` (`id`, `parent_iconclass_category_id`, `category_token`, `name`) VALUES (345, 343, '45B', 'the soldier; the soldier\'s life');
INSERT INTO `FIPOP`.`iconclass_category` (`id`, `parent_iconclass_category_id`, `category_token`, `name`) VALUES (346, 343, '45C', '(military) equipment and supply');
INSERT INTO `FIPOP`.`iconclass_category` (`id`, `parent_iconclass_category_id`, `category_token`, `name`) VALUES (347, 346, '45C1', 'weapons');
INSERT INTO `FIPOP`.`iconclass_category` (`id`, `parent_iconclass_category_id`, `category_token`, `name`) VALUES (348, 347, '45C11(...)', 'casting weapons (with NAME)');
INSERT INTO `FIPOP`.`iconclass_category` (`id`, `parent_iconclass_category_id`, `category_token`, `name`) VALUES (349, 348, '45C11(SPEAR)', 'casting weapons: spear');
INSERT INTO `FIPOP`.`iconclass_category` (`id`, `parent_iconclass_category_id`, `category_token`, `name`) VALUES (350, 347, '45C13(...)', 'hacking and thrusting weapons (with NAME)');
INSERT INTO `FIPOP`.`iconclass_category` (`id`, `parent_iconclass_category_id`, `category_token`, `name`) VALUES (351, 350, '45C13(SWORD)', 'hacking and thrusting weapons: sword');
INSERT INTO `FIPOP`.`iconclass_category` (`id`, `parent_iconclass_category_id`, `category_token`, `name`) VALUES (352, 347, '45C15(...)', 'archer\'s weapons (with NAME');
INSERT INTO `FIPOP`.`iconclass_category` (`id`, `parent_iconclass_category_id`, `category_token`, `name`) VALUES (353, 352, '45C15(BOW)', 'archer\'s weapons: bow');
INSERT INTO `FIPOP`.`iconclass_category` (`id`, `parent_iconclass_category_id`, `category_token`, `name`) VALUES (354, 347, '45C19(...)', 'protective weapons (with NAME)');
INSERT INTO `FIPOP`.`iconclass_category` (`id`, `parent_iconclass_category_id`, `category_token`, `name`) VALUES (355, 354, '45C19(SHIELD)', 'protective weapons: shield');
INSERT INTO `FIPOP`.`iconclass_category` (`id`, `parent_iconclass_category_id`, `category_token`, `name`) VALUES (356, 347, '45C1A', 'Weapon, pre-modern');
INSERT INTO `FIPOP`.`iconclass_category` (`id`, `parent_iconclass_category_id`, `category_token`, `name`) VALUES (357, 347, '45C1B', 'Weapon, modern');
INSERT INTO `FIPOP`.`iconclass_category` (`id`, `parent_iconclass_category_id`, `category_token`, `name`) VALUES (358, 347, '45C1C', 'Weapon combination');
INSERT INTO `FIPOP`.`iconclass_category` (`id`, `parent_iconclass_category_id`, `category_token`, `name`) VALUES (359, 347, '45C1D', 'Crossed Weapons');
INSERT INTO `FIPOP`.`iconclass_category` (`id`, `parent_iconclass_category_id`, `category_token`, `name`) VALUES (360, 343, '45D', 'insignia; division of armed forces; ranks');
INSERT INTO `FIPOP`.`iconclass_category` (`id`, `parent_iconclass_category_id`, `category_token`, `name`) VALUES (361, 343, '45E', 'communication and transport');
INSERT INTO `FIPOP`.`iconclass_category` (`id`, `parent_iconclass_category_id`, `category_token`, `name`) VALUES (362, 343, '45F', 'preparation for battle');
INSERT INTO `FIPOP`.`iconclass_category` (`id`, `parent_iconclass_category_id`, `category_token`, `name`) VALUES (363, 343, '45G', 'defensive measures (military)');
INSERT INTO `FIPOP`.`iconclass_category` (`id`, `parent_iconclass_category_id`, `category_token`, `name`) VALUES (364, 343, '45H', 'battle, fighting in general');
INSERT INTO `FIPOP`.`iconclass_category` (`id`, `parent_iconclass_category_id`, `category_token`, `name`) VALUES (365, 364, '45HA', 'Bloody Sword');
INSERT INTO `FIPOP`.`iconclass_category` (`id`, `parent_iconclass_category_id`, `category_token`, `name`) VALUES (366, 364, '45HB', 'Blood on Desert');
INSERT INTO `FIPOP`.`iconclass_category` (`id`, `parent_iconclass_category_id`, `category_token`, `name`) VALUES (367, 364, '45HC', 'Bloody Hands');
INSERT INTO `FIPOP`.`iconclass_category` (`id`, `parent_iconclass_category_id`, `category_token`, `name`) VALUES (368, 343, '45I', 'after the battle');
INSERT INTO `FIPOP`.`iconclass_category` (`id`, `parent_iconclass_category_id`, `category_token`, `name`) VALUES (369, 343, '45K', 'siege, position war');
INSERT INTO `FIPOP`.`iconclass_category` (`id`, `parent_iconclass_category_id`, `category_token`, `name`) VALUES (370, 343, '45L', 'occupation ~ war');
INSERT INTO `FIPOP`.`iconclass_category` (`id`, `parent_iconclass_category_id`, `category_token`, `name`) VALUES (371, 343, '45M', 'non-combatants ~ war');
INSERT INTO `FIPOP`.`iconclass_category` (`id`, `parent_iconclass_category_id`, `category_token`, `name`) VALUES (372, 263, '46', 'social and economic life, transport and communication');
INSERT INTO `FIPOP`.`iconclass_category` (`id`, `parent_iconclass_category_id`, `category_token`, `name`) VALUES (373, 372, '46A', 'communal life');
INSERT INTO `FIPOP`.`iconclass_category` (`id`, `parent_iconclass_category_id`, `category_token`, `name`) VALUES (374, 372, '46B', 'trade, commerce and finance');
INSERT INTO `FIPOP`.`iconclass_category` (`id`, `parent_iconclass_category_id`, `category_token`, `name`) VALUES (375, 375, '46B3', 'auxiliary means and methods in trade and finance');
INSERT INTO `FIPOP`.`iconclass_category` (`id`, `parent_iconclass_category_id`, `category_token`, `name`) VALUES (376, 376, '46B31', 'money ');
INSERT INTO `FIPOP`.`iconclass_category` (`id`, `parent_iconclass_category_id`, `category_token`, `name`) VALUES (377, 377, '46B311', 'coin');
INSERT INTO `FIPOP`.`iconclass_category` (`id`, `parent_iconclass_category_id`, `category_token`, `name`) VALUES (378, 377, '46B312', 'bank-note');
INSERT INTO `FIPOP`.`iconclass_category` (`id`, `parent_iconclass_category_id`, `category_token`, `name`) VALUES (379, 372, '46C', 'traffic and transport');
INSERT INTO `FIPOP`.`iconclass_category` (`id`, `parent_iconclass_category_id`, `category_token`, `name`) VALUES (380, 379, '46C1', 'traffic on land');
INSERT INTO `FIPOP`.`iconclass_category` (`id`, `parent_iconclass_category_id`, `category_token`, `name`) VALUES (381, 380, '46C13', 'animal mounts; pack-animals');
INSERT INTO `FIPOP`.`iconclass_category` (`id`, `parent_iconclass_category_id`, `category_token`, `name`) VALUES (382, 381, '46C131', 'riding a horse, ass, or mule; rider, horseman');
INSERT INTO `FIPOP`.`iconclass_category` (`id`, `parent_iconclass_category_id`, `category_token`, `name`) VALUES (383, 382, '46C1314', 'horses and kindred animals');
INSERT INTO `FIPOP`.`iconclass_category` (`id`, `parent_iconclass_category_id`, `category_token`, `name`) VALUES (384, 383, '46C13141', 'horse');
INSERT INTO `FIPOP`.`iconclass_category` (`id`, `parent_iconclass_category_id`, `category_token`, `name`) VALUES (385, 372, '46D', 'press, journalism');
INSERT INTO `FIPOP`.`iconclass_category` (`id`, `parent_iconclass_category_id`, `category_token`, `name`) VALUES (386, 372, '46E', 'post, telegraph and telephone; means of communication');
INSERT INTO `FIPOP`.`iconclass_category` (`id`, `parent_iconclass_category_id`, `category_token`, `name`) VALUES (387, 263, '47', 'crafts and industries');
INSERT INTO `FIPOP`.`iconclass_category` (`id`, `parent_iconclass_category_id`, `category_token`, `name`) VALUES (388, 387, '47A', 'industrial structures');
INSERT INTO `FIPOP`.`iconclass_category` (`id`, `parent_iconclass_category_id`, `category_token`, `name`) VALUES (389, 387, '47B', 'handicrafts and industries');
INSERT INTO `FIPOP`.`iconclass_category` (`id`, `parent_iconclass_category_id`, `category_token`, `name`) VALUES (390, 387, '47C', 'industrial processes, handling of materials');
INSERT INTO `FIPOP`.`iconclass_category` (`id`, `parent_iconclass_category_id`, `category_token`, `name`) VALUES (391, 387, '47D', 'machines; parts of machines; tools and appliances');
INSERT INTO `FIPOP`.`iconclass_category` (`id`, `parent_iconclass_category_id`, `category_token`, `name`) VALUES (392, 387, '47E', 'organization of craft and industry');
INSERT INTO `FIPOP`.`iconclass_category` (`id`, `parent_iconclass_category_id`, `category_token`, `name`) VALUES (393, 387, '47F', 'before and after production');
INSERT INTO `FIPOP`.`iconclass_category` (`id`, `parent_iconclass_category_id`, `category_token`, `name`) VALUES (394, 387, '47G', 'building activities');
INSERT INTO `FIPOP`.`iconclass_category` (`id`, `parent_iconclass_category_id`, `category_token`, `name`) VALUES (395, 387, '47H', 'textile industry and clothing industry');
INSERT INTO `FIPOP`.`iconclass_category` (`id`, `parent_iconclass_category_id`, `category_token`, `name`) VALUES (396, 387, '47I', 'agriculture, cattle-breeding, horticulture, flowerculture, etc.');
INSERT INTO `FIPOP`.`iconclass_category` (`id`, `parent_iconclass_category_id`, `category_token`, `name`) VALUES (397, 387, '47K', 'commercial fishery');
INSERT INTO `FIPOP`.`iconclass_category` (`id`, `parent_iconclass_category_id`, `category_token`, `name`) VALUES (398, 387, '47L', 'shipbuilding industry');
INSERT INTO `FIPOP`.`iconclass_category` (`id`, `parent_iconclass_category_id`, `category_token`, `name`) VALUES (399, 263, '48', 'art');
INSERT INTO `FIPOP`.`iconclass_category` (`id`, `parent_iconclass_category_id`, `category_token`, `name`) VALUES (400, 399, '48A', 'art and the public; styles and ornaments');
INSERT INTO `FIPOP`.`iconclass_category` (`id`, `parent_iconclass_category_id`, `category_token`, `name`) VALUES (401, 399, '48B', 'artist (in general)');
INSERT INTO `FIPOP`.`iconclass_category` (`id`, `parent_iconclass_category_id`, `category_token`, `name`) VALUES (402, 399, '48C', 'the arts; artists');
INSERT INTO `FIPOP`.`iconclass_category` (`id`, `parent_iconclass_category_id`, `category_token`, `name`) VALUES (403, 263, '49', 'education, science and learning');
INSERT INTO `FIPOP`.`iconclass_category` (`id`, `parent_iconclass_category_id`, `category_token`, `name`) VALUES (404, 403, '49A', 'education');
INSERT INTO `FIPOP`.`iconclass_category` (`id`, `parent_iconclass_category_id`, `category_token`, `name`) VALUES (405, 403, '49B', 'scholastic education, tuition');
INSERT INTO `FIPOP`.`iconclass_category` (`id`, `parent_iconclass_category_id`, `category_token`, `name`) VALUES (406, 403, '49K', 'historical disciplines; philology');
INSERT INTO `FIPOP`.`iconclass_category` (`id`, `parent_iconclass_category_id`, `category_token`, `name`) VALUES (407, 403, '49L', 'writing and letters');
INSERT INTO `FIPOP`.`iconclass_category` (`id`, `parent_iconclass_category_id`, `category_token`, `name`) VALUES (408, 407, '49LA', 'Bloody Text');
INSERT INTO `FIPOP`.`iconclass_category` (`id`, `parent_iconclass_category_id`, `category_token`, `name`) VALUES (409, 403, '49M', 'production of printed matter, book-production');
INSERT INTO `FIPOP`.`iconclass_category` (`id`, `parent_iconclass_category_id`, `category_token`, `name`) VALUES (410, 403, '49N', 'reading');
INSERT INTO `FIPOP`.`iconclass_category` (`id`, `parent_iconclass_category_id`, `category_token`, `name`) VALUES (411, NULL, '5', 'Abstract Ideas and Concepts');
INSERT INTO `FIPOP`.`iconclass_category` (`id`, `parent_iconclass_category_id`, `category_token`, `name`) VALUES (412, 411, '51', 'Generalities');
INSERT INTO `FIPOP`.`iconclass_category` (`id`, `parent_iconclass_category_id`, `category_token`, `name`) VALUES (413, 412, '51A', 'Existence and Modes of Existence');
INSERT INTO `FIPOP`.`iconclass_category` (`id`, `parent_iconclass_category_id`, `category_token`, `name`) VALUES (414, 412, '51B', 'Kinds of Relation');
INSERT INTO `FIPOP`.`iconclass_category` (`id`, `parent_iconclass_category_id`, `category_token`, `name`) VALUES (415, 412, '51C', 'Causation');
INSERT INTO `FIPOP`.`iconclass_category` (`id`, `parent_iconclass_category_id`, `category_token`, `name`) VALUES (416, 412, '51D', 'Order and Disorder');
INSERT INTO `FIPOP`.`iconclass_category` (`id`, `parent_iconclass_category_id`, `category_token`, `name`) VALUES (417, 416, '51DA', 'Order set forth by divine revelation');
INSERT INTO `FIPOP`.`iconclass_category` (`id`, `parent_iconclass_category_id`, `category_token`, `name`) VALUES (418, 416, '51DD', 'Order and Disorder (opposing concepts)');
INSERT INTO `FIPOP`.`iconclass_category` (`id`, `parent_iconclass_category_id`, `category_token`, `name`) VALUES (419, 418, '51DD1', 'Disorder, Confusion, Derangement, Disorganization, Chaos');
INSERT INTO `FIPOP`.`iconclass_category` (`id`, `parent_iconclass_category_id`, `category_token`, `name`) VALUES (420, 419, '51DD1A', 'Natural chaos');
INSERT INTO `FIPOP`.`iconclass_category` (`id`, `parent_iconclass_category_id`, `category_token`, `name`) VALUES (421, 412, '51E', 'Hierarchical Order');
INSERT INTO `FIPOP`.`iconclass_category` (`id`, `parent_iconclass_category_id`, `category_token`, `name`) VALUES (422, 412, '51F', 'Temporal Relationship');
INSERT INTO `FIPOP`.`iconclass_category` (`id`, `parent_iconclass_category_id`, `category_token`, `name`) VALUES (423, 412, '51G', 'Some Characteristics of Matter');
INSERT INTO `FIPOP`.`iconclass_category` (`id`, `parent_iconclass_category_id`, `category_token`, `name`) VALUES (424, 412, '51H', 'Quantity and Degree');
INSERT INTO `FIPOP`.`iconclass_category` (`id`, `parent_iconclass_category_id`, `category_token`, `name`) VALUES (425, 412, '51I', 'Space');
INSERT INTO `FIPOP`.`iconclass_category` (`id`, `parent_iconclass_category_id`, `category_token`, `name`) VALUES (426, 412, '51K', 'Aspects of Change');
INSERT INTO `FIPOP`.`iconclass_category` (`id`, `parent_iconclass_category_id`, `category_token`, `name`) VALUES (427, 412, '51L', 'Types of Motion');
INSERT INTO `FIPOP`.`iconclass_category` (`id`, `parent_iconclass_category_id`, `category_token`, `name`) VALUES (428, 412, '51M', 'Quality of Motion');
INSERT INTO `FIPOP`.`iconclass_category` (`id`, `parent_iconclass_category_id`, `category_token`, `name`) VALUES (429, 411, '52', 'Reasoning and Formation of Ideas');
INSERT INTO `FIPOP`.`iconclass_category` (`id`, `parent_iconclass_category_id`, `category_token`, `name`) VALUES (430, 429, '52A', 'Intelligence and Intellectual Faculties');
INSERT INTO `FIPOP`.`iconclass_category` (`id`, `parent_iconclass_category_id`, `category_token`, `name`) VALUES (431, 430, '52A5', 'Knowledge; \'Cognitione\', \'Cognitione delle cose\' (Ripa)');
INSERT INTO `FIPOP`.`iconclass_category` (`id`, `parent_iconclass_category_id`, `category_token`, `name`) VALUES (432, 431, '52A52', 'Judgement, Discrimination; \'Giuditio\' (Ripa)');
INSERT INTO `FIPOP`.`iconclass_category` (`id`, `parent_iconclass_category_id`, `category_token`, `name`) VALUES (433, 429, '52B', 'Reasoning');
INSERT INTO `FIPOP`.`iconclass_category` (`id`, `parent_iconclass_category_id`, `category_token`, `name`) VALUES (434, 429, '52C', 'Understanding and Misunderstanding');
INSERT INTO `FIPOP`.`iconclass_category` (`id`, `parent_iconclass_category_id`, `category_token`, `name`) VALUES (435, 429, '52D', 'Communication of Thought (qualitative aspects)');
INSERT INTO `FIPOP`.`iconclass_category` (`id`, `parent_iconclass_category_id`, `category_token`, `name`) VALUES (436, 429, '52E', 'Communication of Thought (answer and question)');
INSERT INTO `FIPOP`.`iconclass_category` (`id`, `parent_iconclass_category_id`, `category_token`, `name`) VALUES (437, 411, '53', 'Will, Volition');
INSERT INTO `FIPOP`.`iconclass_category` (`id`, `parent_iconclass_category_id`, `category_token`, `name`) VALUES (438, 437, '53A', 'Characteristics of Will');
INSERT INTO `FIPOP`.`iconclass_category` (`id`, `parent_iconclass_category_id`, `category_token`, `name`) VALUES (439, 437, '53B', 'Acts of the Will');
INSERT INTO `FIPOP`.`iconclass_category` (`id`, `parent_iconclass_category_id`, `category_token`, `name`) VALUES (440, 437, '53C', 'Authority and Subordination');
INSERT INTO `FIPOP`.`iconclass_category` (`id`, `parent_iconclass_category_id`, `category_token`, `name`) VALUES (441, 437, '53D', 'Intersocial Volition');
INSERT INTO `FIPOP`.`iconclass_category` (`id`, `parent_iconclass_category_id`, `category_token`, `name`) VALUES (442, 411, '54', 'Process of Action');
INSERT INTO `FIPOP`.`iconclass_category` (`id`, `parent_iconclass_category_id`, `category_token`, `name`) VALUES (443, 442, '54A', 'State of Being while Doing');
INSERT INTO `FIPOP`.`iconclass_category` (`id`, `parent_iconclass_category_id`, `category_token`, `name`) VALUES (444, 442, '54B', 'Means and Characteristics of Means');
INSERT INTO `FIPOP`.`iconclass_category` (`id`, `parent_iconclass_category_id`, `category_token`, `name`) VALUES (445, 442, '54C', 'Intention, Purpose, Aim');
INSERT INTO `FIPOP`.`iconclass_category` (`id`, `parent_iconclass_category_id`, `category_token`, `name`) VALUES (446, 442, '54D', 'Procedure');
INSERT INTO `FIPOP`.`iconclass_category` (`id`, `parent_iconclass_category_id`, `category_token`, `name`) VALUES (447, 442, '54E', 'Reciprocal Action');
INSERT INTO `FIPOP`.`iconclass_category` (`id`, `parent_iconclass_category_id`, `category_token`, `name`) VALUES (448, 442, '54F', 'Fortune and Misfortune');
INSERT INTO `FIPOP`.`iconclass_category` (`id`, `parent_iconclass_category_id`, `category_token`, `name`) VALUES (449, 411, '55', 'Property');
INSERT INTO `FIPOP`.`iconclass_category` (`id`, `parent_iconclass_category_id`, `category_token`, `name`) VALUES (450, 449, '55A', 'Acquisition and Loss');
INSERT INTO `FIPOP`.`iconclass_category` (`id`, `parent_iconclass_category_id`, `category_token`, `name`) VALUES (451, 449, '55B', 'Possession');
INSERT INTO `FIPOP`.`iconclass_category` (`id`, `parent_iconclass_category_id`, `category_token`, `name`) VALUES (452, 449, '55C', 'Use of Property');
INSERT INTO `FIPOP`.`iconclass_category` (`id`, `parent_iconclass_category_id`, `category_token`, `name`) VALUES (453, 411, '56', 'Emotion');
INSERT INTO `FIPOP`.`iconclass_category` (`id`, `parent_iconclass_category_id`, `category_token`, `name`) VALUES (454, 453, '56A', 'Feeling');
INSERT INTO `FIPOP`.`iconclass_category` (`id`, `parent_iconclass_category_id`, `category_token`, `name`) VALUES (455, 453, '56B', 'Joy and Sorrow');
INSERT INTO `FIPOP`.`iconclass_category` (`id`, `parent_iconclass_category_id`, `category_token`, `name`) VALUES (456, 453, '56C', 'Aesthetic Sense');
INSERT INTO `FIPOP`.`iconclass_category` (`id`, `parent_iconclass_category_id`, `category_token`, `name`) VALUES (457, 453, '56D', 'Hope and Fear');
INSERT INTO `FIPOP`.`iconclass_category` (`id`, `parent_iconclass_category_id`, `category_token`, `name`) VALUES (458, 453, '56E', 'Anger and Meekness');
INSERT INTO `FIPOP`.`iconclass_category` (`id`, `parent_iconclass_category_id`, `category_token`, `name`) VALUES (459, 453, '56F', 'Desire and Aversion');
INSERT INTO `FIPOP`.`iconclass_category` (`id`, `parent_iconclass_category_id`, `category_token`, `name`) VALUES (460, 411, '57', 'Morality');
INSERT INTO `FIPOP`.`iconclass_category` (`id`, `parent_iconclass_category_id`, `category_token`, `name`) VALUES (461, 460, '57A', 'Good and Bad Behaviour, Moral Qualities');
INSERT INTO `FIPOP`.`iconclass_category` (`id`, `parent_iconclass_category_id`, `category_token`, `name`) VALUES (462, 461, '57AA', 'Good and Bad Behaviour, Moral Qualities (opposing concepts)');
INSERT INTO `FIPOP`.`iconclass_category` (`id`, `parent_iconclass_category_id`, `category_token`, `name`) VALUES (463, 462, '57AA7', 'Malevolence, Maliciousness; \'Malevolenza\', \'Malignit\', \'Malvagit\' (Ripa)');
INSERT INTO `FIPOP`.`iconclass_category` (`id`, `parent_iconclass_category_id`, `category_token`, `name`) VALUES (464, 463, '57AA74', 'Vindictiveness');
INSERT INTO `FIPOP`.`iconclass_category` (`id`, `parent_iconclass_category_id`, `category_token`, `name`) VALUES (465, 464, '57AA741', 'Revenge, Requital, Retaliation; \'Vendetta\' (Ripa)');
INSERT INTO `FIPOP`.`iconclass_category` (`id`, `parent_iconclass_category_id`, `category_token`, `name`) VALUES (466, 465, '57AA741A', 'Retaliation against injustice');
INSERT INTO `FIPOP`.`iconclass_category` (`id`, `parent_iconclass_category_id`, `category_token`, `name`) VALUES (467, 460, '57B', 'Judgment of Conduct');
INSERT INTO `FIPOP`.`iconclass_category` (`id`, `parent_iconclass_category_id`, `category_token`, `name`) VALUES (468, 411, '58', 'Creation');
INSERT INTO `FIPOP`.`iconclass_category` (`id`, `parent_iconclass_category_id`, `category_token`, `name`) VALUES (469, 468, '58A', 'Creation and Destruction');
INSERT INTO `FIPOP`.`iconclass_category` (`id`, `parent_iconclass_category_id`, `category_token`, `name`) VALUES (470, 468, '58B', 'Vitality and Mortality');
INSERT INTO `FIPOP`.`iconclass_category` (`id`, `parent_iconclass_category_id`, `category_token`, `name`) VALUES (471, 411, '59', 'Aspects of Social Conduct');
INSERT INTO `FIPOP`.`iconclass_category` (`id`, `parent_iconclass_category_id`, `category_token`, `name`) VALUES (472, 471, '59A', 'Man ~ Community');
INSERT INTO `FIPOP`.`iconclass_category` (`id`, `parent_iconclass_category_id`, `category_token`, `name`) VALUES (473, 471, '59B', 'Social Position');
INSERT INTO `FIPOP`.`iconclass_category` (`id`, `parent_iconclass_category_id`, `category_token`, `name`) VALUES (474, 471, '59C', 'Justice and Injustice');
INSERT INTO `FIPOP`.`iconclass_category` (`id`, `parent_iconclass_category_id`, `category_token`, `name`) VALUES (475, NULL, '6', 'History');
INSERT INTO `FIPOP`.`iconclass_category` (`id`, `parent_iconclass_category_id`, `category_token`, `name`) VALUES (476, 475, '61', 'historical events and situations; historical persons');
INSERT INTO `FIPOP`.`iconclass_category` (`id`, `parent_iconclass_category_id`, `category_token`, `name`) VALUES (477, 476, '61A', 'historical events and situations');
INSERT INTO `FIPOP`.`iconclass_category` (`id`, `parent_iconclass_category_id`, `category_token`, `name`) VALUES (478, 477, '61AA', 'Important Defeats');
INSERT INTO `FIPOP`.`iconclass_category` (`id`, `parent_iconclass_category_id`, `category_token`, `name`) VALUES (479, 477, '61AB', 'Important Victories');
INSERT INTO `FIPOP`.`iconclass_category` (`id`, `parent_iconclass_category_id`, `category_token`, `name`) VALUES (480, 476, '61B', 'historical persons (portraits and scenes from the life)');
INSERT INTO `FIPOP`.`iconclass_category` (`id`, `parent_iconclass_category_id`, `category_token`, `name`) VALUES (481, 476, '61C', 'proper names of plants and animals');
INSERT INTO `FIPOP`.`iconclass_category` (`id`, `parent_iconclass_category_id`, `category_token`, `name`) VALUES (482, 476, '61D', 'geographical names of countries, regions, mountains, rivers, etc.');
INSERT INTO `FIPOP`.`iconclass_category` (`id`, `parent_iconclass_category_id`, `category_token`, `name`) VALUES (483, 482, '61D(...)', 'geographical names of countries, regions, mountains, rivers, etc. (names of cities and villages excepted) (with NAME)');
INSERT INTO `FIPOP`.`iconclass_category` (`id`, `parent_iconclass_category_id`, `category_token`, `name`) VALUES (484, 483, '61D(AFGHANISTAN)', 'geographical names of countries, regions, mountains, rivers, etc. (names of cities and villages excepted): Afghanistan');
INSERT INTO `FIPOP`.`iconclass_category` (`id`, `parent_iconclass_category_id`, `category_token`, `name`) VALUES (485, 483, '61D(IRAQ)', 'geographical names of countries, regions, mountains, rivers, etc. (names of cities and villages excepted): Iraq');
INSERT INTO `FIPOP`.`iconclass_category` (`id`, `parent_iconclass_category_id`, `category_token`, `name`) VALUES (486, 483, '61D(ITALY)', 'geographical names of countries, regions, mountains, rivers, etc. (names of cities and villages excepted): Italy');
INSERT INTO `FIPOP`.`iconclass_category` (`id`, `parent_iconclass_category_id`, `category_token`, `name`) VALUES (487, 483, '61D(KASHMIR)', 'geographical names of countries, regions, mountains, rivers, etc. (names of cities and villages excepted): Kashmir');
INSERT INTO `FIPOP`.`iconclass_category` (`id`, `parent_iconclass_category_id`, `category_token`, `name`) VALUES (488, 483, '61D(KUWAIT)', 'geographical names of countries, regions, mountains, rivers, etc. (names of cities and villages excepted): Kuwait');
INSERT INTO `FIPOP`.`iconclass_category` (`id`, `parent_iconclass_category_id`, `category_token`, `name`) VALUES (489, 483, '61D(PALESTINE)', 'geographical names of countries, regions, mountains, rivers, etc. (names of cities and villages excepted): Palestine');
INSERT INTO `FIPOP`.`iconclass_category` (`id`, `parent_iconclass_category_id`, `category_token`, `name`) VALUES (490, 483, '61D(SAUDI ARABIA)', 'geographical names of countries, regions, mountains, rivers, etc. (names of cities and villages excepted): Saudi Arabia');
INSERT INTO `FIPOP`.`iconclass_category` (`id`, `parent_iconclass_category_id`, `category_token`, `name`) VALUES (491, 476, '61E', 'names of cities and villages');
INSERT INTO `FIPOP`.`iconclass_category` (`id`, `parent_iconclass_category_id`, `category_token`, `name`) VALUES (492, 476, '61F', 'names of historical buildings, sites, streets, etc.');
INSERT INTO `FIPOP`.`iconclass_category` (`id`, `parent_iconclass_category_id`, `category_token`, `name`) VALUES (493, 492, '61F(...)', 'names of historical buildings, sites, streets, etc. (with NAME)');
INSERT INTO `FIPOP`.`iconclass_category` (`id`, `parent_iconclass_category_id`, `category_token`, `name`) VALUES (494, 493, '61FA(...)', 'names of mosques (with NAME)');
INSERT INTO `FIPOP`.`iconclass_category` (`id`, `parent_iconclass_category_id`, `category_token`, `name`) VALUES (495, 493, '61FB(...)', 'names of churches (with NAME)');
INSERT INTO `FIPOP`.`iconclass_category` (`id`, `parent_iconclass_category_id`, `category_token`, `name`) VALUES (496, 493, '61FC(...)', 'names of monasteries (with NAME)');
INSERT INTO `FIPOP`.`iconclass_category` (`id`, `parent_iconclass_category_id`, `category_token`, `name`) VALUES (497, 493, '61FD(...)', 'names of shrines (with NAME)');
INSERT INTO `FIPOP`.`iconclass_category` (`id`, `parent_iconclass_category_id`, `category_token`, `name`) VALUES (498, 493, '61FE(...)', 'names of graveyards (with NAME)');
INSERT INTO `FIPOP`.`iconclass_category` (`id`, `parent_iconclass_category_id`, `category_token`, `name`) VALUES (499, 493, '61FF(...)', 'names of mausoleums (with NAME)');
INSERT INTO `FIPOP`.`iconclass_category` (`id`, `parent_iconclass_category_id`, `category_token`, `name`) VALUES (500, 493, '61FG(...)', 'names of temples (with NAME)');
INSERT INTO `FIPOP`.`iconclass_category` (`id`, `parent_iconclass_category_id`, `category_token`, `name`) VALUES (501, 476, '61G', 'names of artefacts and man-made objects');
INSERT INTO `FIPOP`.`iconclass_category` (`id`, `parent_iconclass_category_id`, `category_token`, `name`) VALUES (502, 476, '61H', 'names of organizations, companies, trade unions, etc.');
INSERT INTO `FIPOP`.`iconclass_category` (`id`, `parent_iconclass_category_id`, `category_token`, `name`) VALUES (503, 476, '61I', 'names of historical events and situations');
INSERT INTO `FIPOP`.`iconclass_category` (`id`, `parent_iconclass_category_id`, `category_token`, `name`) VALUES (504, 476, '61K', '(other) historical names');
INSERT INTO `FIPOP`.`iconclass_category` (`id`, `parent_iconclass_category_id`, `category_token`, `name`) VALUES (505, 475, '62', 'visions of the future');
INSERT INTO `FIPOP`.`iconclass_category` (`id`, `parent_iconclass_category_id`, `category_token`, `name`) VALUES (506, NULL, '8', 'Literature');
INSERT INTO `FIPOP`.`iconclass_category` (`id`, `parent_iconclass_category_id`, `category_token`, `name`) VALUES (507, 506, '81', 'literary cycles');
INSERT INTO `FIPOP`.`iconclass_category` (`id`, `parent_iconclass_category_id`, `category_token`, `name`) VALUES (508, 506, '82', 'literary characters and objects');
INSERT INTO `FIPOP`.`iconclass_category` (`id`, `parent_iconclass_category_id`, `category_token`, `name`) VALUES (509, 508, '82A', 'names of literary characters');
INSERT INTO `FIPOP`.`iconclass_category` (`id`, `parent_iconclass_category_id`, `category_token`, `name`) VALUES (510, 508, '82B', 'names of fictional animals, plants, objects, etc.');
INSERT INTO `FIPOP`.`iconclass_category` (`id`, `parent_iconclass_category_id`, `category_token`, `name`) VALUES (511, 506, '83', 'specific works of literature');
INSERT INTO `FIPOP`.`iconclass_category` (`id`, `parent_iconclass_category_id`, `category_token`, `name`) VALUES (512, 506, '84', 'tales and fairy tales');
INSERT INTO `FIPOP`.`iconclass_category` (`id`, `parent_iconclass_category_id`, `category_token`, `name`) VALUES (513, 506, '86', 'proverbs, sayings, etc.');

COMMIT;


-- -----------------------------------------------------
-- Data for table `FIPOP`.`jins`
-- -----------------------------------------------------
START TRANSACTION;
USE `FIPOP`;
INSERT INTO `FIPOP`.`jins` (`id`) VALUES (1);
INSERT INTO `FIPOP`.`jins` (`id`) VALUES (2);
INSERT INTO `FIPOP`.`jins` (`id`) VALUES (3);
INSERT INTO `FIPOP`.`jins` (`id`) VALUES (4);
INSERT INTO `FIPOP`.`jins` (`id`) VALUES (5);
INSERT INTO `FIPOP`.`jins` (`id`) VALUES (6);
INSERT INTO `FIPOP`.`jins` (`id`) VALUES (7);
INSERT INTO `FIPOP`.`jins` (`id`) VALUES (8);
INSERT INTO `FIPOP`.`jins` (`id`) VALUES (9);
INSERT INTO `FIPOP`.`jins` (`id`) VALUES (10);
INSERT INTO `FIPOP`.`jins` (`id`) VALUES (11);
INSERT INTO `FIPOP`.`jins` (`id`) VALUES (12);
INSERT INTO `FIPOP`.`jins` (`id`) VALUES (13);
INSERT INTO `FIPOP`.`jins` (`id`) VALUES (14);
INSERT INTO `FIPOP`.`jins` (`id`) VALUES (15);
INSERT INTO `FIPOP`.`jins` (`id`) VALUES (16);
INSERT INTO `FIPOP`.`jins` (`id`) VALUES (17);
INSERT INTO `FIPOP`.`jins` (`id`) VALUES (18);
INSERT INTO `FIPOP`.`jins` (`id`) VALUES (19);
INSERT INTO `FIPOP`.`jins` (`id`) VALUES (20);
INSERT INTO `FIPOP`.`jins` (`id`) VALUES (21);
INSERT INTO `FIPOP`.`jins` (`id`) VALUES (22);
INSERT INTO `FIPOP`.`jins` (`id`) VALUES (23);
INSERT INTO `FIPOP`.`jins` (`id`) VALUES (24);

COMMIT;


-- -----------------------------------------------------
-- Data for table `FIPOP`.`jins_translation`
-- -----------------------------------------------------
START TRANSACTION;
USE `FIPOP`;
INSERT INTO `FIPOP`.`jins_translation` (`id`, `jins_id`, `language_id`, `type`) VALUES (1, 1, 1, 'Ajam');
INSERT INTO `FIPOP`.`jins_translation` (`id`, `jins_id`, `language_id`, `type`) VALUES (2, 2, 1, 'Ajam Murassa');
INSERT INTO `FIPOP`.`jins_translation` (`id`, `jins_id`, `language_id`, `type`) VALUES (3, 3, 1, 'Athar Kurd');
INSERT INTO `FIPOP`.`jins_translation` (`id`, `jins_id`, `language_id`, `type`) VALUES (4, 4, 1, 'Bayati');
INSERT INTO `FIPOP`.`jins_translation` (`id`, `jins_id`, `language_id`, `type`) VALUES (5, 5, 1, 'Hijaz');
INSERT INTO `FIPOP`.`jins_translation` (`id`, `jins_id`, `language_id`, `type`) VALUES (6, 6, 1, 'Hijaz Murassa');
INSERT INTO `FIPOP`.`jins_translation` (`id`, `jins_id`, `language_id`, `type`) VALUES (7, 7, 1, 'Hijazkar');
INSERT INTO `FIPOP`.`jins_translation` (`id`, `jins_id`, `language_id`, `type`) VALUES (8, 8, 1, 'Jiharkah');
INSERT INTO `FIPOP`.`jins_translation` (`id`, `jins_id`, `language_id`, `type`) VALUES (9, 9, 1, 'Kurd');
INSERT INTO `FIPOP`.`jins_translation` (`id`, `jins_id`, `language_id`, `type`) VALUES (10, 10, 1, 'Lami');
INSERT INTO `FIPOP`.`jins_translation` (`id`, `jins_id`, `language_id`, `type`) VALUES (11, 11, 1, 'Mukhalif Sharqi');
INSERT INTO `FIPOP`.`jins_translation` (`id`, `jins_id`, `language_id`, `type`) VALUES (12, 12, 1, 'Mustaar');
INSERT INTO `FIPOP`.`jins_translation` (`id`, `jins_id`, `language_id`, `type`) VALUES (13, 13, 1, 'Nahawand');
INSERT INTO `FIPOP`.`jins_translation` (`id`, `jins_id`, `language_id`, `type`) VALUES (14, 14, 1, 'Nahawand Murassa');
INSERT INTO `FIPOP`.`jins_translation` (`id`, `jins_id`, `language_id`, `type`) VALUES (15, 15, 1, 'Nikriz');
INSERT INTO `FIPOP`.`jins_translation` (`id`, `jins_id`, `language_id`, `type`) VALUES (16, 16, 1, 'Rast');
INSERT INTO `FIPOP`.`jins_translation` (`id`, `jins_id`, `language_id`, `type`) VALUES (17, 17, 1, 'Saba');
INSERT INTO `FIPOP`.`jins_translation` (`id`, `jins_id`, `language_id`, `type`) VALUES (18, 18, 1, 'Saba Dalanshin');
INSERT INTO `FIPOP`.`jins_translation` (`id`, `jins_id`, `language_id`, `type`) VALUES (19, 19, 1, 'Saba Zamzam');
INSERT INTO `FIPOP`.`jins_translation` (`id`, `jins_id`, `language_id`, `type`) VALUES (20, 20, 1, 'Sazkar');
INSERT INTO `FIPOP`.`jins_translation` (`id`, `jins_id`, `language_id`, `type`) VALUES (21, 21, 1, 'Sikah');
INSERT INTO `FIPOP`.`jins_translation` (`id`, `jins_id`, `language_id`, `type`) VALUES (22, 22, 1, 'Sikah Baladi');
INSERT INTO `FIPOP`.`jins_translation` (`id`, `jins_id`, `language_id`, `type`) VALUES (23, 23, 1, 'Upper Ajam');
INSERT INTO `FIPOP`.`jins_translation` (`id`, `jins_id`, `language_id`, `type`) VALUES (24, 24, 1, 'Upper Rast');

COMMIT;


-- -----------------------------------------------------
-- Data for table `FIPOP`.`language`
-- -----------------------------------------------------
START TRANSACTION;
USE `FIPOP`;
INSERT INTO `FIPOP`.`language` (`id`, `code`, `name`, `is_system_language`) VALUES (1, 'default', 'Default', 1);
INSERT INTO `FIPOP`.`language` (`id`, `code`, `name`, `is_system_language`) VALUES (2, 'en', 'English', 1);
INSERT INTO `FIPOP`.`language` (`id`, `code`, `name`, `is_system_language`) VALUES (3, 'de', 'German', 1);
INSERT INTO `FIPOP`.`language` (`id`, `code`, `name`, `is_system_language`) VALUES (4, 'fr', 'French', 0);
INSERT INTO `FIPOP`.`language` (`id`, `code`, `name`, `is_system_language`) VALUES (5, 'es', 'Spanish', 0);
INSERT INTO `FIPOP`.`language` (`id`, `code`, `name`, `is_system_language`) VALUES (6, 'ru', 'Russian', 0);
INSERT INTO `FIPOP`.`language` (`id`, `code`, `name`, `is_system_language`) VALUES (7, 'ar', 'Arabic', 0);
INSERT INTO `FIPOP`.`language` (`id`, `code`, `name`, `is_system_language`) VALUES (8, 'tr', 'Turkish', 0);
INSERT INTO `FIPOP`.`language` (`id`, `code`, `name`, `is_system_language`) VALUES (9, 'ku', 'Kurdish', 0);
INSERT INTO `FIPOP`.`language` (`id`, `code`, `name`, `is_system_language`) VALUES (10, 'ug', 'Uighur', 0);
INSERT INTO `FIPOP`.`language` (`id`, `code`, `name`, `is_system_language`) VALUES (11, 'zh', 'Chinese', 0);
INSERT INTO `FIPOP`.`language` (`id`, `code`, `name`, `is_system_language`) VALUES (12, 'bn', 'Bengali', 0);
INSERT INTO `FIPOP`.`language` (`id`, `code`, `name`, `is_system_language`) VALUES (13, 'dv', 'Divehi', 0);

COMMIT;


-- -----------------------------------------------------
-- Data for table `FIPOP`.`lighting`
-- -----------------------------------------------------
START TRANSACTION;
USE `FIPOP`;
INSERT INTO `FIPOP`.`lighting` (`analysis_method_id`) VALUES (69);
INSERT INTO `FIPOP`.`lighting` (`analysis_method_id`) VALUES (70);
INSERT INTO `FIPOP`.`lighting` (`analysis_method_id`) VALUES (71);
INSERT INTO `FIPOP`.`lighting` (`analysis_method_id`) VALUES (72);
INSERT INTO `FIPOP`.`lighting` (`analysis_method_id`) VALUES (73);
INSERT INTO `FIPOP`.`lighting` (`analysis_method_id`) VALUES (74);
INSERT INTO `FIPOP`.`lighting` (`analysis_method_id`) VALUES (75);
INSERT INTO `FIPOP`.`lighting` (`analysis_method_id`) VALUES (76);
INSERT INTO `FIPOP`.`lighting` (`analysis_method_id`) VALUES (77);
INSERT INTO `FIPOP`.`lighting` (`analysis_method_id`) VALUES (78);
INSERT INTO `FIPOP`.`lighting` (`analysis_method_id`) VALUES (79);
INSERT INTO `FIPOP`.`lighting` (`analysis_method_id`) VALUES (80);
INSERT INTO `FIPOP`.`lighting` (`analysis_method_id`) VALUES (81);

COMMIT;


-- -----------------------------------------------------
-- Data for table `FIPOP`.`lighting_translation`
-- -----------------------------------------------------
START TRANSACTION;
USE `FIPOP`;
INSERT INTO `FIPOP`.`lighting_translation` (`id`, `lighting_analysis_method_id`, `language_id`, `name`) VALUES (1, 69, 1, 'Natural Lighting');
INSERT INTO `FIPOP`.`lighting_translation` (`id`, `lighting_analysis_method_id`, `language_id`, `name`) VALUES (2, 70, 1, 'Key Lighting (Hauptausleuchtung des Bildobjekts / der Person)');
INSERT INTO `FIPOP`.`lighting_translation` (`id`, `lighting_analysis_method_id`, `language_id`, `name`) VALUES (3, 71, 1, 'High Key Lighting (helle Tne dominant)');
INSERT INTO `FIPOP`.`lighting_translation` (`id`, `lighting_analysis_method_id`, `language_id`, `name`) VALUES (4, 72, 1, 'Low Key Lighting (dunkle Tne dominieren)');
INSERT INTO `FIPOP`.`lighting_translation` (`id`, `lighting_analysis_method_id`, `language_id`, `name`) VALUES (5, 73, 1, 'Fill Lighting (lscht Schatten, die vom Key Light verursacht werden)');
INSERT INTO `FIPOP`.`lighting_translation` (`id`, `lighting_analysis_method_id`, `language_id`, `name`) VALUES (6, 74, 1, 'Back Lighting (Lichtquelle hinter Bildobjekt)');
INSERT INTO `FIPOP`.`lighting_translation` (`id`, `lighting_analysis_method_id`, `language_id`, `name`) VALUES (7, 75, 1, 'Practical Lighting (Lichtquellen im Bild; untersttzt den Raumeindruck)');
INSERT INTO `FIPOP`.`lighting_translation` (`id`, `lighting_analysis_method_id`, `language_id`, `name`) VALUES (8, 76, 1, 'Hard /Spot Lighting (\"Glanzlicht\"; konzentriert, scharfe Schattenkonturen)');
INSERT INTO `FIPOP`.`lighting_translation` (`id`, `lighting_analysis_method_id`, `language_id`, `name`) VALUES (9, 77, 1, 'Soft Lighting (diffus, weiche Schattenkonturen)');
INSERT INTO `FIPOP`.`lighting_translation` (`id`, `lighting_analysis_method_id`, `language_id`, `name`) VALUES (10, 78, 1, 'Bounce Lighting (flchiges Licht)');
INSERT INTO `FIPOP`.`lighting_translation` (`id`, `lighting_analysis_method_id`, `language_id`, `name`) VALUES (11, 79, 1, 'Chiaoscuro / Side Lighting (starke Hell-Dunkel-Kontraste im Bild)');
INSERT INTO `FIPOP`.`lighting_translation` (`id`, `lighting_analysis_method_id`, `language_id`, `name`) VALUES (12, 80, 1, 'Motivated Lighting (immitiert natrliches Licht)');
INSERT INTO `FIPOP`.`lighting_translation` (`id`, `lighting_analysis_method_id`, `language_id`, `name`) VALUES (13, 81, 1, 'Ambient Lighting (schafft eine atmosphrische Raumausleuchtung)');

COMMIT;


-- -----------------------------------------------------
-- Data for table `FIPOP`.`location`
-- -----------------------------------------------------
START TRANSACTION;
USE `FIPOP`;
INSERT INTO `FIPOP`.`location` (`id`, `location_type_id`, `parent_location_id`, `created_by_user_account_id`, `last_edited_by_user_account_id`, `created_at`, `last_edited_at`) VALUES (1, 1, NULL, 1, NULL, '2017-06-01 00:00:00', NULL);
INSERT INTO `FIPOP`.`location` (`id`, `location_type_id`, `parent_location_id`, `created_by_user_account_id`, `last_edited_by_user_account_id`, `created_at`, `last_edited_at`) VALUES (2, 1, NULL, 1, NULL, '2017-06-01 00:00:00', NULL);
INSERT INTO `FIPOP`.`location` (`id`, `location_type_id`, `parent_location_id`, `created_by_user_account_id`, `last_edited_by_user_account_id`, `created_at`, `last_edited_at`) VALUES (3, 1, NULL, 1, NULL, '2017-06-01 00:00:00', NULL);
INSERT INTO `FIPOP`.`location` (`id`, `location_type_id`, `parent_location_id`, `created_by_user_account_id`, `last_edited_by_user_account_id`, `created_at`, `last_edited_at`) VALUES (4, 1, NULL, 1, NULL, '2017-06-01 00:00:00', NULL);
INSERT INTO `FIPOP`.`location` (`id`, `location_type_id`, `parent_location_id`, `created_by_user_account_id`, `last_edited_by_user_account_id`, `created_at`, `last_edited_at`) VALUES (5, 1, NULL, 1, NULL, '2017-06-01 00:00:00', NULL);
INSERT INTO `FIPOP`.`location` (`id`, `location_type_id`, `parent_location_id`, `created_by_user_account_id`, `last_edited_by_user_account_id`, `created_at`, `last_edited_at`) VALUES (6, 1, NULL, 1, NULL, '2017-06-01 00:00:00', NULL);
INSERT INTO `FIPOP`.`location` (`id`, `location_type_id`, `parent_location_id`, `created_by_user_account_id`, `last_edited_by_user_account_id`, `created_at`, `last_edited_at`) VALUES (7, 1, NULL, 1, NULL, '2017-06-01 00:00:00', NULL);
INSERT INTO `FIPOP`.`location` (`id`, `location_type_id`, `parent_location_id`, `created_by_user_account_id`, `last_edited_by_user_account_id`, `created_at`, `last_edited_at`) VALUES (8, 1, NULL, 1, NULL, '2017-06-01 00:00:00', NULL);
INSERT INTO `FIPOP`.`location` (`id`, `location_type_id`, `parent_location_id`, `created_by_user_account_id`, `last_edited_by_user_account_id`, `created_at`, `last_edited_at`) VALUES (9, 1, NULL, 1, NULL, '2017-06-01 00:00:00', NULL);
INSERT INTO `FIPOP`.`location` (`id`, `location_type_id`, `parent_location_id`, `created_by_user_account_id`, `last_edited_by_user_account_id`, `created_at`, `last_edited_at`) VALUES (10, 1, NULL, 1, NULL, '2017-06-01 00:00:00', NULL);
INSERT INTO `FIPOP`.`location` (`id`, `location_type_id`, `parent_location_id`, `created_by_user_account_id`, `last_edited_by_user_account_id`, `created_at`, `last_edited_at`) VALUES (11, 1, NULL, 1, NULL, '2017-06-01 00:00:00', NULL);
INSERT INTO `FIPOP`.`location` (`id`, `location_type_id`, `parent_location_id`, `created_by_user_account_id`, `last_edited_by_user_account_id`, `created_at`, `last_edited_at`) VALUES (12, 1, NULL, 1, NULL, '2017-06-01 00:00:00', NULL);
INSERT INTO `FIPOP`.`location` (`id`, `location_type_id`, `parent_location_id`, `created_by_user_account_id`, `last_edited_by_user_account_id`, `created_at`, `last_edited_at`) VALUES (13, 1, NULL, 1, NULL, '2017-06-01 00:00:00', NULL);
INSERT INTO `FIPOP`.`location` (`id`, `location_type_id`, `parent_location_id`, `created_by_user_account_id`, `last_edited_by_user_account_id`, `created_at`, `last_edited_at`) VALUES (14, 1, NULL, 1, NULL, '2017-06-01 00:00:00', NULL);
INSERT INTO `FIPOP`.`location` (`id`, `location_type_id`, `parent_location_id`, `created_by_user_account_id`, `last_edited_by_user_account_id`, `created_at`, `last_edited_at`) VALUES (15, 1, NULL, 1, NULL, '2017-06-01 00:00:00', NULL);
INSERT INTO `FIPOP`.`location` (`id`, `location_type_id`, `parent_location_id`, `created_by_user_account_id`, `last_edited_by_user_account_id`, `created_at`, `last_edited_at`) VALUES (16, 1, NULL, 1, NULL, '2017-06-01 00:00:00', NULL);
INSERT INTO `FIPOP`.`location` (`id`, `location_type_id`, `parent_location_id`, `created_by_user_account_id`, `last_edited_by_user_account_id`, `created_at`, `last_edited_at`) VALUES (17, 1, NULL, 1, NULL, '2017-06-01 00:00:00', NULL);
INSERT INTO `FIPOP`.`location` (`id`, `location_type_id`, `parent_location_id`, `created_by_user_account_id`, `last_edited_by_user_account_id`, `created_at`, `last_edited_at`) VALUES (18, 1, NULL, 1, NULL, '2017-06-01 00:00:00', NULL);
INSERT INTO `FIPOP`.`location` (`id`, `location_type_id`, `parent_location_id`, `created_by_user_account_id`, `last_edited_by_user_account_id`, `created_at`, `last_edited_at`) VALUES (19, 1, NULL, 1, NULL, '2017-06-01 00:00:00', NULL);
INSERT INTO `FIPOP`.`location` (`id`, `location_type_id`, `parent_location_id`, `created_by_user_account_id`, `last_edited_by_user_account_id`, `created_at`, `last_edited_at`) VALUES (20, 1, NULL, 1, NULL, '2017-06-01 00:00:00', NULL);
INSERT INTO `FIPOP`.`location` (`id`, `location_type_id`, `parent_location_id`, `created_by_user_account_id`, `last_edited_by_user_account_id`, `created_at`, `last_edited_at`) VALUES (21, 1, NULL, 1, NULL, '2017-06-01 00:00:00', NULL);
INSERT INTO `FIPOP`.`location` (`id`, `location_type_id`, `parent_location_id`, `created_by_user_account_id`, `last_edited_by_user_account_id`, `created_at`, `last_edited_at`) VALUES (22, 1, NULL, 1, NULL, '2017-06-01 00:00:00', NULL);
INSERT INTO `FIPOP`.`location` (`id`, `location_type_id`, `parent_location_id`, `created_by_user_account_id`, `last_edited_by_user_account_id`, `created_at`, `last_edited_at`) VALUES (23, 1, NULL, 1, NULL, '2017-06-01 00:00:00', NULL);
INSERT INTO `FIPOP`.`location` (`id`, `location_type_id`, `parent_location_id`, `created_by_user_account_id`, `last_edited_by_user_account_id`, `created_at`, `last_edited_at`) VALUES (24, 1, NULL, 1, NULL, '2017-06-01 00:00:00', NULL);
INSERT INTO `FIPOP`.`location` (`id`, `location_type_id`, `parent_location_id`, `created_by_user_account_id`, `last_edited_by_user_account_id`, `created_at`, `last_edited_at`) VALUES (25, 1, NULL, 1, NULL, '2017-06-01 00:00:00', NULL);
INSERT INTO `FIPOP`.`location` (`id`, `location_type_id`, `parent_location_id`, `created_by_user_account_id`, `last_edited_by_user_account_id`, `created_at`, `last_edited_at`) VALUES (26, 1, NULL, 1, NULL, '2017-06-01 00:00:00', NULL);
INSERT INTO `FIPOP`.`location` (`id`, `location_type_id`, `parent_location_id`, `created_by_user_account_id`, `last_edited_by_user_account_id`, `created_at`, `last_edited_at`) VALUES (27, 1, NULL, 1, NULL, '2017-06-01 00:00:00', NULL);
INSERT INTO `FIPOP`.`location` (`id`, `location_type_id`, `parent_location_id`, `created_by_user_account_id`, `last_edited_by_user_account_id`, `created_at`, `last_edited_at`) VALUES (28, 1, NULL, 1, NULL, '2017-06-01 00:00:00', NULL);
INSERT INTO `FIPOP`.`location` (`id`, `location_type_id`, `parent_location_id`, `created_by_user_account_id`, `last_edited_by_user_account_id`, `created_at`, `last_edited_at`) VALUES (29, 1, NULL, 1, NULL, '2017-06-01 00:00:00', NULL);
INSERT INTO `FIPOP`.`location` (`id`, `location_type_id`, `parent_location_id`, `created_by_user_account_id`, `last_edited_by_user_account_id`, `created_at`, `last_edited_at`) VALUES (30, 1, NULL, 1, NULL, '2017-06-01 00:00:00', NULL);
INSERT INTO `FIPOP`.`location` (`id`, `location_type_id`, `parent_location_id`, `created_by_user_account_id`, `last_edited_by_user_account_id`, `created_at`, `last_edited_at`) VALUES (31, 1, NULL, 1, NULL, '2017-06-01 00:00:00', NULL);
INSERT INTO `FIPOP`.`location` (`id`, `location_type_id`, `parent_location_id`, `created_by_user_account_id`, `last_edited_by_user_account_id`, `created_at`, `last_edited_at`) VALUES (32, 1, NULL, 1, NULL, '2017-06-01 00:00:00', NULL);
INSERT INTO `FIPOP`.`location` (`id`, `location_type_id`, `parent_location_id`, `created_by_user_account_id`, `last_edited_by_user_account_id`, `created_at`, `last_edited_at`) VALUES (33, 1, NULL, 1, NULL, '2017-06-01 00:00:00', NULL);
INSERT INTO `FIPOP`.`location` (`id`, `location_type_id`, `parent_location_id`, `created_by_user_account_id`, `last_edited_by_user_account_id`, `created_at`, `last_edited_at`) VALUES (34, 1, NULL, 1, NULL, '2017-06-01 00:00:00', NULL);
INSERT INTO `FIPOP`.`location` (`id`, `location_type_id`, `parent_location_id`, `created_by_user_account_id`, `last_edited_by_user_account_id`, `created_at`, `last_edited_at`) VALUES (35, 1, NULL, 1, NULL, '2017-06-01 00:00:00', NULL);
INSERT INTO `FIPOP`.`location` (`id`, `location_type_id`, `parent_location_id`, `created_by_user_account_id`, `last_edited_by_user_account_id`, `created_at`, `last_edited_at`) VALUES (36, 1, NULL, 1, NULL, '2017-06-01 00:00:00', NULL);
INSERT INTO `FIPOP`.`location` (`id`, `location_type_id`, `parent_location_id`, `created_by_user_account_id`, `last_edited_by_user_account_id`, `created_at`, `last_edited_at`) VALUES (37, 1, NULL, 1, NULL, '2017-06-01 00:00:00', NULL);
INSERT INTO `FIPOP`.`location` (`id`, `location_type_id`, `parent_location_id`, `created_by_user_account_id`, `last_edited_by_user_account_id`, `created_at`, `last_edited_at`) VALUES (38, 1, NULL, 1, NULL, '2017-06-01 00:00:00', NULL);
INSERT INTO `FIPOP`.`location` (`id`, `location_type_id`, `parent_location_id`, `created_by_user_account_id`, `last_edited_by_user_account_id`, `created_at`, `last_edited_at`) VALUES (39, 1, NULL, 1, NULL, '2017-06-01 00:00:00', NULL);
INSERT INTO `FIPOP`.`location` (`id`, `location_type_id`, `parent_location_id`, `created_by_user_account_id`, `last_edited_by_user_account_id`, `created_at`, `last_edited_at`) VALUES (40, 1, NULL, 1, NULL, '2017-06-01 00:00:00', NULL);
INSERT INTO `FIPOP`.`location` (`id`, `location_type_id`, `parent_location_id`, `created_by_user_account_id`, `last_edited_by_user_account_id`, `created_at`, `last_edited_at`) VALUES (41, 1, NULL, 1, NULL, '2017-06-01 00:00:00', NULL);
INSERT INTO `FIPOP`.`location` (`id`, `location_type_id`, `parent_location_id`, `created_by_user_account_id`, `last_edited_by_user_account_id`, `created_at`, `last_edited_at`) VALUES (42, 1, NULL, 1, NULL, '2017-06-01 00:00:00', NULL);
INSERT INTO `FIPOP`.`location` (`id`, `location_type_id`, `parent_location_id`, `created_by_user_account_id`, `last_edited_by_user_account_id`, `created_at`, `last_edited_at`) VALUES (43, 1, NULL, 1, NULL, '2017-06-01 00:00:00', NULL);
INSERT INTO `FIPOP`.`location` (`id`, `location_type_id`, `parent_location_id`, `created_by_user_account_id`, `last_edited_by_user_account_id`, `created_at`, `last_edited_at`) VALUES (44, 1, NULL, 1, NULL, '2017-06-01 00:00:00', NULL);
INSERT INTO `FIPOP`.`location` (`id`, `location_type_id`, `parent_location_id`, `created_by_user_account_id`, `last_edited_by_user_account_id`, `created_at`, `last_edited_at`) VALUES (45, 1, NULL, 1, NULL, '2017-06-01 00:00:00', NULL);
INSERT INTO `FIPOP`.`location` (`id`, `location_type_id`, `parent_location_id`, `created_by_user_account_id`, `last_edited_by_user_account_id`, `created_at`, `last_edited_at`) VALUES (46, 1, NULL, 1, NULL, '2017-06-01 00:00:00', NULL);
INSERT INTO `FIPOP`.`location` (`id`, `location_type_id`, `parent_location_id`, `created_by_user_account_id`, `last_edited_by_user_account_id`, `created_at`, `last_edited_at`) VALUES (47, 1, NULL, 1, NULL, '2017-06-01 00:00:00', NULL);
INSERT INTO `FIPOP`.`location` (`id`, `location_type_id`, `parent_location_id`, `created_by_user_account_id`, `last_edited_by_user_account_id`, `created_at`, `last_edited_at`) VALUES (48, 1, NULL, 1, NULL, '2017-06-01 00:00:00', NULL);
INSERT INTO `FIPOP`.`location` (`id`, `location_type_id`, `parent_location_id`, `created_by_user_account_id`, `last_edited_by_user_account_id`, `created_at`, `last_edited_at`) VALUES (49, 1, NULL, 1, NULL, '2017-06-01 00:00:00', NULL);
INSERT INTO `FIPOP`.`location` (`id`, `location_type_id`, `parent_location_id`, `created_by_user_account_id`, `last_edited_by_user_account_id`, `created_at`, `last_edited_at`) VALUES (50, 1, NULL, 1, NULL, '2017-06-01 00:00:00', NULL);
INSERT INTO `FIPOP`.`location` (`id`, `location_type_id`, `parent_location_id`, `created_by_user_account_id`, `last_edited_by_user_account_id`, `created_at`, `last_edited_at`) VALUES (51, 1, NULL, 1, NULL, '2017-06-01 00:00:00', NULL);
INSERT INTO `FIPOP`.`location` (`id`, `location_type_id`, `parent_location_id`, `created_by_user_account_id`, `last_edited_by_user_account_id`, `created_at`, `last_edited_at`) VALUES (52, 1, NULL, 1, NULL, '2017-06-01 00:00:00', NULL);
INSERT INTO `FIPOP`.`location` (`id`, `location_type_id`, `parent_location_id`, `created_by_user_account_id`, `last_edited_by_user_account_id`, `created_at`, `last_edited_at`) VALUES (53, 1, NULL, 1, NULL, '2017-06-01 00:00:00', NULL);
INSERT INTO `FIPOP`.`location` (`id`, `location_type_id`, `parent_location_id`, `created_by_user_account_id`, `last_edited_by_user_account_id`, `created_at`, `last_edited_at`) VALUES (54, 1, NULL, 1, NULL, '2017-06-01 00:00:00', NULL);
INSERT INTO `FIPOP`.`location` (`id`, `location_type_id`, `parent_location_id`, `created_by_user_account_id`, `last_edited_by_user_account_id`, `created_at`, `last_edited_at`) VALUES (55, 1, NULL, 1, NULL, '2017-06-01 00:00:00', NULL);
INSERT INTO `FIPOP`.`location` (`id`, `location_type_id`, `parent_location_id`, `created_by_user_account_id`, `last_edited_by_user_account_id`, `created_at`, `last_edited_at`) VALUES (56, 1, NULL, 1, NULL, '2017-06-01 00:00:00', NULL);
INSERT INTO `FIPOP`.`location` (`id`, `location_type_id`, `parent_location_id`, `created_by_user_account_id`, `last_edited_by_user_account_id`, `created_at`, `last_edited_at`) VALUES (57, 1, NULL, 1, NULL, '2017-06-01 00:00:00', NULL);
INSERT INTO `FIPOP`.`location` (`id`, `location_type_id`, `parent_location_id`, `created_by_user_account_id`, `last_edited_by_user_account_id`, `created_at`, `last_edited_at`) VALUES (58, 1, NULL, 1, NULL, '2017-06-01 00:00:00', NULL);
INSERT INTO `FIPOP`.`location` (`id`, `location_type_id`, `parent_location_id`, `created_by_user_account_id`, `last_edited_by_user_account_id`, `created_at`, `last_edited_at`) VALUES (59, 1, NULL, 1, NULL, '2017-06-01 00:00:00', NULL);
INSERT INTO `FIPOP`.`location` (`id`, `location_type_id`, `parent_location_id`, `created_by_user_account_id`, `last_edited_by_user_account_id`, `created_at`, `last_edited_at`) VALUES (60, 1, NULL, 1, NULL, '2017-06-01 00:00:00', NULL);
INSERT INTO `FIPOP`.`location` (`id`, `location_type_id`, `parent_location_id`, `created_by_user_account_id`, `last_edited_by_user_account_id`, `created_at`, `last_edited_at`) VALUES (61, 1, NULL, 1, NULL, '2017-06-01 00:00:00', NULL);
INSERT INTO `FIPOP`.`location` (`id`, `location_type_id`, `parent_location_id`, `created_by_user_account_id`, `last_edited_by_user_account_id`, `created_at`, `last_edited_at`) VALUES (62, 1, NULL, 1, NULL, '2017-06-01 00:00:00', NULL);
INSERT INTO `FIPOP`.`location` (`id`, `location_type_id`, `parent_location_id`, `created_by_user_account_id`, `last_edited_by_user_account_id`, `created_at`, `last_edited_at`) VALUES (63, 1, NULL, 1, NULL, '2017-06-01 00:00:00', NULL);
INSERT INTO `FIPOP`.`location` (`id`, `location_type_id`, `parent_location_id`, `created_by_user_account_id`, `last_edited_by_user_account_id`, `created_at`, `last_edited_at`) VALUES (64, 1, NULL, 1, NULL, '2017-06-01 00:00:00', NULL);
INSERT INTO `FIPOP`.`location` (`id`, `location_type_id`, `parent_location_id`, `created_by_user_account_id`, `last_edited_by_user_account_id`, `created_at`, `last_edited_at`) VALUES (65, 1, NULL, 1, NULL, '2017-06-01 00:00:00', NULL);
INSERT INTO `FIPOP`.`location` (`id`, `location_type_id`, `parent_location_id`, `created_by_user_account_id`, `last_edited_by_user_account_id`, `created_at`, `last_edited_at`) VALUES (66, 1, NULL, 1, NULL, '2017-06-01 00:00:00', NULL);
INSERT INTO `FIPOP`.`location` (`id`, `location_type_id`, `parent_location_id`, `created_by_user_account_id`, `last_edited_by_user_account_id`, `created_at`, `last_edited_at`) VALUES (67, 1, NULL, 1, NULL, '2017-06-01 00:00:00', NULL);
INSERT INTO `FIPOP`.`location` (`id`, `location_type_id`, `parent_location_id`, `created_by_user_account_id`, `last_edited_by_user_account_id`, `created_at`, `last_edited_at`) VALUES (68, 1, NULL, 1, NULL, '2017-06-01 00:00:00', NULL);
INSERT INTO `FIPOP`.`location` (`id`, `location_type_id`, `parent_location_id`, `created_by_user_account_id`, `last_edited_by_user_account_id`, `created_at`, `last_edited_at`) VALUES (69, 1, NULL, 1, NULL, '2017-06-01 00:00:00', NULL);
INSERT INTO `FIPOP`.`location` (`id`, `location_type_id`, `parent_location_id`, `created_by_user_account_id`, `last_edited_by_user_account_id`, `created_at`, `last_edited_at`) VALUES (70, 1, NULL, 1, NULL, '2017-06-01 00:00:00', NULL);
INSERT INTO `FIPOP`.`location` (`id`, `location_type_id`, `parent_location_id`, `created_by_user_account_id`, `last_edited_by_user_account_id`, `created_at`, `last_edited_at`) VALUES (71, 1, NULL, 1, NULL, '2017-06-01 00:00:00', NULL);
INSERT INTO `FIPOP`.`location` (`id`, `location_type_id`, `parent_location_id`, `created_by_user_account_id`, `last_edited_by_user_account_id`, `created_at`, `last_edited_at`) VALUES (72, 1, NULL, 1, NULL, '2017-06-01 00:00:00', NULL);
INSERT INTO `FIPOP`.`location` (`id`, `location_type_id`, `parent_location_id`, `created_by_user_account_id`, `last_edited_by_user_account_id`, `created_at`, `last_edited_at`) VALUES (73, 1, NULL, 1, NULL, '2017-06-01 00:00:00', NULL);
INSERT INTO `FIPOP`.`location` (`id`, `location_type_id`, `parent_location_id`, `created_by_user_account_id`, `last_edited_by_user_account_id`, `created_at`, `last_edited_at`) VALUES (74, 1, NULL, 1, NULL, '2017-06-01 00:00:00', NULL);
INSERT INTO `FIPOP`.`location` (`id`, `location_type_id`, `parent_location_id`, `created_by_user_account_id`, `last_edited_by_user_account_id`, `created_at`, `last_edited_at`) VALUES (75, 1, NULL, 1, NULL, '2017-06-01 00:00:00', NULL);
INSERT INTO `FIPOP`.`location` (`id`, `location_type_id`, `parent_location_id`, `created_by_user_account_id`, `last_edited_by_user_account_id`, `created_at`, `last_edited_at`) VALUES (76, 1, NULL, 1, NULL, '2017-06-01 00:00:00', NULL);
INSERT INTO `FIPOP`.`location` (`id`, `location_type_id`, `parent_location_id`, `created_by_user_account_id`, `last_edited_by_user_account_id`, `created_at`, `last_edited_at`) VALUES (77, 1, NULL, 1, NULL, '2017-06-01 00:00:00', NULL);
INSERT INTO `FIPOP`.`location` (`id`, `location_type_id`, `parent_location_id`, `created_by_user_account_id`, `last_edited_by_user_account_id`, `created_at`, `last_edited_at`) VALUES (78, 1, NULL, 1, NULL, '2017-06-01 00:00:00', NULL);
INSERT INTO `FIPOP`.`location` (`id`, `location_type_id`, `parent_location_id`, `created_by_user_account_id`, `last_edited_by_user_account_id`, `created_at`, `last_edited_at`) VALUES (79, 1, NULL, 1, NULL, '2017-06-01 00:00:00', NULL);
INSERT INTO `FIPOP`.`location` (`id`, `location_type_id`, `parent_location_id`, `created_by_user_account_id`, `last_edited_by_user_account_id`, `created_at`, `last_edited_at`) VALUES (80, 1, NULL, 1, NULL, '2017-06-01 00:00:00', NULL);
INSERT INTO `FIPOP`.`location` (`id`, `location_type_id`, `parent_location_id`, `created_by_user_account_id`, `last_edited_by_user_account_id`, `created_at`, `last_edited_at`) VALUES (81, 1, NULL, 1, NULL, '2017-06-01 00:00:00', NULL);
INSERT INTO `FIPOP`.`location` (`id`, `location_type_id`, `parent_location_id`, `created_by_user_account_id`, `last_edited_by_user_account_id`, `created_at`, `last_edited_at`) VALUES (82, 1, NULL, 1, NULL, '2017-06-01 00:00:00', NULL);
INSERT INTO `FIPOP`.`location` (`id`, `location_type_id`, `parent_location_id`, `created_by_user_account_id`, `last_edited_by_user_account_id`, `created_at`, `last_edited_at`) VALUES (83, 1, NULL, 1, NULL, '2017-06-01 00:00:00', NULL);
INSERT INTO `FIPOP`.`location` (`id`, `location_type_id`, `parent_location_id`, `created_by_user_account_id`, `last_edited_by_user_account_id`, `created_at`, `last_edited_at`) VALUES (84, 1, NULL, 1, NULL, '2017-06-01 00:00:00', NULL);
INSERT INTO `FIPOP`.`location` (`id`, `location_type_id`, `parent_location_id`, `created_by_user_account_id`, `last_edited_by_user_account_id`, `created_at`, `last_edited_at`) VALUES (85, 1, NULL, 1, NULL, '2017-06-01 00:00:00', NULL);
INSERT INTO `FIPOP`.`location` (`id`, `location_type_id`, `parent_location_id`, `created_by_user_account_id`, `last_edited_by_user_account_id`, `created_at`, `last_edited_at`) VALUES (86, 1, NULL, 1, NULL, '2017-06-01 00:00:00', NULL);
INSERT INTO `FIPOP`.`location` (`id`, `location_type_id`, `parent_location_id`, `created_by_user_account_id`, `last_edited_by_user_account_id`, `created_at`, `last_edited_at`) VALUES (87, 1, NULL, 1, NULL, '2017-06-01 00:00:00', NULL);
INSERT INTO `FIPOP`.`location` (`id`, `location_type_id`, `parent_location_id`, `created_by_user_account_id`, `last_edited_by_user_account_id`, `created_at`, `last_edited_at`) VALUES (88, 1, NULL, 1, NULL, '2017-06-01 00:00:00', NULL);
INSERT INTO `FIPOP`.`location` (`id`, `location_type_id`, `parent_location_id`, `created_by_user_account_id`, `last_edited_by_user_account_id`, `created_at`, `last_edited_at`) VALUES (89, 1, NULL, 1, NULL, '2017-06-01 00:00:00', NULL);
INSERT INTO `FIPOP`.`location` (`id`, `location_type_id`, `parent_location_id`, `created_by_user_account_id`, `last_edited_by_user_account_id`, `created_at`, `last_edited_at`) VALUES (90, 1, NULL, 1, NULL, '2017-06-01 00:00:00', NULL);
INSERT INTO `FIPOP`.`location` (`id`, `location_type_id`, `parent_location_id`, `created_by_user_account_id`, `last_edited_by_user_account_id`, `created_at`, `last_edited_at`) VALUES (91, 1, NULL, 1, NULL, '2017-06-01 00:00:00', NULL);
INSERT INTO `FIPOP`.`location` (`id`, `location_type_id`, `parent_location_id`, `created_by_user_account_id`, `last_edited_by_user_account_id`, `created_at`, `last_edited_at`) VALUES (92, 1, NULL, 1, NULL, '2017-06-01 00:00:00', NULL);
INSERT INTO `FIPOP`.`location` (`id`, `location_type_id`, `parent_location_id`, `created_by_user_account_id`, `last_edited_by_user_account_id`, `created_at`, `last_edited_at`) VALUES (93, 1, NULL, 1, NULL, '2017-06-01 00:00:00', NULL);
INSERT INTO `FIPOP`.`location` (`id`, `location_type_id`, `parent_location_id`, `created_by_user_account_id`, `last_edited_by_user_account_id`, `created_at`, `last_edited_at`) VALUES (94, 1, NULL, 1, NULL, '2017-06-01 00:00:00', NULL);
INSERT INTO `FIPOP`.`location` (`id`, `location_type_id`, `parent_location_id`, `created_by_user_account_id`, `last_edited_by_user_account_id`, `created_at`, `last_edited_at`) VALUES (95, 1, NULL, 1, NULL, '2017-06-01 00:00:00', NULL);
INSERT INTO `FIPOP`.`location` (`id`, `location_type_id`, `parent_location_id`, `created_by_user_account_id`, `last_edited_by_user_account_id`, `created_at`, `last_edited_at`) VALUES (96, 1, NULL, 1, NULL, '2017-06-01 00:00:00', NULL);
INSERT INTO `FIPOP`.`location` (`id`, `location_type_id`, `parent_location_id`, `created_by_user_account_id`, `last_edited_by_user_account_id`, `created_at`, `last_edited_at`) VALUES (97, 1, NULL, 1, NULL, '2017-06-01 00:00:00', NULL);
INSERT INTO `FIPOP`.`location` (`id`, `location_type_id`, `parent_location_id`, `created_by_user_account_id`, `last_edited_by_user_account_id`, `created_at`, `last_edited_at`) VALUES (98, 1, NULL, 1, NULL, '2017-06-01 00:00:00', NULL);
INSERT INTO `FIPOP`.`location` (`id`, `location_type_id`, `parent_location_id`, `created_by_user_account_id`, `last_edited_by_user_account_id`, `created_at`, `last_edited_at`) VALUES (99, 1, NULL, 1, NULL, '2017-06-01 00:00:00', NULL);
INSERT INTO `FIPOP`.`location` (`id`, `location_type_id`, `parent_location_id`, `created_by_user_account_id`, `last_edited_by_user_account_id`, `created_at`, `last_edited_at`) VALUES (100, 1, NULL, 1, NULL, '2017-06-01 00:00:00', NULL);
INSERT INTO `FIPOP`.`location` (`id`, `location_type_id`, `parent_location_id`, `created_by_user_account_id`, `last_edited_by_user_account_id`, `created_at`, `last_edited_at`) VALUES (101, 1, NULL, 1, NULL, '2017-06-01 00:00:00', NULL);
INSERT INTO `FIPOP`.`location` (`id`, `location_type_id`, `parent_location_id`, `created_by_user_account_id`, `last_edited_by_user_account_id`, `created_at`, `last_edited_at`) VALUES (102, 1, NULL, 1, NULL, '2017-06-01 00:00:00', NULL);
INSERT INTO `FIPOP`.`location` (`id`, `location_type_id`, `parent_location_id`, `created_by_user_account_id`, `last_edited_by_user_account_id`, `created_at`, `last_edited_at`) VALUES (103, 1, NULL, 1, NULL, '2017-06-01 00:00:00', NULL);
INSERT INTO `FIPOP`.`location` (`id`, `location_type_id`, `parent_location_id`, `created_by_user_account_id`, `last_edited_by_user_account_id`, `created_at`, `last_edited_at`) VALUES (104, 1, NULL, 1, NULL, '2017-06-01 00:00:00', NULL);
INSERT INTO `FIPOP`.`location` (`id`, `location_type_id`, `parent_location_id`, `created_by_user_account_id`, `last_edited_by_user_account_id`, `created_at`, `last_edited_at`) VALUES (105, 1, NULL, 1, NULL, '2017-06-01 00:00:00', NULL);
INSERT INTO `FIPOP`.`location` (`id`, `location_type_id`, `parent_location_id`, `created_by_user_account_id`, `last_edited_by_user_account_id`, `created_at`, `last_edited_at`) VALUES (106, 1, NULL, 1, NULL, '2017-06-01 00:00:00', NULL);
INSERT INTO `FIPOP`.`location` (`id`, `location_type_id`, `parent_location_id`, `created_by_user_account_id`, `last_edited_by_user_account_id`, `created_at`, `last_edited_at`) VALUES (107, 1, NULL, 1, NULL, '2017-06-01 00:00:00', NULL);
INSERT INTO `FIPOP`.`location` (`id`, `location_type_id`, `parent_location_id`, `created_by_user_account_id`, `last_edited_by_user_account_id`, `created_at`, `last_edited_at`) VALUES (108, 1, NULL, 1, NULL, '2017-06-01 00:00:00', NULL);
INSERT INTO `FIPOP`.`location` (`id`, `location_type_id`, `parent_location_id`, `created_by_user_account_id`, `last_edited_by_user_account_id`, `created_at`, `last_edited_at`) VALUES (109, 1, NULL, 1, NULL, '2017-06-01 00:00:00', NULL);
INSERT INTO `FIPOP`.`location` (`id`, `location_type_id`, `parent_location_id`, `created_by_user_account_id`, `last_edited_by_user_account_id`, `created_at`, `last_edited_at`) VALUES (110, 1, NULL, 1, NULL, '2017-06-01 00:00:00', NULL);
INSERT INTO `FIPOP`.`location` (`id`, `location_type_id`, `parent_location_id`, `created_by_user_account_id`, `last_edited_by_user_account_id`, `created_at`, `last_edited_at`) VALUES (111, 1, NULL, 1, NULL, '2017-06-01 00:00:00', NULL);
INSERT INTO `FIPOP`.`location` (`id`, `location_type_id`, `parent_location_id`, `created_by_user_account_id`, `last_edited_by_user_account_id`, `created_at`, `last_edited_at`) VALUES (112, 1, NULL, 1, NULL, '2017-06-01 00:00:00', NULL);
INSERT INTO `FIPOP`.`location` (`id`, `location_type_id`, `parent_location_id`, `created_by_user_account_id`, `last_edited_by_user_account_id`, `created_at`, `last_edited_at`) VALUES (113, 1, NULL, 1, NULL, '2017-06-01 00:00:00', NULL);
INSERT INTO `FIPOP`.`location` (`id`, `location_type_id`, `parent_location_id`, `created_by_user_account_id`, `last_edited_by_user_account_id`, `created_at`, `last_edited_at`) VALUES (114, 1, NULL, 1, NULL, '2017-06-01 00:00:00', NULL);
INSERT INTO `FIPOP`.`location` (`id`, `location_type_id`, `parent_location_id`, `created_by_user_account_id`, `last_edited_by_user_account_id`, `created_at`, `last_edited_at`) VALUES (115, 1, NULL, 1, NULL, '2017-06-01 00:00:00', NULL);
INSERT INTO `FIPOP`.`location` (`id`, `location_type_id`, `parent_location_id`, `created_by_user_account_id`, `last_edited_by_user_account_id`, `created_at`, `last_edited_at`) VALUES (116, 1, NULL, 1, NULL, '2017-06-01 00:00:00', NULL);
INSERT INTO `FIPOP`.`location` (`id`, `location_type_id`, `parent_location_id`, `created_by_user_account_id`, `last_edited_by_user_account_id`, `created_at`, `last_edited_at`) VALUES (117, 1, NULL, 1, NULL, '2017-06-01 00:00:00', NULL);
INSERT INTO `FIPOP`.`location` (`id`, `location_type_id`, `parent_location_id`, `created_by_user_account_id`, `last_edited_by_user_account_id`, `created_at`, `last_edited_at`) VALUES (118, 1, NULL, 1, NULL, '2017-06-01 00:00:00', NULL);
INSERT INTO `FIPOP`.`location` (`id`, `location_type_id`, `parent_location_id`, `created_by_user_account_id`, `last_edited_by_user_account_id`, `created_at`, `last_edited_at`) VALUES (119, 1, NULL, 1, NULL, '2017-06-01 00:00:00', NULL);
INSERT INTO `FIPOP`.`location` (`id`, `location_type_id`, `parent_location_id`, `created_by_user_account_id`, `last_edited_by_user_account_id`, `created_at`, `last_edited_at`) VALUES (120, 1, NULL, 1, NULL, '2017-06-01 00:00:00', NULL);
INSERT INTO `FIPOP`.`location` (`id`, `location_type_id`, `parent_location_id`, `created_by_user_account_id`, `last_edited_by_user_account_id`, `created_at`, `last_edited_at`) VALUES (121, 1, NULL, 1, NULL, '2017-06-01 00:00:00', NULL);
INSERT INTO `FIPOP`.`location` (`id`, `location_type_id`, `parent_location_id`, `created_by_user_account_id`, `last_edited_by_user_account_id`, `created_at`, `last_edited_at`) VALUES (122, 1, NULL, 1, NULL, '2017-06-01 00:00:00', NULL);
INSERT INTO `FIPOP`.`location` (`id`, `location_type_id`, `parent_location_id`, `created_by_user_account_id`, `last_edited_by_user_account_id`, `created_at`, `last_edited_at`) VALUES (123, 1, NULL, 1, NULL, '2017-06-01 00:00:00', NULL);
INSERT INTO `FIPOP`.`location` (`id`, `location_type_id`, `parent_location_id`, `created_by_user_account_id`, `last_edited_by_user_account_id`, `created_at`, `last_edited_at`) VALUES (124, 1, NULL, 1, NULL, '2017-06-01 00:00:00', NULL);
INSERT INTO `FIPOP`.`location` (`id`, `location_type_id`, `parent_location_id`, `created_by_user_account_id`, `last_edited_by_user_account_id`, `created_at`, `last_edited_at`) VALUES (125, 1, NULL, 1, NULL, '2017-06-01 00:00:00', NULL);
INSERT INTO `FIPOP`.`location` (`id`, `location_type_id`, `parent_location_id`, `created_by_user_account_id`, `last_edited_by_user_account_id`, `created_at`, `last_edited_at`) VALUES (126, 1, NULL, 1, NULL, '2017-06-01 00:00:00', NULL);
INSERT INTO `FIPOP`.`location` (`id`, `location_type_id`, `parent_location_id`, `created_by_user_account_id`, `last_edited_by_user_account_id`, `created_at`, `last_edited_at`) VALUES (127, 1, NULL, 1, NULL, '2017-06-01 00:00:00', NULL);
INSERT INTO `FIPOP`.`location` (`id`, `location_type_id`, `parent_location_id`, `created_by_user_account_id`, `last_edited_by_user_account_id`, `created_at`, `last_edited_at`) VALUES (128, 1, NULL, 1, NULL, '2017-06-01 00:00:00', NULL);
INSERT INTO `FIPOP`.`location` (`id`, `location_type_id`, `parent_location_id`, `created_by_user_account_id`, `last_edited_by_user_account_id`, `created_at`, `last_edited_at`) VALUES (129, 1, NULL, 1, NULL, '2017-06-01 00:00:00', NULL);
INSERT INTO `FIPOP`.`location` (`id`, `location_type_id`, `parent_location_id`, `created_by_user_account_id`, `last_edited_by_user_account_id`, `created_at`, `last_edited_at`) VALUES (130, 1, NULL, 1, NULL, '2017-06-01 00:00:00', NULL);
INSERT INTO `FIPOP`.`location` (`id`, `location_type_id`, `parent_location_id`, `created_by_user_account_id`, `last_edited_by_user_account_id`, `created_at`, `last_edited_at`) VALUES (131, 1, NULL, 1, NULL, '2017-06-01 00:00:00', NULL);
INSERT INTO `FIPOP`.`location` (`id`, `location_type_id`, `parent_location_id`, `created_by_user_account_id`, `last_edited_by_user_account_id`, `created_at`, `last_edited_at`) VALUES (132, 1, NULL, 1, NULL, '2017-06-01 00:00:00', NULL);
INSERT INTO `FIPOP`.`location` (`id`, `location_type_id`, `parent_location_id`, `created_by_user_account_id`, `last_edited_by_user_account_id`, `created_at`, `last_edited_at`) VALUES (133, 1, NULL, 1, NULL, '2017-06-01 00:00:00', NULL);
INSERT INTO `FIPOP`.`location` (`id`, `location_type_id`, `parent_location_id`, `created_by_user_account_id`, `last_edited_by_user_account_id`, `created_at`, `last_edited_at`) VALUES (134, 1, NULL, 1, NULL, '2017-06-01 00:00:00', NULL);
INSERT INTO `FIPOP`.`location` (`id`, `location_type_id`, `parent_location_id`, `created_by_user_account_id`, `last_edited_by_user_account_id`, `created_at`, `last_edited_at`) VALUES (135, 1, NULL, 1, NULL, '2017-06-01 00:00:00', NULL);
INSERT INTO `FIPOP`.`location` (`id`, `location_type_id`, `parent_location_id`, `created_by_user_account_id`, `last_edited_by_user_account_id`, `created_at`, `last_edited_at`) VALUES (136, 1, NULL, 1, NULL, '2017-06-01 00:00:00', NULL);
INSERT INTO `FIPOP`.`location` (`id`, `location_type_id`, `parent_location_id`, `created_by_user_account_id`, `last_edited_by_user_account_id`, `created_at`, `last_edited_at`) VALUES (137, 1, NULL, 1, NULL, '2017-06-01 00:00:00', NULL);
INSERT INTO `FIPOP`.`location` (`id`, `location_type_id`, `parent_location_id`, `created_by_user_account_id`, `last_edited_by_user_account_id`, `created_at`, `last_edited_at`) VALUES (138, 1, NULL, 1, NULL, '2017-06-01 00:00:00', NULL);
INSERT INTO `FIPOP`.`location` (`id`, `location_type_id`, `parent_location_id`, `created_by_user_account_id`, `last_edited_by_user_account_id`, `created_at`, `last_edited_at`) VALUES (139, 1, NULL, 1, NULL, '2017-06-01 00:00:00', NULL);
INSERT INTO `FIPOP`.`location` (`id`, `location_type_id`, `parent_location_id`, `created_by_user_account_id`, `last_edited_by_user_account_id`, `created_at`, `last_edited_at`) VALUES (140, 1, NULL, 1, NULL, '2017-06-01 00:00:00', NULL);
INSERT INTO `FIPOP`.`location` (`id`, `location_type_id`, `parent_location_id`, `created_by_user_account_id`, `last_edited_by_user_account_id`, `created_at`, `last_edited_at`) VALUES (141, 1, NULL, 1, NULL, '2017-06-01 00:00:00', NULL);
INSERT INTO `FIPOP`.`location` (`id`, `location_type_id`, `parent_location_id`, `created_by_user_account_id`, `last_edited_by_user_account_id`, `created_at`, `last_edited_at`) VALUES (142, 1, NULL, 1, NULL, '2017-06-01 00:00:00', NULL);
INSERT INTO `FIPOP`.`location` (`id`, `location_type_id`, `parent_location_id`, `created_by_user_account_id`, `last_edited_by_user_account_id`, `created_at`, `last_edited_at`) VALUES (143, 1, NULL, 1, NULL, '2017-06-01 00:00:00', NULL);
INSERT INTO `FIPOP`.`location` (`id`, `location_type_id`, `parent_location_id`, `created_by_user_account_id`, `last_edited_by_user_account_id`, `created_at`, `last_edited_at`) VALUES (144, 1, NULL, 1, NULL, '2017-06-01 00:00:00', NULL);
INSERT INTO `FIPOP`.`location` (`id`, `location_type_id`, `parent_location_id`, `created_by_user_account_id`, `last_edited_by_user_account_id`, `created_at`, `last_edited_at`) VALUES (145, 1, NULL, 1, NULL, '2017-06-01 00:00:00', NULL);
INSERT INTO `FIPOP`.`location` (`id`, `location_type_id`, `parent_location_id`, `created_by_user_account_id`, `last_edited_by_user_account_id`, `created_at`, `last_edited_at`) VALUES (146, 1, NULL, 1, NULL, '2017-06-01 00:00:00', NULL);
INSERT INTO `FIPOP`.`location` (`id`, `location_type_id`, `parent_location_id`, `created_by_user_account_id`, `last_edited_by_user_account_id`, `created_at`, `last_edited_at`) VALUES (147, 1, NULL, 1, NULL, '2017-06-01 00:00:00', NULL);
INSERT INTO `FIPOP`.`location` (`id`, `location_type_id`, `parent_location_id`, `created_by_user_account_id`, `last_edited_by_user_account_id`, `created_at`, `last_edited_at`) VALUES (148, 1, NULL, 1, NULL, '2017-06-01 00:00:00', NULL);
INSERT INTO `FIPOP`.`location` (`id`, `location_type_id`, `parent_location_id`, `created_by_user_account_id`, `last_edited_by_user_account_id`, `created_at`, `last_edited_at`) VALUES (149, 1, NULL, 1, NULL, '2017-06-01 00:00:00', NULL);
INSERT INTO `FIPOP`.`location` (`id`, `location_type_id`, `parent_location_id`, `created_by_user_account_id`, `last_edited_by_user_account_id`, `created_at`, `last_edited_at`) VALUES (150, 1, NULL, 1, NULL, '2017-06-01 00:00:00', NULL);
INSERT INTO `FIPOP`.`location` (`id`, `location_type_id`, `parent_location_id`, `created_by_user_account_id`, `last_edited_by_user_account_id`, `created_at`, `last_edited_at`) VALUES (151, 1, NULL, 1, NULL, '2017-06-01 00:00:00', NULL);
INSERT INTO `FIPOP`.`location` (`id`, `location_type_id`, `parent_location_id`, `created_by_user_account_id`, `last_edited_by_user_account_id`, `created_at`, `last_edited_at`) VALUES (152, 1, NULL, 1, NULL, '2017-06-01 00:00:00', NULL);
INSERT INTO `FIPOP`.`location` (`id`, `location_type_id`, `parent_location_id`, `created_by_user_account_id`, `last_edited_by_user_account_id`, `created_at`, `last_edited_at`) VALUES (153, 1, NULL, 1, NULL, '2017-06-01 00:00:00', NULL);
INSERT INTO `FIPOP`.`location` (`id`, `location_type_id`, `parent_location_id`, `created_by_user_account_id`, `last_edited_by_user_account_id`, `created_at`, `last_edited_at`) VALUES (154, 1, NULL, 1, NULL, '2017-06-01 00:00:00', NULL);
INSERT INTO `FIPOP`.`location` (`id`, `location_type_id`, `parent_location_id`, `created_by_user_account_id`, `last_edited_by_user_account_id`, `created_at`, `last_edited_at`) VALUES (155, 1, NULL, 1, NULL, '2017-06-01 00:00:00', NULL);
INSERT INTO `FIPOP`.`location` (`id`, `location_type_id`, `parent_location_id`, `created_by_user_account_id`, `last_edited_by_user_account_id`, `created_at`, `last_edited_at`) VALUES (156, 1, NULL, 1, NULL, '2017-06-01 00:00:00', NULL);
INSERT INTO `FIPOP`.`location` (`id`, `location_type_id`, `parent_location_id`, `created_by_user_account_id`, `last_edited_by_user_account_id`, `created_at`, `last_edited_at`) VALUES (157, 1, NULL, 1, NULL, '2017-06-01 00:00:00', NULL);
INSERT INTO `FIPOP`.`location` (`id`, `location_type_id`, `parent_location_id`, `created_by_user_account_id`, `last_edited_by_user_account_id`, `created_at`, `last_edited_at`) VALUES (158, 1, NULL, 1, NULL, '2017-06-01 00:00:00', NULL);
INSERT INTO `FIPOP`.`location` (`id`, `location_type_id`, `parent_location_id`, `created_by_user_account_id`, `last_edited_by_user_account_id`, `created_at`, `last_edited_at`) VALUES (159, 1, NULL, 1, NULL, '2017-06-01 00:00:00', NULL);
INSERT INTO `FIPOP`.`location` (`id`, `location_type_id`, `parent_location_id`, `created_by_user_account_id`, `last_edited_by_user_account_id`, `created_at`, `last_edited_at`) VALUES (160, 1, NULL, 1, NULL, '2017-06-01 00:00:00', NULL);
INSERT INTO `FIPOP`.`location` (`id`, `location_type_id`, `parent_location_id`, `created_by_user_account_id`, `last_edited_by_user_account_id`, `created_at`, `last_edited_at`) VALUES (161, 1, NULL, 1, NULL, '2017-06-01 00:00:00', NULL);
INSERT INTO `FIPOP`.`location` (`id`, `location_type_id`, `parent_location_id`, `created_by_user_account_id`, `last_edited_by_user_account_id`, `created_at`, `last_edited_at`) VALUES (162, 1, NULL, 1, NULL, '2017-06-01 00:00:00', NULL);
INSERT INTO `FIPOP`.`location` (`id`, `location_type_id`, `parent_location_id`, `created_by_user_account_id`, `last_edited_by_user_account_id`, `created_at`, `last_edited_at`) VALUES (163, 1, NULL, 1, NULL, '2017-06-01 00:00:00', NULL);
INSERT INTO `FIPOP`.`location` (`id`, `location_type_id`, `parent_location_id`, `created_by_user_account_id`, `last_edited_by_user_account_id`, `created_at`, `last_edited_at`) VALUES (164, 1, NULL, 1, NULL, '2017-06-01 00:00:00', NULL);
INSERT INTO `FIPOP`.`location` (`id`, `location_type_id`, `parent_location_id`, `created_by_user_account_id`, `last_edited_by_user_account_id`, `created_at`, `last_edited_at`) VALUES (165, 1, NULL, 1, NULL, '2017-06-01 00:00:00', NULL);
INSERT INTO `FIPOP`.`location` (`id`, `location_type_id`, `parent_location_id`, `created_by_user_account_id`, `last_edited_by_user_account_id`, `created_at`, `last_edited_at`) VALUES (166, 1, NULL, 1, NULL, '2017-06-01 00:00:00', NULL);
INSERT INTO `FIPOP`.`location` (`id`, `location_type_id`, `parent_location_id`, `created_by_user_account_id`, `last_edited_by_user_account_id`, `created_at`, `last_edited_at`) VALUES (167, 1, NULL, 1, NULL, '2017-06-01 00:00:00', NULL);
INSERT INTO `FIPOP`.`location` (`id`, `location_type_id`, `parent_location_id`, `created_by_user_account_id`, `last_edited_by_user_account_id`, `created_at`, `last_edited_at`) VALUES (168, 1, NULL, 1, NULL, '2017-06-01 00:00:00', NULL);
INSERT INTO `FIPOP`.`location` (`id`, `location_type_id`, `parent_location_id`, `created_by_user_account_id`, `last_edited_by_user_account_id`, `created_at`, `last_edited_at`) VALUES (169, 1, NULL, 1, NULL, '2017-06-01 00:00:00', NULL);
INSERT INTO `FIPOP`.`location` (`id`, `location_type_id`, `parent_location_id`, `created_by_user_account_id`, `last_edited_by_user_account_id`, `created_at`, `last_edited_at`) VALUES (170, 1, NULL, 1, NULL, '2017-06-01 00:00:00', NULL);
INSERT INTO `FIPOP`.`location` (`id`, `location_type_id`, `parent_location_id`, `created_by_user_account_id`, `last_edited_by_user_account_id`, `created_at`, `last_edited_at`) VALUES (171, 1, NULL, 1, NULL, '2017-06-01 00:00:00', NULL);
INSERT INTO `FIPOP`.`location` (`id`, `location_type_id`, `parent_location_id`, `created_by_user_account_id`, `last_edited_by_user_account_id`, `created_at`, `last_edited_at`) VALUES (172, 1, NULL, 1, NULL, '2017-06-01 00:00:00', NULL);
INSERT INTO `FIPOP`.`location` (`id`, `location_type_id`, `parent_location_id`, `created_by_user_account_id`, `last_edited_by_user_account_id`, `created_at`, `last_edited_at`) VALUES (173, 1, NULL, 1, NULL, '2017-06-01 00:00:00', NULL);
INSERT INTO `FIPOP`.`location` (`id`, `location_type_id`, `parent_location_id`, `created_by_user_account_id`, `last_edited_by_user_account_id`, `created_at`, `last_edited_at`) VALUES (174, 1, NULL, 1, NULL, '2017-06-01 00:00:00', NULL);
INSERT INTO `FIPOP`.`location` (`id`, `location_type_id`, `parent_location_id`, `created_by_user_account_id`, `last_edited_by_user_account_id`, `created_at`, `last_edited_at`) VALUES (175, 1, NULL, 1, NULL, '2017-06-01 00:00:00', NULL);
INSERT INTO `FIPOP`.`location` (`id`, `location_type_id`, `parent_location_id`, `created_by_user_account_id`, `last_edited_by_user_account_id`, `created_at`, `last_edited_at`) VALUES (176, 1, NULL, 1, NULL, '2017-06-01 00:00:00', NULL);
INSERT INTO `FIPOP`.`location` (`id`, `location_type_id`, `parent_location_id`, `created_by_user_account_id`, `last_edited_by_user_account_id`, `created_at`, `last_edited_at`) VALUES (177, 1, NULL, 1, NULL, '2017-06-01 00:00:00', NULL);
INSERT INTO `FIPOP`.`location` (`id`, `location_type_id`, `parent_location_id`, `created_by_user_account_id`, `last_edited_by_user_account_id`, `created_at`, `last_edited_at`) VALUES (178, 1, NULL, 1, NULL, '2017-06-01 00:00:00', NULL);
INSERT INTO `FIPOP`.`location` (`id`, `location_type_id`, `parent_location_id`, `created_by_user_account_id`, `last_edited_by_user_account_id`, `created_at`, `last_edited_at`) VALUES (179, 1, NULL, 1, NULL, '2017-06-01 00:00:00', NULL);
INSERT INTO `FIPOP`.`location` (`id`, `location_type_id`, `parent_location_id`, `created_by_user_account_id`, `last_edited_by_user_account_id`, `created_at`, `last_edited_at`) VALUES (180, 1, NULL, 1, NULL, '2017-06-01 00:00:00', NULL);
INSERT INTO `FIPOP`.`location` (`id`, `location_type_id`, `parent_location_id`, `created_by_user_account_id`, `last_edited_by_user_account_id`, `created_at`, `last_edited_at`) VALUES (181, 1, NULL, 1, NULL, '2017-06-01 00:00:00', NULL);
INSERT INTO `FIPOP`.`location` (`id`, `location_type_id`, `parent_location_id`, `created_by_user_account_id`, `last_edited_by_user_account_id`, `created_at`, `last_edited_at`) VALUES (182, 1, NULL, 1, NULL, '2017-06-01 00:00:00', NULL);
INSERT INTO `FIPOP`.`location` (`id`, `location_type_id`, `parent_location_id`, `created_by_user_account_id`, `last_edited_by_user_account_id`, `created_at`, `last_edited_at`) VALUES (183, 1, NULL, 1, NULL, '2017-06-01 00:00:00', NULL);
INSERT INTO `FIPOP`.`location` (`id`, `location_type_id`, `parent_location_id`, `created_by_user_account_id`, `last_edited_by_user_account_id`, `created_at`, `last_edited_at`) VALUES (184, 1, NULL, 1, NULL, '2017-06-01 00:00:00', NULL);
INSERT INTO `FIPOP`.`location` (`id`, `location_type_id`, `parent_location_id`, `created_by_user_account_id`, `last_edited_by_user_account_id`, `created_at`, `last_edited_at`) VALUES (185, 1, NULL, 1, NULL, '2017-06-01 00:00:00', NULL);
INSERT INTO `FIPOP`.`location` (`id`, `location_type_id`, `parent_location_id`, `created_by_user_account_id`, `last_edited_by_user_account_id`, `created_at`, `last_edited_at`) VALUES (186, 1, NULL, 1, NULL, '2017-06-01 00:00:00', NULL);
INSERT INTO `FIPOP`.`location` (`id`, `location_type_id`, `parent_location_id`, `created_by_user_account_id`, `last_edited_by_user_account_id`, `created_at`, `last_edited_at`) VALUES (187, 1, NULL, 1, NULL, '2017-06-01 00:00:00', NULL);
INSERT INTO `FIPOP`.`location` (`id`, `location_type_id`, `parent_location_id`, `created_by_user_account_id`, `last_edited_by_user_account_id`, `created_at`, `last_edited_at`) VALUES (188, 1, NULL, 1, NULL, '2017-06-01 00:00:00', NULL);
INSERT INTO `FIPOP`.`location` (`id`, `location_type_id`, `parent_location_id`, `created_by_user_account_id`, `last_edited_by_user_account_id`, `created_at`, `last_edited_at`) VALUES (189, 1, NULL, 1, NULL, '2017-06-01 00:00:00', NULL);
INSERT INTO `FIPOP`.`location` (`id`, `location_type_id`, `parent_location_id`, `created_by_user_account_id`, `last_edited_by_user_account_id`, `created_at`, `last_edited_at`) VALUES (190, 1, NULL, 1, NULL, '2017-06-01 00:00:00', NULL);
INSERT INTO `FIPOP`.`location` (`id`, `location_type_id`, `parent_location_id`, `created_by_user_account_id`, `last_edited_by_user_account_id`, `created_at`, `last_edited_at`) VALUES (191, 1, NULL, 1, NULL, '2017-06-01 00:00:00', NULL);
INSERT INTO `FIPOP`.`location` (`id`, `location_type_id`, `parent_location_id`, `created_by_user_account_id`, `last_edited_by_user_account_id`, `created_at`, `last_edited_at`) VALUES (192, 1, NULL, 1, NULL, '2017-06-01 00:00:00', NULL);
INSERT INTO `FIPOP`.`location` (`id`, `location_type_id`, `parent_location_id`, `created_by_user_account_id`, `last_edited_by_user_account_id`, `created_at`, `last_edited_at`) VALUES (193, 1, NULL, 1, NULL, '2017-06-01 00:00:00', NULL);
INSERT INTO `FIPOP`.`location` (`id`, `location_type_id`, `parent_location_id`, `created_by_user_account_id`, `last_edited_by_user_account_id`, `created_at`, `last_edited_at`) VALUES (194, 1, NULL, 1, NULL, '2017-06-01 00:00:00', NULL);
INSERT INTO `FIPOP`.`location` (`id`, `location_type_id`, `parent_location_id`, `created_by_user_account_id`, `last_edited_by_user_account_id`, `created_at`, `last_edited_at`) VALUES (195, 1, NULL, 1, NULL, '2017-06-01 00:00:00', NULL);
INSERT INTO `FIPOP`.`location` (`id`, `location_type_id`, `parent_location_id`, `created_by_user_account_id`, `last_edited_by_user_account_id`, `created_at`, `last_edited_at`) VALUES (196, 1, NULL, 1, NULL, '2017-06-01 00:00:00', NULL);
INSERT INTO `FIPOP`.`location` (`id`, `location_type_id`, `parent_location_id`, `created_by_user_account_id`, `last_edited_by_user_account_id`, `created_at`, `last_edited_at`) VALUES (197, 1, NULL, 1, NULL, '2017-06-01 00:00:00', NULL);
INSERT INTO `FIPOP`.`location` (`id`, `location_type_id`, `parent_location_id`, `created_by_user_account_id`, `last_edited_by_user_account_id`, `created_at`, `last_edited_at`) VALUES (198, 1, NULL, 1, NULL, '2017-06-01 00:00:00', NULL);
INSERT INTO `FIPOP`.`location` (`id`, `location_type_id`, `parent_location_id`, `created_by_user_account_id`, `last_edited_by_user_account_id`, `created_at`, `last_edited_at`) VALUES (199, 1, NULL, 1, NULL, '2017-06-01 00:00:00', NULL);
INSERT INTO `FIPOP`.`location` (`id`, `location_type_id`, `parent_location_id`, `created_by_user_account_id`, `last_edited_by_user_account_id`, `created_at`, `last_edited_at`) VALUES (200, 1, NULL, 1, NULL, '2017-06-01 00:00:00', NULL);
INSERT INTO `FIPOP`.`location` (`id`, `location_type_id`, `parent_location_id`, `created_by_user_account_id`, `last_edited_by_user_account_id`, `created_at`, `last_edited_at`) VALUES (201, 1, NULL, 1, NULL, '2017-06-01 00:00:00', NULL);
INSERT INTO `FIPOP`.`location` (`id`, `location_type_id`, `parent_location_id`, `created_by_user_account_id`, `last_edited_by_user_account_id`, `created_at`, `last_edited_at`) VALUES (202, 1, NULL, 1, NULL, '2017-06-01 00:00:00', NULL);
INSERT INTO `FIPOP`.`location` (`id`, `location_type_id`, `parent_location_id`, `created_by_user_account_id`, `last_edited_by_user_account_id`, `created_at`, `last_edited_at`) VALUES (203, 1, NULL, 1, NULL, '2017-06-01 00:00:00', NULL);
INSERT INTO `FIPOP`.`location` (`id`, `location_type_id`, `parent_location_id`, `created_by_user_account_id`, `last_edited_by_user_account_id`, `created_at`, `last_edited_at`) VALUES (204, 1, NULL, 1, NULL, '2017-06-01 00:00:00', NULL);
INSERT INTO `FIPOP`.`location` (`id`, `location_type_id`, `parent_location_id`, `created_by_user_account_id`, `last_edited_by_user_account_id`, `created_at`, `last_edited_at`) VALUES (205, 1, NULL, 1, NULL, '2017-06-01 00:00:00', NULL);
INSERT INTO `FIPOP`.`location` (`id`, `location_type_id`, `parent_location_id`, `created_by_user_account_id`, `last_edited_by_user_account_id`, `created_at`, `last_edited_at`) VALUES (206, 1, NULL, 1, NULL, '2017-06-01 00:00:00', NULL);
INSERT INTO `FIPOP`.`location` (`id`, `location_type_id`, `parent_location_id`, `created_by_user_account_id`, `last_edited_by_user_account_id`, `created_at`, `last_edited_at`) VALUES (207, 1, NULL, 1, NULL, '2017-06-01 00:00:00', NULL);
INSERT INTO `FIPOP`.`location` (`id`, `location_type_id`, `parent_location_id`, `created_by_user_account_id`, `last_edited_by_user_account_id`, `created_at`, `last_edited_at`) VALUES (208, 1, NULL, 1, NULL, '2017-06-01 00:00:00', NULL);
INSERT INTO `FIPOP`.`location` (`id`, `location_type_id`, `parent_location_id`, `created_by_user_account_id`, `last_edited_by_user_account_id`, `created_at`, `last_edited_at`) VALUES (209, 1, NULL, 1, NULL, '2017-06-01 00:00:00', NULL);
INSERT INTO `FIPOP`.`location` (`id`, `location_type_id`, `parent_location_id`, `created_by_user_account_id`, `last_edited_by_user_account_id`, `created_at`, `last_edited_at`) VALUES (210, 1, NULL, 1, NULL, '2017-06-01 00:00:00', NULL);
INSERT INTO `FIPOP`.`location` (`id`, `location_type_id`, `parent_location_id`, `created_by_user_account_id`, `last_edited_by_user_account_id`, `created_at`, `last_edited_at`) VALUES (211, 1, NULL, 1, NULL, '2017-06-01 00:00:00', NULL);
INSERT INTO `FIPOP`.`location` (`id`, `location_type_id`, `parent_location_id`, `created_by_user_account_id`, `last_edited_by_user_account_id`, `created_at`, `last_edited_at`) VALUES (212, 1, NULL, 1, NULL, '2017-06-01 00:00:00', NULL);
INSERT INTO `FIPOP`.`location` (`id`, `location_type_id`, `parent_location_id`, `created_by_user_account_id`, `last_edited_by_user_account_id`, `created_at`, `last_edited_at`) VALUES (213, 1, NULL, 1, NULL, '2017-06-01 00:00:00', NULL);
INSERT INTO `FIPOP`.`location` (`id`, `location_type_id`, `parent_location_id`, `created_by_user_account_id`, `last_edited_by_user_account_id`, `created_at`, `last_edited_at`) VALUES (214, 1, NULL, 1, NULL, '2017-06-01 00:00:00', NULL);
INSERT INTO `FIPOP`.`location` (`id`, `location_type_id`, `parent_location_id`, `created_by_user_account_id`, `last_edited_by_user_account_id`, `created_at`, `last_edited_at`) VALUES (215, 1, NULL, 1, NULL, '2017-06-01 00:00:00', NULL);
INSERT INTO `FIPOP`.`location` (`id`, `location_type_id`, `parent_location_id`, `created_by_user_account_id`, `last_edited_by_user_account_id`, `created_at`, `last_edited_at`) VALUES (216, 1, NULL, 1, NULL, '2017-06-01 00:00:00', NULL);
INSERT INTO `FIPOP`.`location` (`id`, `location_type_id`, `parent_location_id`, `created_by_user_account_id`, `last_edited_by_user_account_id`, `created_at`, `last_edited_at`) VALUES (217, 1, NULL, 1, NULL, '2017-06-01 00:00:00', NULL);
INSERT INTO `FIPOP`.`location` (`id`, `location_type_id`, `parent_location_id`, `created_by_user_account_id`, `last_edited_by_user_account_id`, `created_at`, `last_edited_at`) VALUES (218, 1, NULL, 1, NULL, '2017-06-01 00:00:00', NULL);
INSERT INTO `FIPOP`.`location` (`id`, `location_type_id`, `parent_location_id`, `created_by_user_account_id`, `last_edited_by_user_account_id`, `created_at`, `last_edited_at`) VALUES (219, 1, NULL, 1, NULL, '2017-06-01 00:00:00', NULL);
INSERT INTO `FIPOP`.`location` (`id`, `location_type_id`, `parent_location_id`, `created_by_user_account_id`, `last_edited_by_user_account_id`, `created_at`, `last_edited_at`) VALUES (220, 1, NULL, 1, NULL, '2017-06-01 00:00:00', NULL);
INSERT INTO `FIPOP`.`location` (`id`, `location_type_id`, `parent_location_id`, `created_by_user_account_id`, `last_edited_by_user_account_id`, `created_at`, `last_edited_at`) VALUES (221, 1, NULL, 1, NULL, '2017-06-01 00:00:00', NULL);
INSERT INTO `FIPOP`.`location` (`id`, `location_type_id`, `parent_location_id`, `created_by_user_account_id`, `last_edited_by_user_account_id`, `created_at`, `last_edited_at`) VALUES (222, 1, NULL, 1, NULL, '2017-06-01 00:00:00', NULL);
INSERT INTO `FIPOP`.`location` (`id`, `location_type_id`, `parent_location_id`, `created_by_user_account_id`, `last_edited_by_user_account_id`, `created_at`, `last_edited_at`) VALUES (223, 1, NULL, 1, NULL, '2017-06-01 00:00:00', NULL);
INSERT INTO `FIPOP`.`location` (`id`, `location_type_id`, `parent_location_id`, `created_by_user_account_id`, `last_edited_by_user_account_id`, `created_at`, `last_edited_at`) VALUES (224, 1, NULL, 1, NULL, '2017-06-01 00:00:00', NULL);
INSERT INTO `FIPOP`.`location` (`id`, `location_type_id`, `parent_location_id`, `created_by_user_account_id`, `last_edited_by_user_account_id`, `created_at`, `last_edited_at`) VALUES (225, 1, NULL, 1, NULL, '2017-06-01 00:00:00', NULL);
INSERT INTO `FIPOP`.`location` (`id`, `location_type_id`, `parent_location_id`, `created_by_user_account_id`, `last_edited_by_user_account_id`, `created_at`, `last_edited_at`) VALUES (226, 1, NULL, 1, NULL, '2017-06-01 00:00:00', NULL);
INSERT INTO `FIPOP`.`location` (`id`, `location_type_id`, `parent_location_id`, `created_by_user_account_id`, `last_edited_by_user_account_id`, `created_at`, `last_edited_at`) VALUES (227, 1, NULL, 1, NULL, '2017-06-01 00:00:00', NULL);
INSERT INTO `FIPOP`.`location` (`id`, `location_type_id`, `parent_location_id`, `created_by_user_account_id`, `last_edited_by_user_account_id`, `created_at`, `last_edited_at`) VALUES (228, 1, NULL, 1, NULL, '2017-06-01 00:00:00', NULL);
INSERT INTO `FIPOP`.`location` (`id`, `location_type_id`, `parent_location_id`, `created_by_user_account_id`, `last_edited_by_user_account_id`, `created_at`, `last_edited_at`) VALUES (229, 1, NULL, 1, NULL, '2017-06-01 00:00:00', NULL);
INSERT INTO `FIPOP`.`location` (`id`, `location_type_id`, `parent_location_id`, `created_by_user_account_id`, `last_edited_by_user_account_id`, `created_at`, `last_edited_at`) VALUES (230, 1, NULL, 1, NULL, '2017-06-01 00:00:00', NULL);
INSERT INTO `FIPOP`.`location` (`id`, `location_type_id`, `parent_location_id`, `created_by_user_account_id`, `last_edited_by_user_account_id`, `created_at`, `last_edited_at`) VALUES (231, 1, NULL, 1, NULL, '2017-06-01 00:00:00', NULL);
INSERT INTO `FIPOP`.`location` (`id`, `location_type_id`, `parent_location_id`, `created_by_user_account_id`, `last_edited_by_user_account_id`, `created_at`, `last_edited_at`) VALUES (232, 1, NULL, 1, NULL, '2017-06-01 00:00:00', NULL);
INSERT INTO `FIPOP`.`location` (`id`, `location_type_id`, `parent_location_id`, `created_by_user_account_id`, `last_edited_by_user_account_id`, `created_at`, `last_edited_at`) VALUES (233, 1, NULL, 1, NULL, '2017-06-01 00:00:00', NULL);
INSERT INTO `FIPOP`.`location` (`id`, `location_type_id`, `parent_location_id`, `created_by_user_account_id`, `last_edited_by_user_account_id`, `created_at`, `last_edited_at`) VALUES (234, 1, NULL, 1, NULL, '2017-06-01 00:00:00', NULL);
INSERT INTO `FIPOP`.`location` (`id`, `location_type_id`, `parent_location_id`, `created_by_user_account_id`, `last_edited_by_user_account_id`, `created_at`, `last_edited_at`) VALUES (235, 1, NULL, 1, NULL, '2017-06-01 00:00:00', NULL);
INSERT INTO `FIPOP`.`location` (`id`, `location_type_id`, `parent_location_id`, `created_by_user_account_id`, `last_edited_by_user_account_id`, `created_at`, `last_edited_at`) VALUES (236, 1, NULL, 1, NULL, '2017-06-01 00:00:00', NULL);
INSERT INTO `FIPOP`.`location` (`id`, `location_type_id`, `parent_location_id`, `created_by_user_account_id`, `last_edited_by_user_account_id`, `created_at`, `last_edited_at`) VALUES (237, 1, NULL, 1, NULL, '2017-06-01 00:00:00', NULL);
INSERT INTO `FIPOP`.`location` (`id`, `location_type_id`, `parent_location_id`, `created_by_user_account_id`, `last_edited_by_user_account_id`, `created_at`, `last_edited_at`) VALUES (238, 1, NULL, 1, NULL, '2017-06-01 00:00:00', NULL);
INSERT INTO `FIPOP`.`location` (`id`, `location_type_id`, `parent_location_id`, `created_by_user_account_id`, `last_edited_by_user_account_id`, `created_at`, `last_edited_at`) VALUES (239, 1, NULL, 1, NULL, '2017-06-01 00:00:00', NULL);
INSERT INTO `FIPOP`.`location` (`id`, `location_type_id`, `parent_location_id`, `created_by_user_account_id`, `last_edited_by_user_account_id`, `created_at`, `last_edited_at`) VALUES (240, 1, NULL, 1, NULL, '2017-06-01 00:00:00', NULL);
INSERT INTO `FIPOP`.`location` (`id`, `location_type_id`, `parent_location_id`, `created_by_user_account_id`, `last_edited_by_user_account_id`, `created_at`, `last_edited_at`) VALUES (241, 1, NULL, 1, NULL, '2017-06-01 00:00:00', NULL);
INSERT INTO `FIPOP`.`location` (`id`, `location_type_id`, `parent_location_id`, `created_by_user_account_id`, `last_edited_by_user_account_id`, `created_at`, `last_edited_at`) VALUES (242, 1, NULL, 1, NULL, '2017-06-01 00:00:00', NULL);
INSERT INTO `FIPOP`.`location` (`id`, `location_type_id`, `parent_location_id`, `created_by_user_account_id`, `last_edited_by_user_account_id`, `created_at`, `last_edited_at`) VALUES (243, 1, NULL, 1, NULL, '2017-06-01 00:00:00', NULL);
INSERT INTO `FIPOP`.`location` (`id`, `location_type_id`, `parent_location_id`, `created_by_user_account_id`, `last_edited_by_user_account_id`, `created_at`, `last_edited_at`) VALUES (244, 1, NULL, 1, NULL, '2017-06-01 00:00:00', NULL);
INSERT INTO `FIPOP`.`location` (`id`, `location_type_id`, `parent_location_id`, `created_by_user_account_id`, `last_edited_by_user_account_id`, `created_at`, `last_edited_at`) VALUES (245, 1, NULL, 1, NULL, '2017-06-01 00:00:00', NULL);
INSERT INTO `FIPOP`.`location` (`id`, `location_type_id`, `parent_location_id`, `created_by_user_account_id`, `last_edited_by_user_account_id`, `created_at`, `last_edited_at`) VALUES (246, 1, NULL, 1, NULL, '2017-06-01 00:00:00', NULL);
INSERT INTO `FIPOP`.`location` (`id`, `location_type_id`, `parent_location_id`, `created_by_user_account_id`, `last_edited_by_user_account_id`, `created_at`, `last_edited_at`) VALUES (247, 1, NULL, 1, NULL, '2017-06-01 00:00:00', NULL);
INSERT INTO `FIPOP`.`location` (`id`, `location_type_id`, `parent_location_id`, `created_by_user_account_id`, `last_edited_by_user_account_id`, `created_at`, `last_edited_at`) VALUES (248, 1, NULL, 1, NULL, '2017-06-01 00:00:00', NULL);
INSERT INTO `FIPOP`.`location` (`id`, `location_type_id`, `parent_location_id`, `created_by_user_account_id`, `last_edited_by_user_account_id`, `created_at`, `last_edited_at`) VALUES (249, 1, NULL, 1, NULL, '2017-06-01 00:00:00', NULL);
INSERT INTO `FIPOP`.`location` (`id`, `location_type_id`, `parent_location_id`, `created_by_user_account_id`, `last_edited_by_user_account_id`, `created_at`, `last_edited_at`) VALUES (250, 1, NULL, 1, NULL, '2017-06-01 00:00:00', NULL);
INSERT INTO `FIPOP`.`location` (`id`, `location_type_id`, `parent_location_id`, `created_by_user_account_id`, `last_edited_by_user_account_id`, `created_at`, `last_edited_at`) VALUES (251, 1, NULL, 1, NULL, '2017-06-01 00:00:00', NULL);
INSERT INTO `FIPOP`.`location` (`id`, `location_type_id`, `parent_location_id`, `created_by_user_account_id`, `last_edited_by_user_account_id`, `created_at`, `last_edited_at`) VALUES (252, 1, NULL, 1, NULL, '2017-06-01 00:00:00', NULL);
INSERT INTO `FIPOP`.`location` (`id`, `location_type_id`, `parent_location_id`, `created_by_user_account_id`, `last_edited_by_user_account_id`, `created_at`, `last_edited_at`) VALUES (253, 1, NULL, 1, NULL, '2017-06-01 00:00:00', NULL);
INSERT INTO `FIPOP`.`location` (`id`, `location_type_id`, `parent_location_id`, `created_by_user_account_id`, `last_edited_by_user_account_id`, `created_at`, `last_edited_at`) VALUES (254, 1, NULL, 1, NULL, '2017-06-01 00:00:00', NULL);
INSERT INTO `FIPOP`.`location` (`id`, `location_type_id`, `parent_location_id`, `created_by_user_account_id`, `last_edited_by_user_account_id`, `created_at`, `last_edited_at`) VALUES (255, 1, NULL, 1, NULL, '2017-06-01 00:00:00', NULL);
INSERT INTO `FIPOP`.`location` (`id`, `location_type_id`, `parent_location_id`, `created_by_user_account_id`, `last_edited_by_user_account_id`, `created_at`, `last_edited_at`) VALUES (256, 1, NULL, 1, NULL, '2017-06-01 00:00:00', NULL);
INSERT INTO `FIPOP`.`location` (`id`, `location_type_id`, `parent_location_id`, `created_by_user_account_id`, `last_edited_by_user_account_id`, `created_at`, `last_edited_at`) VALUES (257, 1, NULL, 1, NULL, '2017-06-01 00:00:00', NULL);
INSERT INTO `FIPOP`.`location` (`id`, `location_type_id`, `parent_location_id`, `created_by_user_account_id`, `last_edited_by_user_account_id`, `created_at`, `last_edited_at`) VALUES (258, 1, NULL, 1, NULL, '2017-06-01 00:00:00', NULL);
INSERT INTO `FIPOP`.`location` (`id`, `location_type_id`, `parent_location_id`, `created_by_user_account_id`, `last_edited_by_user_account_id`, `created_at`, `last_edited_at`) VALUES (259, 1, NULL, 1, NULL, '2017-06-01 00:00:00', NULL);
INSERT INTO `FIPOP`.`location` (`id`, `location_type_id`, `parent_location_id`, `created_by_user_account_id`, `last_edited_by_user_account_id`, `created_at`, `last_edited_at`) VALUES (260, 1, NULL, 1, NULL, '2017-06-01 00:00:00', NULL);
INSERT INTO `FIPOP`.`location` (`id`, `location_type_id`, `parent_location_id`, `created_by_user_account_id`, `last_edited_by_user_account_id`, `created_at`, `last_edited_at`) VALUES (261, 1, NULL, 1, NULL, '2017-06-01 00:00:00', NULL);
INSERT INTO `FIPOP`.`location` (`id`, `location_type_id`, `parent_location_id`, `created_by_user_account_id`, `last_edited_by_user_account_id`, `created_at`, `last_edited_at`) VALUES (262, 1, NULL, 1, NULL, '2017-06-01 00:00:00', NULL);
INSERT INTO `FIPOP`.`location` (`id`, `location_type_id`, `parent_location_id`, `created_by_user_account_id`, `last_edited_by_user_account_id`, `created_at`, `last_edited_at`) VALUES (263, 1, NULL, 1, NULL, '2017-06-01 00:00:00', NULL);
INSERT INTO `FIPOP`.`location` (`id`, `location_type_id`, `parent_location_id`, `created_by_user_account_id`, `last_edited_by_user_account_id`, `created_at`, `last_edited_at`) VALUES (264, 1, NULL, 1, NULL, '2017-06-01 00:00:00', NULL);
INSERT INTO `FIPOP`.`location` (`id`, `location_type_id`, `parent_location_id`, `created_by_user_account_id`, `last_edited_by_user_account_id`, `created_at`, `last_edited_at`) VALUES (265, 1, NULL, 1, NULL, '2017-06-01 00:00:00', NULL);
INSERT INTO `FIPOP`.`location` (`id`, `location_type_id`, `parent_location_id`, `created_by_user_account_id`, `last_edited_by_user_account_id`, `created_at`, `last_edited_at`) VALUES (266, 1, NULL, 1, NULL, '2017-06-01 00:00:00', NULL);
INSERT INTO `FIPOP`.`location` (`id`, `location_type_id`, `parent_location_id`, `created_by_user_account_id`, `last_edited_by_user_account_id`, `created_at`, `last_edited_at`) VALUES (267, 1, NULL, 1, NULL, '2017-06-01 00:00:00', NULL);
INSERT INTO `FIPOP`.`location` (`id`, `location_type_id`, `parent_location_id`, `created_by_user_account_id`, `last_edited_by_user_account_id`, `created_at`, `last_edited_at`) VALUES (268, 1, NULL, 1, NULL, '2017-06-01 00:00:00', NULL);
INSERT INTO `FIPOP`.`location` (`id`, `location_type_id`, `parent_location_id`, `created_by_user_account_id`, `last_edited_by_user_account_id`, `created_at`, `last_edited_at`) VALUES (269, 1, NULL, 1, NULL, '2017-06-01 00:00:00', NULL);
INSERT INTO `FIPOP`.`location` (`id`, `location_type_id`, `parent_location_id`, `created_by_user_account_id`, `last_edited_by_user_account_id`, `created_at`, `last_edited_at`) VALUES (270, 1, NULL, 1, NULL, '2017-06-01 00:00:00', NULL);
INSERT INTO `FIPOP`.`location` (`id`, `location_type_id`, `parent_location_id`, `created_by_user_account_id`, `last_edited_by_user_account_id`, `created_at`, `last_edited_at`) VALUES (271, 1, NULL, 1, NULL, '2017-06-01 00:00:00', NULL);
INSERT INTO `FIPOP`.`location` (`id`, `location_type_id`, `parent_location_id`, `created_by_user_account_id`, `last_edited_by_user_account_id`, `created_at`, `last_edited_at`) VALUES (272, 1, NULL, 1, NULL, '2017-06-01 00:00:00', NULL);
INSERT INTO `FIPOP`.`location` (`id`, `location_type_id`, `parent_location_id`, `created_by_user_account_id`, `last_edited_by_user_account_id`, `created_at`, `last_edited_at`) VALUES (273, 1, NULL, 1, NULL, '2017-06-01 00:00:00', NULL);
INSERT INTO `FIPOP`.`location` (`id`, `location_type_id`, `parent_location_id`, `created_by_user_account_id`, `last_edited_by_user_account_id`, `created_at`, `last_edited_at`) VALUES (274, 1, NULL, 1, NULL, '2017-06-01 00:00:00', NULL);
INSERT INTO `FIPOP`.`location` (`id`, `location_type_id`, `parent_location_id`, `created_by_user_account_id`, `last_edited_by_user_account_id`, `created_at`, `last_edited_at`) VALUES (275, 1, NULL, 1, NULL, '2017-06-01 00:00:00', NULL);
INSERT INTO `FIPOP`.`location` (`id`, `location_type_id`, `parent_location_id`, `created_by_user_account_id`, `last_edited_by_user_account_id`, `created_at`, `last_edited_at`) VALUES (276, 1, NULL, 1, NULL, '2017-06-01 00:00:00', NULL);
INSERT INTO `FIPOP`.`location` (`id`, `location_type_id`, `parent_location_id`, `created_by_user_account_id`, `last_edited_by_user_account_id`, `created_at`, `last_edited_at`) VALUES (277, 1, NULL, 1, NULL, '2017-06-01 00:00:00', NULL);
INSERT INTO `FIPOP`.`location` (`id`, `location_type_id`, `parent_location_id`, `created_by_user_account_id`, `last_edited_by_user_account_id`, `created_at`, `last_edited_at`) VALUES (278, 1, NULL, 1, NULL, '2017-06-01 00:00:00', NULL);
INSERT INTO `FIPOP`.`location` (`id`, `location_type_id`, `parent_location_id`, `created_by_user_account_id`, `last_edited_by_user_account_id`, `created_at`, `last_edited_at`) VALUES (279, 1, NULL, 1, NULL, '2017-06-01 00:00:00', NULL);
INSERT INTO `FIPOP`.`location` (`id`, `location_type_id`, `parent_location_id`, `created_by_user_account_id`, `last_edited_by_user_account_id`, `created_at`, `last_edited_at`) VALUES (280, 1, NULL, 1, NULL, '2017-06-01 00:00:00', NULL);

COMMIT;


-- -----------------------------------------------------
-- Data for table `FIPOP`.`location_translation`
-- -----------------------------------------------------
START TRANSACTION;
USE `FIPOP`;
INSERT INTO `FIPOP`.`location_translation` (`id`, `location_id`, `language_id`, `name`) VALUES (1, 1, 1, 'Afghanistan');
INSERT INTO `FIPOP`.`location_translation` (`id`, `location_id`, `language_id`, `name`) VALUES (2, 2, 1, 'land Islands');
INSERT INTO `FIPOP`.`location_translation` (`id`, `location_id`, `language_id`, `name`) VALUES (3, 3, 1, 'Albania');
INSERT INTO `FIPOP`.`location_translation` (`id`, `location_id`, `language_id`, `name`) VALUES (4, 4, 1, 'Algeria');
INSERT INTO `FIPOP`.`location_translation` (`id`, `location_id`, `language_id`, `name`) VALUES (5, 5, 1, 'American Samoa');
INSERT INTO `FIPOP`.`location_translation` (`id`, `location_id`, `language_id`, `name`) VALUES (6, 6, 1, 'Andorra');
INSERT INTO `FIPOP`.`location_translation` (`id`, `location_id`, `language_id`, `name`) VALUES (7, 7, 1, 'Angola');
INSERT INTO `FIPOP`.`location_translation` (`id`, `location_id`, `language_id`, `name`) VALUES (8, 8, 1, 'Anguilla');
INSERT INTO `FIPOP`.`location_translation` (`id`, `location_id`, `language_id`, `name`) VALUES (9, 9, 1, 'Antigua and Barbuda');
INSERT INTO `FIPOP`.`location_translation` (`id`, `location_id`, `language_id`, `name`) VALUES (10, 10, 1, 'Argentina');
INSERT INTO `FIPOP`.`location_translation` (`id`, `location_id`, `language_id`, `name`) VALUES (11, 11, 1, 'Armenia');
INSERT INTO `FIPOP`.`location_translation` (`id`, `location_id`, `language_id`, `name`) VALUES (12, 12, 1, 'Aruba');
INSERT INTO `FIPOP`.`location_translation` (`id`, `location_id`, `language_id`, `name`) VALUES (13, 13, 1, 'Ascension');
INSERT INTO `FIPOP`.`location_translation` (`id`, `location_id`, `language_id`, `name`) VALUES (14, 14, 1, 'Australia');
INSERT INTO `FIPOP`.`location_translation` (`id`, `location_id`, `language_id`, `name`) VALUES (15, 15, 1, 'Australian Antarctic Territory');
INSERT INTO `FIPOP`.`location_translation` (`id`, `location_id`, `language_id`, `name`) VALUES (16, 16, 1, 'Australian External Territories');
INSERT INTO `FIPOP`.`location_translation` (`id`, `location_id`, `language_id`, `name`) VALUES (17, 17, 1, 'Austria');
INSERT INTO `FIPOP`.`location_translation` (`id`, `location_id`, `language_id`, `name`) VALUES (18, 18, 1, 'Azerbaijan');
INSERT INTO `FIPOP`.`location_translation` (`id`, `location_id`, `language_id`, `name`) VALUES (19, 19, 1, 'Bahamas');
INSERT INTO `FIPOP`.`location_translation` (`id`, `location_id`, `language_id`, `name`) VALUES (20, 20, 1, 'Bahrain');
INSERT INTO `FIPOP`.`location_translation` (`id`, `location_id`, `language_id`, `name`) VALUES (21, 21, 1, 'Bangladesh');
INSERT INTO `FIPOP`.`location_translation` (`id`, `location_id`, `language_id`, `name`) VALUES (22, 22, 1, 'Barbados');
INSERT INTO `FIPOP`.`location_translation` (`id`, `location_id`, `language_id`, `name`) VALUES (23, 23, 1, 'Barbuda');
INSERT INTO `FIPOP`.`location_translation` (`id`, `location_id`, `language_id`, `name`) VALUES (24, 24, 1, 'Belarus');
INSERT INTO `FIPOP`.`location_translation` (`id`, `location_id`, `language_id`, `name`) VALUES (25, 25, 1, 'Belgium');
INSERT INTO `FIPOP`.`location_translation` (`id`, `location_id`, `language_id`, `name`) VALUES (26, 26, 1, 'Belize');
INSERT INTO `FIPOP`.`location_translation` (`id`, `location_id`, `language_id`, `name`) VALUES (27, 27, 1, 'Benin');
INSERT INTO `FIPOP`.`location_translation` (`id`, `location_id`, `language_id`, `name`) VALUES (28, 28, 1, 'Bermuda');
INSERT INTO `FIPOP`.`location_translation` (`id`, `location_id`, `language_id`, `name`) VALUES (29, 29, 1, 'Bhutan');
INSERT INTO `FIPOP`.`location_translation` (`id`, `location_id`, `language_id`, `name`) VALUES (30, 30, 1, 'Bolivia');
INSERT INTO `FIPOP`.`location_translation` (`id`, `location_id`, `language_id`, `name`) VALUES (31, 31, 1, 'Bonaire');
INSERT INTO `FIPOP`.`location_translation` (`id`, `location_id`, `language_id`, `name`) VALUES (32, 32, 1, 'Bosnia and Herzegovina');
INSERT INTO `FIPOP`.`location_translation` (`id`, `location_id`, `language_id`, `name`) VALUES (33, 33, 1, 'Botswana');
INSERT INTO `FIPOP`.`location_translation` (`id`, `location_id`, `language_id`, `name`) VALUES (34, 34, 1, 'Brazil');
INSERT INTO `FIPOP`.`location_translation` (`id`, `location_id`, `language_id`, `name`) VALUES (35, 35, 1, 'British Indian Ocean Territory');
INSERT INTO `FIPOP`.`location_translation` (`id`, `location_id`, `language_id`, `name`) VALUES (36, 36, 1, 'British Virgin Islands');
INSERT INTO `FIPOP`.`location_translation` (`id`, `location_id`, `language_id`, `name`) VALUES (37, 37, 1, 'Brunei Darussalam');
INSERT INTO `FIPOP`.`location_translation` (`id`, `location_id`, `language_id`, `name`) VALUES (38, 38, 1, 'Bulgaria');
INSERT INTO `FIPOP`.`location_translation` (`id`, `location_id`, `language_id`, `name`) VALUES (39, 39, 1, 'Burkina Faso');
INSERT INTO `FIPOP`.`location_translation` (`id`, `location_id`, `language_id`, `name`) VALUES (40, 40, 1, 'Burundi');
INSERT INTO `FIPOP`.`location_translation` (`id`, `location_id`, `language_id`, `name`) VALUES (41, 41, 1, 'Cambodia');
INSERT INTO `FIPOP`.`location_translation` (`id`, `location_id`, `language_id`, `name`) VALUES (42, 42, 1, 'Cameroon');
INSERT INTO `FIPOP`.`location_translation` (`id`, `location_id`, `language_id`, `name`) VALUES (43, 43, 1, 'Canada');
INSERT INTO `FIPOP`.`location_translation` (`id`, `location_id`, `language_id`, `name`) VALUES (44, 44, 1, 'Cape Verde');
INSERT INTO `FIPOP`.`location_translation` (`id`, `location_id`, `language_id`, `name`) VALUES (45, 45, 1, 'Caribbean Netherlands');
INSERT INTO `FIPOP`.`location_translation` (`id`, `location_id`, `language_id`, `name`) VALUES (46, 46, 1, 'Cayman Islands');
INSERT INTO `FIPOP`.`location_translation` (`id`, `location_id`, `language_id`, `name`) VALUES (47, 47, 1, 'Central African Republic');
INSERT INTO `FIPOP`.`location_translation` (`id`, `location_id`, `language_id`, `name`) VALUES (48, 48, 1, 'Chad');
INSERT INTO `FIPOP`.`location_translation` (`id`, `location_id`, `language_id`, `name`) VALUES (49, 49, 1, 'Chatham Island, New Zealand');
INSERT INTO `FIPOP`.`location_translation` (`id`, `location_id`, `language_id`, `name`) VALUES (50, 50, 1, 'Chile');
INSERT INTO `FIPOP`.`location_translation` (`id`, `location_id`, `language_id`, `name`) VALUES (51, 51, 1, 'China');
INSERT INTO `FIPOP`.`location_translation` (`id`, `location_id`, `language_id`, `name`) VALUES (52, 52, 1, 'Christmas Island');
INSERT INTO `FIPOP`.`location_translation` (`id`, `location_id`, `language_id`, `name`) VALUES (53, 53, 1, 'Cocos (Keeling) Islands');
INSERT INTO `FIPOP`.`location_translation` (`id`, `location_id`, `language_id`, `name`) VALUES (54, 54, 1, 'Colombia');
INSERT INTO `FIPOP`.`location_translation` (`id`, `location_id`, `language_id`, `name`) VALUES (55, 55, 1, 'Comoros');
INSERT INTO `FIPOP`.`location_translation` (`id`, `location_id`, `language_id`, `name`) VALUES (56, 56, 1, 'Congo');
INSERT INTO `FIPOP`.`location_translation` (`id`, `location_id`, `language_id`, `name`) VALUES (57, 57, 1, 'Congo, Democratic Republic of the (Zaire)');
INSERT INTO `FIPOP`.`location_translation` (`id`, `location_id`, `language_id`, `name`) VALUES (58, 58, 1, 'Cook Islands');
INSERT INTO `FIPOP`.`location_translation` (`id`, `location_id`, `language_id`, `name`) VALUES (59, 59, 1, 'Costa Rica');
INSERT INTO `FIPOP`.`location_translation` (`id`, `location_id`, `language_id`, `name`) VALUES (60, 60, 1, 'Ivory Coast');
INSERT INTO `FIPOP`.`location_translation` (`id`, `location_id`, `language_id`, `name`) VALUES (61, 61, 1, 'Croatia');
INSERT INTO `FIPOP`.`location_translation` (`id`, `location_id`, `language_id`, `name`) VALUES (62, 62, 1, 'Cuba');
INSERT INTO `FIPOP`.`location_translation` (`id`, `location_id`, `language_id`, `name`) VALUES (63, 63, 1, 'Curaao');
INSERT INTO `FIPOP`.`location_translation` (`id`, `location_id`, `language_id`, `name`) VALUES (64, 64, 1, 'Cyprus');
INSERT INTO `FIPOP`.`location_translation` (`id`, `location_id`, `language_id`, `name`) VALUES (65, 65, 1, 'Czech Republic');
INSERT INTO `FIPOP`.`location_translation` (`id`, `location_id`, `language_id`, `name`) VALUES (66, 66, 1, 'Denmark');
INSERT INTO `FIPOP`.`location_translation` (`id`, `location_id`, `language_id`, `name`) VALUES (67, 67, 1, 'Diego Garcia');
INSERT INTO `FIPOP`.`location_translation` (`id`, `location_id`, `language_id`, `name`) VALUES (68, 68, 1, 'Djibouti');
INSERT INTO `FIPOP`.`location_translation` (`id`, `location_id`, `language_id`, `name`) VALUES (69, 69, 1, 'Dominica');
INSERT INTO `FIPOP`.`location_translation` (`id`, `location_id`, `language_id`, `name`) VALUES (70, 70, 1, 'Dominican Republic');
INSERT INTO `FIPOP`.`location_translation` (`id`, `location_id`, `language_id`, `name`) VALUES (71, 71, 1, 'East Timor');
INSERT INTO `FIPOP`.`location_translation` (`id`, `location_id`, `language_id`, `name`) VALUES (72, 72, 1, 'Easter Island');
INSERT INTO `FIPOP`.`location_translation` (`id`, `location_id`, `language_id`, `name`) VALUES (73, 73, 1, 'Ecuador');
INSERT INTO `FIPOP`.`location_translation` (`id`, `location_id`, `language_id`, `name`) VALUES (74, 74, 1, 'Egypt');
INSERT INTO `FIPOP`.`location_translation` (`id`, `location_id`, `language_id`, `name`) VALUES (75, 75, 1, 'El Salvador');
INSERT INTO `FIPOP`.`location_translation` (`id`, `location_id`, `language_id`, `name`) VALUES (76, 76, 1, 'Ellipso (Mobile Satellite service)');
INSERT INTO `FIPOP`.`location_translation` (`id`, `location_id`, `language_id`, `name`) VALUES (77, 77, 1, 'EMSAT (Mobile Satellite service)');
INSERT INTO `FIPOP`.`location_translation` (`id`, `location_id`, `language_id`, `name`) VALUES (78, 78, 1, 'Equatorial Guinea');
INSERT INTO `FIPOP`.`location_translation` (`id`, `location_id`, `language_id`, `name`) VALUES (79, 79, 1, 'Eritrea');
INSERT INTO `FIPOP`.`location_translation` (`id`, `location_id`, `language_id`, `name`) VALUES (80, 80, 1, 'Estonia');
INSERT INTO `FIPOP`.`location_translation` (`id`, `location_id`, `language_id`, `name`) VALUES (81, 81, 1, 'Ethiopia');
INSERT INTO `FIPOP`.`location_translation` (`id`, `location_id`, `language_id`, `name`) VALUES (82, 82, 1, 'Falkland Islands');
INSERT INTO `FIPOP`.`location_translation` (`id`, `location_id`, `language_id`, `name`) VALUES (83, 83, 1, 'Faroe Islands');
INSERT INTO `FIPOP`.`location_translation` (`id`, `location_id`, `language_id`, `name`) VALUES (84, 84, 1, 'Fiji');
INSERT INTO `FIPOP`.`location_translation` (`id`, `location_id`, `language_id`, `name`) VALUES (85, 85, 1, 'Finland');
INSERT INTO `FIPOP`.`location_translation` (`id`, `location_id`, `language_id`, `name`) VALUES (86, 86, 1, 'France');
INSERT INTO `FIPOP`.`location_translation` (`id`, `location_id`, `language_id`, `name`) VALUES (87, 87, 1, 'French Antilles');
INSERT INTO `FIPOP`.`location_translation` (`id`, `location_id`, `language_id`, `name`) VALUES (88, 88, 1, 'French Guiana');
INSERT INTO `FIPOP`.`location_translation` (`id`, `location_id`, `language_id`, `name`) VALUES (89, 89, 1, 'French Polynesia');
INSERT INTO `FIPOP`.`location_translation` (`id`, `location_id`, `language_id`, `name`) VALUES (90, 90, 1, 'Gabon');
INSERT INTO `FIPOP`.`location_translation` (`id`, `location_id`, `language_id`, `name`) VALUES (91, 91, 1, 'Gambia');
INSERT INTO `FIPOP`.`location_translation` (`id`, `location_id`, `language_id`, `name`) VALUES (92, 92, 1, 'Georgia');
INSERT INTO `FIPOP`.`location_translation` (`id`, `location_id`, `language_id`, `name`) VALUES (93, 93, 1, 'Germany');
INSERT INTO `FIPOP`.`location_translation` (`id`, `location_id`, `language_id`, `name`) VALUES (94, 94, 1, 'Ghana');
INSERT INTO `FIPOP`.`location_translation` (`id`, `location_id`, `language_id`, `name`) VALUES (95, 95, 1, 'Gibraltar');
INSERT INTO `FIPOP`.`location_translation` (`id`, `location_id`, `language_id`, `name`) VALUES (96, 96, 1, 'Global Mobile Satellite System (GMSS)');
INSERT INTO `FIPOP`.`location_translation` (`id`, `location_id`, `language_id`, `name`) VALUES (97, 97, 1, 'Globalstar (Mobile Satellite Service)');
INSERT INTO `FIPOP`.`location_translation` (`id`, `location_id`, `language_id`, `name`) VALUES (98, 98, 1, 'Greece');
INSERT INTO `FIPOP`.`location_translation` (`id`, `location_id`, `language_id`, `name`) VALUES (99, 99, 1, 'Greenland');
INSERT INTO `FIPOP`.`location_translation` (`id`, `location_id`, `language_id`, `name`) VALUES (100, 100, 1, 'Grenada');
INSERT INTO `FIPOP`.`location_translation` (`id`, `location_id`, `language_id`, `name`) VALUES (101, 101, 1, 'Guadeloupe');
INSERT INTO `FIPOP`.`location_translation` (`id`, `location_id`, `language_id`, `name`) VALUES (102, 102, 1, 'Guam');
INSERT INTO `FIPOP`.`location_translation` (`id`, `location_id`, `language_id`, `name`) VALUES (103, 103, 1, 'Guatemala');
INSERT INTO `FIPOP`.`location_translation` (`id`, `location_id`, `language_id`, `name`) VALUES (104, 104, 1, 'Guernsey');
INSERT INTO `FIPOP`.`location_translation` (`id`, `location_id`, `language_id`, `name`) VALUES (105, 105, 1, 'Guinea');
INSERT INTO `FIPOP`.`location_translation` (`id`, `location_id`, `language_id`, `name`) VALUES (106, 106, 1, 'Guinea-Bissau');
INSERT INTO `FIPOP`.`location_translation` (`id`, `location_id`, `language_id`, `name`) VALUES (107, 107, 1, 'Guyana');
INSERT INTO `FIPOP`.`location_translation` (`id`, `location_id`, `language_id`, `name`) VALUES (108, 108, 1, 'Haiti');
INSERT INTO `FIPOP`.`location_translation` (`id`, `location_id`, `language_id`, `name`) VALUES (109, 109, 1, 'Honduras');
INSERT INTO `FIPOP`.`location_translation` (`id`, `location_id`, `language_id`, `name`) VALUES (110, 110, 1, 'Hong Kong');
INSERT INTO `FIPOP`.`location_translation` (`id`, `location_id`, `language_id`, `name`) VALUES (111, 111, 1, 'Hungary');
INSERT INTO `FIPOP`.`location_translation` (`id`, `location_id`, `language_id`, `name`) VALUES (112, 112, 1, 'Iceland');
INSERT INTO `FIPOP`.`location_translation` (`id`, `location_id`, `language_id`, `name`) VALUES (113, 113, 1, 'ICO Global (Mobile Satellite Service)');
INSERT INTO `FIPOP`.`location_translation` (`id`, `location_id`, `language_id`, `name`) VALUES (114, 114, 1, 'India');
INSERT INTO `FIPOP`.`location_translation` (`id`, `location_id`, `language_id`, `name`) VALUES (115, 115, 1, 'Indonesia');
INSERT INTO `FIPOP`.`location_translation` (`id`, `location_id`, `language_id`, `name`) VALUES (116, 116, 1, 'Inmarsat SNAC');
INSERT INTO `FIPOP`.`location_translation` (`id`, `location_id`, `language_id`, `name`) VALUES (117, 117, 1, 'International Freephone Service (UIFN)');
INSERT INTO `FIPOP`.`location_translation` (`id`, `location_id`, `language_id`, `name`) VALUES (118, 118, 1, 'International Networks');
INSERT INTO `FIPOP`.`location_translation` (`id`, `location_id`, `language_id`, `name`) VALUES (119, 119, 1, 'International Premium Rate Service');
INSERT INTO `FIPOP`.`location_translation` (`id`, `location_id`, `language_id`, `name`) VALUES (120, 120, 1, 'International Shared Cost Service (ISCS)');
INSERT INTO `FIPOP`.`location_translation` (`id`, `location_id`, `language_id`, `name`) VALUES (121, 121, 1, 'Iran');
INSERT INTO `FIPOP`.`location_translation` (`id`, `location_id`, `language_id`, `name`) VALUES (122, 122, 1, 'Iraq');
INSERT INTO `FIPOP`.`location_translation` (`id`, `location_id`, `language_id`, `name`) VALUES (123, 123, 1, 'Ireland');
INSERT INTO `FIPOP`.`location_translation` (`id`, `location_id`, `language_id`, `name`) VALUES (124, 124, 1, 'Iridium (Mobile Satellite service)');
INSERT INTO `FIPOP`.`location_translation` (`id`, `location_id`, `language_id`, `name`) VALUES (125, 125, 1, 'Isle of Man');
INSERT INTO `FIPOP`.`location_translation` (`id`, `location_id`, `language_id`, `name`) VALUES (126, 126, 1, 'Israel');
INSERT INTO `FIPOP`.`location_translation` (`id`, `location_id`, `language_id`, `name`) VALUES (127, 127, 1, 'Italy');
INSERT INTO `FIPOP`.`location_translation` (`id`, `location_id`, `language_id`, `name`) VALUES (128, 128, 1, 'Jamaica');
INSERT INTO `FIPOP`.`location_translation` (`id`, `location_id`, `language_id`, `name`) VALUES (129, 129, 1, 'Jan Mayen');
INSERT INTO `FIPOP`.`location_translation` (`id`, `location_id`, `language_id`, `name`) VALUES (130, 130, 1, 'Japan');
INSERT INTO `FIPOP`.`location_translation` (`id`, `location_id`, `language_id`, `name`) VALUES (131, 131, 1, 'Jersey');
INSERT INTO `FIPOP`.`location_translation` (`id`, `location_id`, `language_id`, `name`) VALUES (132, 132, 1, 'Jordan');
INSERT INTO `FIPOP`.`location_translation` (`id`, `location_id`, `language_id`, `name`) VALUES (133, 133, 1, 'Kazakhstan');
INSERT INTO `FIPOP`.`location_translation` (`id`, `location_id`, `language_id`, `name`) VALUES (134, 134, 1, 'Kenya');
INSERT INTO `FIPOP`.`location_translation` (`id`, `location_id`, `language_id`, `name`) VALUES (135, 135, 1, 'Kiribati');
INSERT INTO `FIPOP`.`location_translation` (`id`, `location_id`, `language_id`, `name`) VALUES (136, 136, 1, 'Korea, North');
INSERT INTO `FIPOP`.`location_translation` (`id`, `location_id`, `language_id`, `name`) VALUES (137, 137, 1, 'Korea, South');
INSERT INTO `FIPOP`.`location_translation` (`id`, `location_id`, `language_id`, `name`) VALUES (138, 138, 1, 'Kosovo');
INSERT INTO `FIPOP`.`location_translation` (`id`, `location_id`, `language_id`, `name`) VALUES (139, 139, 1, 'Kuwait');
INSERT INTO `FIPOP`.`location_translation` (`id`, `location_id`, `language_id`, `name`) VALUES (140, 140, 1, 'Kyrgyzstan');
INSERT INTO `FIPOP`.`location_translation` (`id`, `location_id`, `language_id`, `name`) VALUES (141, 141, 1, 'Laos');
INSERT INTO `FIPOP`.`location_translation` (`id`, `location_id`, `language_id`, `name`) VALUES (142, 142, 1, 'Latvia');
INSERT INTO `FIPOP`.`location_translation` (`id`, `location_id`, `language_id`, `name`) VALUES (143, 143, 1, 'Lebanon');
INSERT INTO `FIPOP`.`location_translation` (`id`, `location_id`, `language_id`, `name`) VALUES (144, 144, 1, 'Lesotho');
INSERT INTO `FIPOP`.`location_translation` (`id`, `location_id`, `language_id`, `name`) VALUES (145, 145, 1, 'Liberia');
INSERT INTO `FIPOP`.`location_translation` (`id`, `location_id`, `language_id`, `name`) VALUES (146, 146, 1, 'Libya');
INSERT INTO `FIPOP`.`location_translation` (`id`, `location_id`, `language_id`, `name`) VALUES (147, 147, 1, 'Liechtenstein');
INSERT INTO `FIPOP`.`location_translation` (`id`, `location_id`, `language_id`, `name`) VALUES (148, 148, 1, 'Lithuania');
INSERT INTO `FIPOP`.`location_translation` (`id`, `location_id`, `language_id`, `name`) VALUES (149, 149, 1, 'Luxembourg');
INSERT INTO `FIPOP`.`location_translation` (`id`, `location_id`, `language_id`, `name`) VALUES (150, 150, 1, 'Macau');
INSERT INTO `FIPOP`.`location_translation` (`id`, `location_id`, `language_id`, `name`) VALUES (151, 151, 1, 'Macedonia');
INSERT INTO `FIPOP`.`location_translation` (`id`, `location_id`, `language_id`, `name`) VALUES (152, 152, 1, 'Madagascar');
INSERT INTO `FIPOP`.`location_translation` (`id`, `location_id`, `language_id`, `name`) VALUES (153, 153, 1, 'Malawi');
INSERT INTO `FIPOP`.`location_translation` (`id`, `location_id`, `language_id`, `name`) VALUES (154, 154, 1, 'Malaysia');
INSERT INTO `FIPOP`.`location_translation` (`id`, `location_id`, `language_id`, `name`) VALUES (155, 155, 1, 'Maldives');
INSERT INTO `FIPOP`.`location_translation` (`id`, `location_id`, `language_id`, `name`) VALUES (156, 156, 1, 'Mali');
INSERT INTO `FIPOP`.`location_translation` (`id`, `location_id`, `language_id`, `name`) VALUES (157, 157, 1, 'Malta');
INSERT INTO `FIPOP`.`location_translation` (`id`, `location_id`, `language_id`, `name`) VALUES (158, 158, 1, 'Marshall Islands');
INSERT INTO `FIPOP`.`location_translation` (`id`, `location_id`, `language_id`, `name`) VALUES (159, 159, 1, 'Martinique');
INSERT INTO `FIPOP`.`location_translation` (`id`, `location_id`, `language_id`, `name`) VALUES (160, 160, 1, 'Mauritania');
INSERT INTO `FIPOP`.`location_translation` (`id`, `location_id`, `language_id`, `name`) VALUES (161, 161, 1, 'Mauritius');
INSERT INTO `FIPOP`.`location_translation` (`id`, `location_id`, `language_id`, `name`) VALUES (162, 162, 1, 'Mayotte');
INSERT INTO `FIPOP`.`location_translation` (`id`, `location_id`, `language_id`, `name`) VALUES (163, 163, 1, 'Mexico');
INSERT INTO `FIPOP`.`location_translation` (`id`, `location_id`, `language_id`, `name`) VALUES (164, 164, 1, 'Micronesia, Federated States of');
INSERT INTO `FIPOP`.`location_translation` (`id`, `location_id`, `language_id`, `name`) VALUES (165, 165, 1, 'Midway Island, USA');
INSERT INTO `FIPOP`.`location_translation` (`id`, `location_id`, `language_id`, `name`) VALUES (166, 166, 1, 'Moldova');
INSERT INTO `FIPOP`.`location_translation` (`id`, `location_id`, `language_id`, `name`) VALUES (167, 167, 1, 'Monaco');
INSERT INTO `FIPOP`.`location_translation` (`id`, `location_id`, `language_id`, `name`) VALUES (168, 168, 1, 'Mongolia');
INSERT INTO `FIPOP`.`location_translation` (`id`, `location_id`, `language_id`, `name`) VALUES (169, 169, 1, 'Montenegro');
INSERT INTO `FIPOP`.`location_translation` (`id`, `location_id`, `language_id`, `name`) VALUES (170, 170, 1, 'Montserrat');
INSERT INTO `FIPOP`.`location_translation` (`id`, `location_id`, `language_id`, `name`) VALUES (171, 171, 1, 'Morocco');
INSERT INTO `FIPOP`.`location_translation` (`id`, `location_id`, `language_id`, `name`) VALUES (172, 172, 1, 'Mozambique');
INSERT INTO `FIPOP`.`location_translation` (`id`, `location_id`, `language_id`, `name`) VALUES (173, 173, 1, 'Myanmar');
INSERT INTO `FIPOP`.`location_translation` (`id`, `location_id`, `language_id`, `name`) VALUES (174, 174, 1, 'Nagorno-Karabakh');
INSERT INTO `FIPOP`.`location_translation` (`id`, `location_id`, `language_id`, `name`) VALUES (175, 175, 1, 'Namibia');
INSERT INTO `FIPOP`.`location_translation` (`id`, `location_id`, `language_id`, `name`) VALUES (176, 176, 1, 'Nauru');
INSERT INTO `FIPOP`.`location_translation` (`id`, `location_id`, `language_id`, `name`) VALUES (177, 177, 1, 'Nepal');
INSERT INTO `FIPOP`.`location_translation` (`id`, `location_id`, `language_id`, `name`) VALUES (178, 178, 1, 'Netherlands');
INSERT INTO `FIPOP`.`location_translation` (`id`, `location_id`, `language_id`, `name`) VALUES (179, 179, 1, 'Nevis');
INSERT INTO `FIPOP`.`location_translation` (`id`, `location_id`, `language_id`, `name`) VALUES (180, 180, 1, 'New Caledonia');
INSERT INTO `FIPOP`.`location_translation` (`id`, `location_id`, `language_id`, `name`) VALUES (181, 181, 1, 'New Zealand');
INSERT INTO `FIPOP`.`location_translation` (`id`, `location_id`, `language_id`, `name`) VALUES (182, 182, 1, 'Nicaragua');
INSERT INTO `FIPOP`.`location_translation` (`id`, `location_id`, `language_id`, `name`) VALUES (183, 183, 1, 'Niger');
INSERT INTO `FIPOP`.`location_translation` (`id`, `location_id`, `language_id`, `name`) VALUES (184, 184, 1, 'Nigeria');
INSERT INTO `FIPOP`.`location_translation` (`id`, `location_id`, `language_id`, `name`) VALUES (185, 185, 1, 'Niue');
INSERT INTO `FIPOP`.`location_translation` (`id`, `location_id`, `language_id`, `name`) VALUES (186, 186, 1, 'Norfolk Island');
INSERT INTO `FIPOP`.`location_translation` (`id`, `location_id`, `language_id`, `name`) VALUES (187, 187, 1, 'Northern Cyprus');
INSERT INTO `FIPOP`.`location_translation` (`id`, `location_id`, `language_id`, `name`) VALUES (188, 188, 1, 'Northern Ireland');
INSERT INTO `FIPOP`.`location_translation` (`id`, `location_id`, `language_id`, `name`) VALUES (189, 189, 1, 'Northern Mariana Islands');
INSERT INTO `FIPOP`.`location_translation` (`id`, `location_id`, `language_id`, `name`) VALUES (190, 190, 1, 'Norway');
INSERT INTO `FIPOP`.`location_translation` (`id`, `location_id`, `language_id`, `name`) VALUES (191, 191, 1, 'Oman');
INSERT INTO `FIPOP`.`location_translation` (`id`, `location_id`, `language_id`, `name`) VALUES (192, 192, 1, 'Pakistan');
INSERT INTO `FIPOP`.`location_translation` (`id`, `location_id`, `language_id`, `name`) VALUES (193, 193, 1, 'Palau');
INSERT INTO `FIPOP`.`location_translation` (`id`, `location_id`, `language_id`, `name`) VALUES (194, 194, 1, 'Palestine, State of');
INSERT INTO `FIPOP`.`location_translation` (`id`, `location_id`, `language_id`, `name`) VALUES (195, 195, 1, 'Panama');
INSERT INTO `FIPOP`.`location_translation` (`id`, `location_id`, `language_id`, `name`) VALUES (196, 196, 1, 'Papua New Guinea');
INSERT INTO `FIPOP`.`location_translation` (`id`, `location_id`, `language_id`, `name`) VALUES (197, 197, 1, 'Paraguay');
INSERT INTO `FIPOP`.`location_translation` (`id`, `location_id`, `language_id`, `name`) VALUES (198, 198, 1, 'Peru');
INSERT INTO `FIPOP`.`location_translation` (`id`, `location_id`, `language_id`, `name`) VALUES (199, 199, 1, 'Philippines');
INSERT INTO `FIPOP`.`location_translation` (`id`, `location_id`, `language_id`, `name`) VALUES (200, 200, 1, 'Pitcairn Islands');
INSERT INTO `FIPOP`.`location_translation` (`id`, `location_id`, `language_id`, `name`) VALUES (201, 201, 1, 'Poland');
INSERT INTO `FIPOP`.`location_translation` (`id`, `location_id`, `language_id`, `name`) VALUES (202, 202, 1, 'Portugal');
INSERT INTO `FIPOP`.`location_translation` (`id`, `location_id`, `language_id`, `name`) VALUES (203, 203, 1, 'Puerto Rico');
INSERT INTO `FIPOP`.`location_translation` (`id`, `location_id`, `language_id`, `name`) VALUES (204, 204, 1, 'Qatar');
INSERT INTO `FIPOP`.`location_translation` (`id`, `location_id`, `language_id`, `name`) VALUES (205, 205, 1, 'Runion');
INSERT INTO `FIPOP`.`location_translation` (`id`, `location_id`, `language_id`, `name`) VALUES (206, 206, 1, 'Romania');
INSERT INTO `FIPOP`.`location_translation` (`id`, `location_id`, `language_id`, `name`) VALUES (207, 207, 1, 'Russia');
INSERT INTO `FIPOP`.`location_translation` (`id`, `location_id`, `language_id`, `name`) VALUES (208, 208, 1, 'Rwanda');
INSERT INTO `FIPOP`.`location_translation` (`id`, `location_id`, `language_id`, `name`) VALUES (209, 209, 1, 'Saba');
INSERT INTO `FIPOP`.`location_translation` (`id`, `location_id`, `language_id`, `name`) VALUES (210, 210, 1, 'Saint Barthlemy');
INSERT INTO `FIPOP`.`location_translation` (`id`, `location_id`, `language_id`, `name`) VALUES (211, 211, 1, 'Saint Helena');
INSERT INTO `FIPOP`.`location_translation` (`id`, `location_id`, `language_id`, `name`) VALUES (212, 212, 1, 'Saint Kitts and Nevis');
INSERT INTO `FIPOP`.`location_translation` (`id`, `location_id`, `language_id`, `name`) VALUES (213, 213, 1, 'Saint Lucia');
INSERT INTO `FIPOP`.`location_translation` (`id`, `location_id`, `language_id`, `name`) VALUES (214, 214, 1, 'Saint Martin (France)');
INSERT INTO `FIPOP`.`location_translation` (`id`, `location_id`, `language_id`, `name`) VALUES (215, 215, 1, 'Saint Pierre and Miquelon');
INSERT INTO `FIPOP`.`location_translation` (`id`, `location_id`, `language_id`, `name`) VALUES (216, 216, 1, 'Saint Vincent and the Grenadines');
INSERT INTO `FIPOP`.`location_translation` (`id`, `location_id`, `language_id`, `name`) VALUES (217, 217, 1, 'Samoa');
INSERT INTO `FIPOP`.`location_translation` (`id`, `location_id`, `language_id`, `name`) VALUES (218, 218, 1, 'San Marino');
INSERT INTO `FIPOP`.`location_translation` (`id`, `location_id`, `language_id`, `name`) VALUES (219, 219, 1, 'So Tom and Prncipe');
INSERT INTO `FIPOP`.`location_translation` (`id`, `location_id`, `language_id`, `name`) VALUES (220, 220, 1, 'Saudi Arabia');
INSERT INTO `FIPOP`.`location_translation` (`id`, `location_id`, `language_id`, `name`) VALUES (221, 221, 1, 'Senegal');
INSERT INTO `FIPOP`.`location_translation` (`id`, `location_id`, `language_id`, `name`) VALUES (222, 222, 1, 'Serbia');
INSERT INTO `FIPOP`.`location_translation` (`id`, `location_id`, `language_id`, `name`) VALUES (223, 223, 1, 'Seychelles');
INSERT INTO `FIPOP`.`location_translation` (`id`, `location_id`, `language_id`, `name`) VALUES (224, 224, 1, 'Sierra Leone');
INSERT INTO `FIPOP`.`location_translation` (`id`, `location_id`, `language_id`, `name`) VALUES (225, 225, 1, 'Singapore');
INSERT INTO `FIPOP`.`location_translation` (`id`, `location_id`, `language_id`, `name`) VALUES (226, 226, 1, 'Sint Eustatius');
INSERT INTO `FIPOP`.`location_translation` (`id`, `location_id`, `language_id`, `name`) VALUES (227, 227, 1, 'Sint Maarten (Netherlands)');
INSERT INTO `FIPOP`.`location_translation` (`id`, `location_id`, `language_id`, `name`) VALUES (228, 228, 1, 'Slovakia');
INSERT INTO `FIPOP`.`location_translation` (`id`, `location_id`, `language_id`, `name`) VALUES (229, 229, 1, 'Slovenia');
INSERT INTO `FIPOP`.`location_translation` (`id`, `location_id`, `language_id`, `name`) VALUES (230, 230, 1, 'Solomon Islands');
INSERT INTO `FIPOP`.`location_translation` (`id`, `location_id`, `language_id`, `name`) VALUES (231, 231, 1, 'Somalia');
INSERT INTO `FIPOP`.`location_translation` (`id`, `location_id`, `language_id`, `name`) VALUES (232, 232, 1, 'South Africa');
INSERT INTO `FIPOP`.`location_translation` (`id`, `location_id`, `language_id`, `name`) VALUES (233, 233, 1, 'South Georgia and the South Sandwich Islands');
INSERT INTO `FIPOP`.`location_translation` (`id`, `location_id`, `language_id`, `name`) VALUES (234, 234, 1, 'South Ossetia');
INSERT INTO `FIPOP`.`location_translation` (`id`, `location_id`, `language_id`, `name`) VALUES (235, 235, 1, 'South Sudan');
INSERT INTO `FIPOP`.`location_translation` (`id`, `location_id`, `language_id`, `name`) VALUES (236, 236, 1, 'Spain');
INSERT INTO `FIPOP`.`location_translation` (`id`, `location_id`, `language_id`, `name`) VALUES (237, 237, 1, 'Sri Lanka');
INSERT INTO `FIPOP`.`location_translation` (`id`, `location_id`, `language_id`, `name`) VALUES (238, 238, 1, 'Sudan');
INSERT INTO `FIPOP`.`location_translation` (`id`, `location_id`, `language_id`, `name`) VALUES (239, 239, 1, 'Suriname');
INSERT INTO `FIPOP`.`location_translation` (`id`, `location_id`, `language_id`, `name`) VALUES (240, 240, 1, 'Svalbard');
INSERT INTO `FIPOP`.`location_translation` (`id`, `location_id`, `language_id`, `name`) VALUES (241, 241, 1, 'Swaziland');
INSERT INTO `FIPOP`.`location_translation` (`id`, `location_id`, `language_id`, `name`) VALUES (242, 242, 1, 'Sweden');
INSERT INTO `FIPOP`.`location_translation` (`id`, `location_id`, `language_id`, `name`) VALUES (243, 243, 1, 'Switzerland');
INSERT INTO `FIPOP`.`location_translation` (`id`, `location_id`, `language_id`, `name`) VALUES (244, 244, 1, 'Syria');
INSERT INTO `FIPOP`.`location_translation` (`id`, `location_id`, `language_id`, `name`) VALUES (245, 245, 1, 'Taiwan');
INSERT INTO `FIPOP`.`location_translation` (`id`, `location_id`, `language_id`, `name`) VALUES (246, 246, 1, 'Tajikistan');
INSERT INTO `FIPOP`.`location_translation` (`id`, `location_id`, `language_id`, `name`) VALUES (247, 247, 1, 'Tanzania');
INSERT INTO `FIPOP`.`location_translation` (`id`, `location_id`, `language_id`, `name`) VALUES (248, 248, 1, 'Telecommunications for Disaster Relief by OCHA');
INSERT INTO `FIPOP`.`location_translation` (`id`, `location_id`, `language_id`, `name`) VALUES (249, 249, 1, 'Thailand');
INSERT INTO `FIPOP`.`location_translation` (`id`, `location_id`, `language_id`, `name`) VALUES (250, 250, 1, 'Thuraya (Mobile Satellite service)');
INSERT INTO `FIPOP`.`location_translation` (`id`, `location_id`, `language_id`, `name`) VALUES (251, 251, 1, 'Togo');
INSERT INTO `FIPOP`.`location_translation` (`id`, `location_id`, `language_id`, `name`) VALUES (252, 252, 1, 'Tokelau');
INSERT INTO `FIPOP`.`location_translation` (`id`, `location_id`, `language_id`, `name`) VALUES (253, 253, 1, 'Tonga');
INSERT INTO `FIPOP`.`location_translation` (`id`, `location_id`, `language_id`, `name`) VALUES (254, 254, 1, 'Transnistria');
INSERT INTO `FIPOP`.`location_translation` (`id`, `location_id`, `language_id`, `name`) VALUES (255, 255, 1, 'Trinidad and Tobago');
INSERT INTO `FIPOP`.`location_translation` (`id`, `location_id`, `language_id`, `name`) VALUES (256, 256, 1, 'Tristan da Cunha');
INSERT INTO `FIPOP`.`location_translation` (`id`, `location_id`, `language_id`, `name`) VALUES (257, 257, 1, 'Tunisia');
INSERT INTO `FIPOP`.`location_translation` (`id`, `location_id`, `language_id`, `name`) VALUES (258, 258, 1, 'Turkey');
INSERT INTO `FIPOP`.`location_translation` (`id`, `location_id`, `language_id`, `name`) VALUES (259, 259, 1, 'Turkmenistan');
INSERT INTO `FIPOP`.`location_translation` (`id`, `location_id`, `language_id`, `name`) VALUES (260, 260, 1, 'Turks and Caicos Islands');
INSERT INTO `FIPOP`.`location_translation` (`id`, `location_id`, `language_id`, `name`) VALUES (261, 261, 1, 'Tuvalu');
INSERT INTO `FIPOP`.`location_translation` (`id`, `location_id`, `language_id`, `name`) VALUES (262, 262, 1, 'Uganda');
INSERT INTO `FIPOP`.`location_translation` (`id`, `location_id`, `language_id`, `name`) VALUES (263, 263, 1, 'Ukraine');
INSERT INTO `FIPOP`.`location_translation` (`id`, `location_id`, `language_id`, `name`) VALUES (264, 264, 1, 'United Arab Emirates');
INSERT INTO `FIPOP`.`location_translation` (`id`, `location_id`, `language_id`, `name`) VALUES (265, 265, 1, 'United Kingdom');
INSERT INTO `FIPOP`.`location_translation` (`id`, `location_id`, `language_id`, `name`) VALUES (266, 266, 1, 'United States of America');
INSERT INTO `FIPOP`.`location_translation` (`id`, `location_id`, `language_id`, `name`) VALUES (267, 267, 1, 'Universal Personal Telecommunications (UPT)');
INSERT INTO `FIPOP`.`location_translation` (`id`, `location_id`, `language_id`, `name`) VALUES (268, 268, 1, 'Uruguay');
INSERT INTO `FIPOP`.`location_translation` (`id`, `location_id`, `language_id`, `name`) VALUES (269, 269, 1, 'US Virgin Islands');
INSERT INTO `FIPOP`.`location_translation` (`id`, `location_id`, `language_id`, `name`) VALUES (270, 270, 1, 'Uzbekistan');
INSERT INTO `FIPOP`.`location_translation` (`id`, `location_id`, `language_id`, `name`) VALUES (271, 271, 1, 'Vanuatu');
INSERT INTO `FIPOP`.`location_translation` (`id`, `location_id`, `language_id`, `name`) VALUES (272, 272, 1, 'Venezuela');
INSERT INTO `FIPOP`.`location_translation` (`id`, `location_id`, `language_id`, `name`) VALUES (273, 273, 1, 'Vatican City State (Holy See)');
INSERT INTO `FIPOP`.`location_translation` (`id`, `location_id`, `language_id`, `name`) VALUES (274, 274, 1, 'Vietnam');
INSERT INTO `FIPOP`.`location_translation` (`id`, `location_id`, `language_id`, `name`) VALUES (275, 275, 1, 'Wake Island, USA');
INSERT INTO `FIPOP`.`location_translation` (`id`, `location_id`, `language_id`, `name`) VALUES (276, 276, 1, 'Wallis and Futuna');
INSERT INTO `FIPOP`.`location_translation` (`id`, `location_id`, `language_id`, `name`) VALUES (277, 277, 1, 'Yemen');
INSERT INTO `FIPOP`.`location_translation` (`id`, `location_id`, `language_id`, `name`) VALUES (278, 278, 1, 'Zambia');
INSERT INTO `FIPOP`.`location_translation` (`id`, `location_id`, `language_id`, `name`) VALUES (279, 279, 1, 'Zanzibar');
INSERT INTO `FIPOP`.`location_translation` (`id`, `location_id`, `language_id`, `name`) VALUES (280, 280, 1, 'Zimbabwe');

COMMIT;


-- -----------------------------------------------------
-- Data for table `FIPOP`.`location_type`
-- -----------------------------------------------------
START TRANSACTION;
USE `FIPOP`;
INSERT INTO `FIPOP`.`location_type` (`id`) VALUES (1);
INSERT INTO `FIPOP`.`location_type` (`id`) VALUES (2);
INSERT INTO `FIPOP`.`location_type` (`id`) VALUES (3);
INSERT INTO `FIPOP`.`location_type` (`id`) VALUES (4);
INSERT INTO `FIPOP`.`location_type` (`id`) VALUES (5);

COMMIT;


-- -----------------------------------------------------
-- Data for table `FIPOP`.`location_type_translation`
-- -----------------------------------------------------
START TRANSACTION;
USE `FIPOP`;
INSERT INTO `FIPOP`.`location_type_translation` (`id`, `location_type_id`, `language_id`, `type`) VALUES (1, 1, 1, 'Country');
INSERT INTO `FIPOP`.`location_type_translation` (`id`, `location_type_id`, `language_id`, `type`) VALUES (2, 2, 1, 'Province');
INSERT INTO `FIPOP`.`location_type_translation` (`id`, `location_type_id`, `language_id`, `type`) VALUES (3, 3, 1, 'County');
INSERT INTO `FIPOP`.`location_type_translation` (`id`, `location_type_id`, `language_id`, `type`) VALUES (4, 4, 1, 'City');
INSERT INTO `FIPOP`.`location_type_translation` (`id`, `location_type_id`, `language_id`, `type`) VALUES (5, 5, 1, 'Street');

COMMIT;


-- -----------------------------------------------------
-- Data for table `FIPOP`.`maqam`
-- -----------------------------------------------------
START TRANSACTION;
USE `FIPOP`;
INSERT INTO `FIPOP`.`maqam` (`id`, `maqam_type_id`, `maqam_subtype_id`) VALUES (1, 1, 1);
INSERT INTO `FIPOP`.`maqam` (`id`, `maqam_type_id`, `maqam_subtype_id`) VALUES (2, 1, 2);
INSERT INTO `FIPOP`.`maqam` (`id`, `maqam_type_id`, `maqam_subtype_id`) VALUES (3, 1, 3);
INSERT INTO `FIPOP`.`maqam` (`id`, `maqam_type_id`, `maqam_subtype_id`) VALUES (4, 2, 4);
INSERT INTO `FIPOP`.`maqam` (`id`, `maqam_type_id`, `maqam_subtype_id`) VALUES (5, 2, 5);
INSERT INTO `FIPOP`.`maqam` (`id`, `maqam_type_id`, `maqam_subtype_id`) VALUES (6, 2, 6);
INSERT INTO `FIPOP`.`maqam` (`id`, `maqam_type_id`, `maqam_subtype_id`) VALUES (7, 3, 7);
INSERT INTO `FIPOP`.`maqam` (`id`, `maqam_type_id`, `maqam_subtype_id`) VALUES (8, 3, 8);
INSERT INTO `FIPOP`.`maqam` (`id`, `maqam_type_id`, `maqam_subtype_id`) VALUES (9, 3, 9);
INSERT INTO `FIPOP`.`maqam` (`id`, `maqam_type_id`, `maqam_subtype_id`) VALUES (10, 3, 10);
INSERT INTO `FIPOP`.`maqam` (`id`, `maqam_type_id`, `maqam_subtype_id`) VALUES (11, 3, 11);
INSERT INTO `FIPOP`.`maqam` (`id`, `maqam_type_id`, `maqam_subtype_id`) VALUES (12, 3, 12);
INSERT INTO `FIPOP`.`maqam` (`id`, `maqam_type_id`, `maqam_subtype_id`) VALUES (13, 4, 13);
INSERT INTO `FIPOP`.`maqam` (`id`, `maqam_type_id`, `maqam_subtype_id`) VALUES (14, 4, 14);
INSERT INTO `FIPOP`.`maqam` (`id`, `maqam_type_id`, `maqam_subtype_id`) VALUES (15, 5, 15);
INSERT INTO `FIPOP`.`maqam` (`id`, `maqam_type_id`, `maqam_subtype_id`) VALUES (16, 5, 16);
INSERT INTO `FIPOP`.`maqam` (`id`, `maqam_type_id`, `maqam_subtype_id`) VALUES (17, 5, 17);
INSERT INTO `FIPOP`.`maqam` (`id`, `maqam_type_id`, `maqam_subtype_id`) VALUES (18, 5, 18);
INSERT INTO `FIPOP`.`maqam` (`id`, `maqam_type_id`, `maqam_subtype_id`) VALUES (19, 6, 19);
INSERT INTO `FIPOP`.`maqam` (`id`, `maqam_type_id`, `maqam_subtype_id`) VALUES (20, 6, 20);
INSERT INTO `FIPOP`.`maqam` (`id`, `maqam_type_id`, `maqam_subtype_id`) VALUES (21, 6, 21);
INSERT INTO `FIPOP`.`maqam` (`id`, `maqam_type_id`, `maqam_subtype_id`) VALUES (22, 7, 22);
INSERT INTO `FIPOP`.`maqam` (`id`, `maqam_type_id`, `maqam_subtype_id`) VALUES (23, 7, 23);
INSERT INTO `FIPOP`.`maqam` (`id`, `maqam_type_id`, `maqam_subtype_id`) VALUES (24, 7, 24);
INSERT INTO `FIPOP`.`maqam` (`id`, `maqam_type_id`, `maqam_subtype_id`) VALUES (25, 7, 25);
INSERT INTO `FIPOP`.`maqam` (`id`, `maqam_type_id`, `maqam_subtype_id`) VALUES (26, 7, 26);
INSERT INTO `FIPOP`.`maqam` (`id`, `maqam_type_id`, `maqam_subtype_id`) VALUES (27, 7, 27);
INSERT INTO `FIPOP`.`maqam` (`id`, `maqam_type_id`, `maqam_subtype_id`) VALUES (28, 7, 28);
INSERT INTO `FIPOP`.`maqam` (`id`, `maqam_type_id`, `maqam_subtype_id`) VALUES (29, 7, 29);
INSERT INTO `FIPOP`.`maqam` (`id`, `maqam_type_id`, `maqam_subtype_id`) VALUES (30, 7, 30);
INSERT INTO `FIPOP`.`maqam` (`id`, `maqam_type_id`, `maqam_subtype_id`) VALUES (31, 8, 31);
INSERT INTO `FIPOP`.`maqam` (`id`, `maqam_type_id`, `maqam_subtype_id`) VALUES (32, 8, 32);
INSERT INTO `FIPOP`.`maqam` (`id`, `maqam_type_id`, `maqam_subtype_id`) VALUES (33, 8, 33);
INSERT INTO `FIPOP`.`maqam` (`id`, `maqam_type_id`, `maqam_subtype_id`) VALUES (34, 8, 34);
INSERT INTO `FIPOP`.`maqam` (`id`, `maqam_type_id`, `maqam_subtype_id`) VALUES (35, 8, 35);
INSERT INTO `FIPOP`.`maqam` (`id`, `maqam_type_id`, `maqam_subtype_id`) VALUES (36, 8, 36);
INSERT INTO `FIPOP`.`maqam` (`id`, `maqam_type_id`, `maqam_subtype_id`) VALUES (37, 8, 37);
INSERT INTO `FIPOP`.`maqam` (`id`, `maqam_type_id`, `maqam_subtype_id`) VALUES (38, 9, 38);
INSERT INTO `FIPOP`.`maqam` (`id`, `maqam_type_id`, `maqam_subtype_id`) VALUES (39, 9, 39);
INSERT INTO `FIPOP`.`maqam` (`id`, `maqam_type_id`, `maqam_subtype_id`) VALUES (40, 9, 40);
INSERT INTO `FIPOP`.`maqam` (`id`, `maqam_type_id`, `maqam_subtype_id`) VALUES (41, 9, 41);
INSERT INTO `FIPOP`.`maqam` (`id`, `maqam_type_id`, `maqam_subtype_id`) VALUES (42, 9, 42);

COMMIT;


-- -----------------------------------------------------
-- Data for table `FIPOP`.`maqam_subtype`
-- -----------------------------------------------------
START TRANSACTION;
USE `FIPOP`;
INSERT INTO `FIPOP`.`maqam_subtype` (`id`) VALUES (1);
INSERT INTO `FIPOP`.`maqam_subtype` (`id`) VALUES (2);
INSERT INTO `FIPOP`.`maqam_subtype` (`id`) VALUES (3);
INSERT INTO `FIPOP`.`maqam_subtype` (`id`) VALUES (4);
INSERT INTO `FIPOP`.`maqam_subtype` (`id`) VALUES (5);
INSERT INTO `FIPOP`.`maqam_subtype` (`id`) VALUES (6);
INSERT INTO `FIPOP`.`maqam_subtype` (`id`) VALUES (7);
INSERT INTO `FIPOP`.`maqam_subtype` (`id`) VALUES (8);
INSERT INTO `FIPOP`.`maqam_subtype` (`id`) VALUES (9);
INSERT INTO `FIPOP`.`maqam_subtype` (`id`) VALUES (10);
INSERT INTO `FIPOP`.`maqam_subtype` (`id`) VALUES (11);
INSERT INTO `FIPOP`.`maqam_subtype` (`id`) VALUES (12);
INSERT INTO `FIPOP`.`maqam_subtype` (`id`) VALUES (13);
INSERT INTO `FIPOP`.`maqam_subtype` (`id`) VALUES (14);
INSERT INTO `FIPOP`.`maqam_subtype` (`id`) VALUES (15);
INSERT INTO `FIPOP`.`maqam_subtype` (`id`) VALUES (16);
INSERT INTO `FIPOP`.`maqam_subtype` (`id`) VALUES (17);
INSERT INTO `FIPOP`.`maqam_subtype` (`id`) VALUES (18);
INSERT INTO `FIPOP`.`maqam_subtype` (`id`) VALUES (19);
INSERT INTO `FIPOP`.`maqam_subtype` (`id`) VALUES (20);
INSERT INTO `FIPOP`.`maqam_subtype` (`id`) VALUES (21);
INSERT INTO `FIPOP`.`maqam_subtype` (`id`) VALUES (22);
INSERT INTO `FIPOP`.`maqam_subtype` (`id`) VALUES (23);
INSERT INTO `FIPOP`.`maqam_subtype` (`id`) VALUES (24);
INSERT INTO `FIPOP`.`maqam_subtype` (`id`) VALUES (25);
INSERT INTO `FIPOP`.`maqam_subtype` (`id`) VALUES (26);
INSERT INTO `FIPOP`.`maqam_subtype` (`id`) VALUES (27);
INSERT INTO `FIPOP`.`maqam_subtype` (`id`) VALUES (28);
INSERT INTO `FIPOP`.`maqam_subtype` (`id`) VALUES (29);
INSERT INTO `FIPOP`.`maqam_subtype` (`id`) VALUES (30);
INSERT INTO `FIPOP`.`maqam_subtype` (`id`) VALUES (31);
INSERT INTO `FIPOP`.`maqam_subtype` (`id`) VALUES (32);
INSERT INTO `FIPOP`.`maqam_subtype` (`id`) VALUES (33);
INSERT INTO `FIPOP`.`maqam_subtype` (`id`) VALUES (34);
INSERT INTO `FIPOP`.`maqam_subtype` (`id`) VALUES (35);
INSERT INTO `FIPOP`.`maqam_subtype` (`id`) VALUES (36);
INSERT INTO `FIPOP`.`maqam_subtype` (`id`) VALUES (37);
INSERT INTO `FIPOP`.`maqam_subtype` (`id`) VALUES (38);
INSERT INTO `FIPOP`.`maqam_subtype` (`id`) VALUES (39);
INSERT INTO `FIPOP`.`maqam_subtype` (`id`) VALUES (40);
INSERT INTO `FIPOP`.`maqam_subtype` (`id`) VALUES (41);
INSERT INTO `FIPOP`.`maqam_subtype` (`id`) VALUES (42);

COMMIT;


-- -----------------------------------------------------
-- Data for table `FIPOP`.`maqam_subtype_translation`
-- -----------------------------------------------------
START TRANSACTION;
USE `FIPOP`;
INSERT INTO `FIPOP`.`maqam_subtype_translation` (`id`, `maqam_subtype_id`, `language_id`, `subtype`) VALUES (1, 1, 1, 'Maqam Ajam');
INSERT INTO `FIPOP`.`maqam_subtype_translation` (`id`, `maqam_subtype_id`, `language_id`, `subtype`) VALUES (2, 2, 1, 'Maqam Ajam Ushayran');
INSERT INTO `FIPOP`.`maqam_subtype_translation` (`id`, `maqam_subtype_id`, `language_id`, `subtype`) VALUES (3, 3, 1, 'Maqam Shawq Afza');
INSERT INTO `FIPOP`.`maqam_subtype_translation` (`id`, `maqam_subtype_id`, `language_id`, `subtype`) VALUES (4, 4, 1, 'Maqam Bayati');
INSERT INTO `FIPOP`.`maqam_subtype_translation` (`id`, `maqam_subtype_id`, `language_id`, `subtype`) VALUES (5, 5, 1, 'Maqam Bayati Shuri');
INSERT INTO `FIPOP`.`maqam_subtype_translation` (`id`, `maqam_subtype_id`, `language_id`, `subtype`) VALUES (6, 6, 1, 'Maqam Husayni');
INSERT INTO `FIPOP`.`maqam_subtype_translation` (`id`, `maqam_subtype_id`, `language_id`, `subtype`) VALUES (7, 7, 1, 'Maqam Hijaz');
INSERT INTO `FIPOP`.`maqam_subtype_translation` (`id`, `maqam_subtype_id`, `language_id`, `subtype`) VALUES (8, 8, 1, 'Maqam Hijazkar');
INSERT INTO `FIPOP`.`maqam_subtype_translation` (`id`, `maqam_subtype_id`, `language_id`, `subtype`) VALUES (9, 9, 1, 'Maqam Shadd Araban');
INSERT INTO `FIPOP`.`maqam_subtype_translation` (`id`, `maqam_subtype_id`, `language_id`, `subtype`) VALUES (10, 10, 1, 'Maqam Shahnaz');
INSERT INTO `FIPOP`.`maqam_subtype_translation` (`id`, `maqam_subtype_id`, `language_id`, `subtype`) VALUES (11, 11, 1, 'Maqam Suzidil');
INSERT INTO `FIPOP`.`maqam_subtype_translation` (`id`, `maqam_subtype_id`, `language_id`, `subtype`) VALUES (12, 12, 1, 'Maqam Zanjaran');
INSERT INTO `FIPOP`.`maqam_subtype_translation` (`id`, `maqam_subtype_id`, `language_id`, `subtype`) VALUES (13, 13, 1, 'Maqam Kurd');
INSERT INTO `FIPOP`.`maqam_subtype_translation` (`id`, `maqam_subtype_id`, `language_id`, `subtype`) VALUES (14, 14, 1, 'Maqam Hijazkar Kurd');
INSERT INTO `FIPOP`.`maqam_subtype_translation` (`id`, `maqam_subtype_id`, `language_id`, `subtype`) VALUES (15, 15, 1, 'Maqam Nahawand');
INSERT INTO `FIPOP`.`maqam_subtype_translation` (`id`, `maqam_subtype_id`, `language_id`, `subtype`) VALUES (16, 16, 1, 'Maqam Farahfaza');
INSERT INTO `FIPOP`.`maqam_subtype_translation` (`id`, `maqam_subtype_id`, `language_id`, `subtype`) VALUES (17, 17, 1, 'Maqam Nahawand Murassa');
INSERT INTO `FIPOP`.`maqam_subtype_translation` (`id`, `maqam_subtype_id`, `language_id`, `subtype`) VALUES (18, 18, 1, 'Maqam Ushaq Masri');
INSERT INTO `FIPOP`.`maqam_subtype_translation` (`id`, `maqam_subtype_id`, `language_id`, `subtype`) VALUES (19, 19, 1, 'Maqam Nikriz');
INSERT INTO `FIPOP`.`maqam_subtype_translation` (`id`, `maqam_subtype_id`, `language_id`, `subtype`) VALUES (20, 20, 1, 'Maqam Nawa Athar');
INSERT INTO `FIPOP`.`maqam_subtype_translation` (`id`, `maqam_subtype_id`, `language_id`, `subtype`) VALUES (21, 21, 1, 'Maqam Athar Kurd');
INSERT INTO `FIPOP`.`maqam_subtype_translation` (`id`, `maqam_subtype_id`, `language_id`, `subtype`) VALUES (22, 22, 1, 'Maqam Rast');
INSERT INTO `FIPOP`.`maqam_subtype_translation` (`id`, `maqam_subtype_id`, `language_id`, `subtype`) VALUES (23, 23, 1, 'Maqam Kirdan');
INSERT INTO `FIPOP`.`maqam_subtype_translation` (`id`, `maqam_subtype_id`, `language_id`, `subtype`) VALUES (24, 24, 1, 'Maqam Sazkar');
INSERT INTO `FIPOP`.`maqam_subtype_translation` (`id`, `maqam_subtype_id`, `language_id`, `subtype`) VALUES (25, 25, 1, 'Maqam Suznak');
INSERT INTO `FIPOP`.`maqam_subtype_translation` (`id`, `maqam_subtype_id`, `language_id`, `subtype`) VALUES (26, 26, 1, 'Maqam Nairuz');
INSERT INTO `FIPOP`.`maqam_subtype_translation` (`id`, `maqam_subtype_id`, `language_id`, `subtype`) VALUES (27, 27, 1, 'Maqam Yakah');
INSERT INTO `FIPOP`.`maqam_subtype_translation` (`id`, `maqam_subtype_id`, `language_id`, `subtype`) VALUES (28, 28, 1, 'Maqam Dalanshin');
INSERT INTO `FIPOP`.`maqam_subtype_translation` (`id`, `maqam_subtype_id`, `language_id`, `subtype`) VALUES (29, 29, 1, 'Maqam Suzdalara');
INSERT INTO `FIPOP`.`maqam_subtype_translation` (`id`, `maqam_subtype_id`, `language_id`, `subtype`) VALUES (30, 30, 1, 'Maqam Mahur');
INSERT INTO `FIPOP`.`maqam_subtype_translation` (`id`, `maqam_subtype_id`, `language_id`, `subtype`) VALUES (31, 31, 1, 'Maqam Sikah');
INSERT INTO `FIPOP`.`maqam_subtype_translation` (`id`, `maqam_subtype_id`, `language_id`, `subtype`) VALUES (32, 32, 1, 'Maqam Huzam');
INSERT INTO `FIPOP`.`maqam_subtype_translation` (`id`, `maqam_subtype_id`, `language_id`, `subtype`) VALUES (33, 33, 1, 'Maqam Rahat al-Arwah');
INSERT INTO `FIPOP`.`maqam_subtype_translation` (`id`, `maqam_subtype_id`, `language_id`, `subtype`) VALUES (34, 34, 1, 'Maqam Iraq');
INSERT INTO `FIPOP`.`maqam_subtype_translation` (`id`, `maqam_subtype_id`, `language_id`, `subtype`) VALUES (35, 35, 1, 'Maqam Awj Iraq');
INSERT INTO `FIPOP`.`maqam_subtype_translation` (`id`, `maqam_subtype_id`, `language_id`, `subtype`) VALUES (36, 36, 1, 'Maqam Bastanikar');
INSERT INTO `FIPOP`.`maqam_subtype_translation` (`id`, `maqam_subtype_id`, `language_id`, `subtype`) VALUES (37, 37, 1, 'Maqam Mustaar');
INSERT INTO `FIPOP`.`maqam_subtype_translation` (`id`, `maqam_subtype_id`, `language_id`, `subtype`) VALUES (38, 38, 1, 'Maqam Jiharkah (Ausgangs-Jins:Jins Jiharkah)');
INSERT INTO `FIPOP`.`maqam_subtype_translation` (`id`, `maqam_subtype_id`, `language_id`, `subtype`) VALUES (39, 39, 1, 'Maqam Lami (Ausgangs-Jins:Jins Lami)');
INSERT INTO `FIPOP`.`maqam_subtype_translation` (`id`, `maqam_subtype_id`, `language_id`, `subtype`) VALUES (40, 40, 1, 'Maqam Saba (Ausgangs-Jins: Jins Saba)');
INSERT INTO `FIPOP`.`maqam_subtype_translation` (`id`, `maqam_subtype_id`, `language_id`, `subtype`) VALUES (41, 41, 1, 'Maqam Saba Zamzam (Ausgangs-Jins:Jins Saba Zamzam)');
INSERT INTO `FIPOP`.`maqam_subtype_translation` (`id`, `maqam_subtype_id`, `language_id`, `subtype`) VALUES (42, 42, 1, 'Maqam Sikah Baladi');

COMMIT;


-- -----------------------------------------------------
-- Data for table `FIPOP`.`maqam_type`
-- -----------------------------------------------------
START TRANSACTION;
USE `FIPOP`;
INSERT INTO `FIPOP`.`maqam_type` (`id`) VALUES (1);
INSERT INTO `FIPOP`.`maqam_type` (`id`) VALUES (2);
INSERT INTO `FIPOP`.`maqam_type` (`id`) VALUES (3);
INSERT INTO `FIPOP`.`maqam_type` (`id`) VALUES (4);
INSERT INTO `FIPOP`.`maqam_type` (`id`) VALUES (5);
INSERT INTO `FIPOP`.`maqam_type` (`id`) VALUES (6);
INSERT INTO `FIPOP`.`maqam_type` (`id`) VALUES (7);
INSERT INTO `FIPOP`.`maqam_type` (`id`) VALUES (8);
INSERT INTO `FIPOP`.`maqam_type` (`id`) VALUES (9);

COMMIT;


-- -----------------------------------------------------
-- Data for table `FIPOP`.`maqam_type_translation`
-- -----------------------------------------------------
START TRANSACTION;
USE `FIPOP`;
INSERT INTO `FIPOP`.`maqam_type_translation` (`id`, `maqam_type_id`, `language_id`, `type`) VALUES (1, 1, 1, 'Maqam Ajam Family (Ausgangs-Jins:Jins Ajam)');
INSERT INTO `FIPOP`.`maqam_type_translation` (`id`, `maqam_type_id`, `language_id`, `type`) VALUES (2, 2, 1, 'Maqam Bayati Family (Ausgangs-Jins: Jins Bayati)');
INSERT INTO `FIPOP`.`maqam_type_translation` (`id`, `maqam_type_id`, `language_id`, `type`) VALUES (3, 3, 1, 'Maqam Hijaz Family (Ausgangs-Jins:Jins Hijaz)');
INSERT INTO `FIPOP`.`maqam_type_translation` (`id`, `maqam_type_id`, `language_id`, `type`) VALUES (4, 4, 1, 'Maqam Kurd Family (Ausgangs-Jins: Jins Kurd)');
INSERT INTO `FIPOP`.`maqam_type_translation` (`id`, `maqam_type_id`, `language_id`, `type`) VALUES (5, 5, 1, 'Maqam Nahawand Family (Ausgangs-Jins: Jins Nahawand)');
INSERT INTO `FIPOP`.`maqam_type_translation` (`id`, `maqam_type_id`, `language_id`, `type`) VALUES (6, 6, 1, 'Maqam Nikriz Family (Ausgangs-Jins: Jins Nikriz)');
INSERT INTO `FIPOP`.`maqam_type_translation` (`id`, `maqam_type_id`, `language_id`, `type`) VALUES (7, 7, 1, 'Maqam Rast Family (Ausgangs-Jins:Jins Rast)');
INSERT INTO `FIPOP`.`maqam_type_translation` (`id`, `maqam_type_id`, `language_id`, `type`) VALUES (8, 8, 1, 'Maqam Sikah Family (Ausgangs-Jins:Jins Sikah)');
INSERT INTO `FIPOP`.`maqam_type_translation` (`id`, `maqam_type_id`, `language_id`, `type`) VALUES (9, 9, 1, 'No maqam family');

COMMIT;


-- -----------------------------------------------------
-- Data for table `FIPOP`.`martinez_scheffel_unreliable_narration`
-- -----------------------------------------------------
START TRANSACTION;
USE `FIPOP`;
INSERT INTO `FIPOP`.`martinez_scheffel_unreliable_narration` (`analysis_method_id`) VALUES (1);
INSERT INTO `FIPOP`.`martinez_scheffel_unreliable_narration` (`analysis_method_id`) VALUES (2);
INSERT INTO `FIPOP`.`martinez_scheffel_unreliable_narration` (`analysis_method_id`) VALUES (3);
INSERT INTO `FIPOP`.`martinez_scheffel_unreliable_narration` (`analysis_method_id`) VALUES (4);
INSERT INTO `FIPOP`.`martinez_scheffel_unreliable_narration` (`analysis_method_id`) VALUES (5);
INSERT INTO `FIPOP`.`martinez_scheffel_unreliable_narration` (`analysis_method_id`) VALUES (6);

COMMIT;


-- -----------------------------------------------------
-- Data for table `FIPOP`.`martinez_scheffel_unreliable_narration_translation`
-- -----------------------------------------------------
START TRANSACTION;
USE `FIPOP`;
INSERT INTO `FIPOP`.`martinez_scheffel_unreliable_narration_translation` (`id`, `martinez_scheffel_unreliable_narration_analysis_method_id`, `language_id`, `type`) VALUES (1, 1, 1, 'absence of a privileged narrator\'s speech');
INSERT INTO `FIPOP`.`martinez_scheffel_unreliable_narration_translation` (`id`, `martinez_scheffel_unreliable_narration_analysis_method_id`, `language_id`, `type`) VALUES (2, 2, 1, 'logically privileged figure speech');
INSERT INTO `FIPOP`.`martinez_scheffel_unreliable_narration_translation` (`id`, `martinez_scheffel_unreliable_narration_analysis_method_id`, `language_id`, `type`) VALUES (3, 3, 1, 'mimetically partially unreliable narration');
INSERT INTO `FIPOP`.`martinez_scheffel_unreliable_narration_translation` (`id`, `martinez_scheffel_unreliable_narration_analysis_method_id`, `language_id`, `type`) VALUES (4, 4, 1, 'mimetically undecidable narration');
INSERT INTO `FIPOP`.`martinez_scheffel_unreliable_narration_translation` (`id`, `martinez_scheffel_unreliable_narration_analysis_method_id`, `language_id`, `type`) VALUES (5, 5, 1, 'theoretically unreliable narration');
INSERT INTO `FIPOP`.`martinez_scheffel_unreliable_narration_translation` (`id`, `martinez_scheffel_unreliable_narration_analysis_method_id`, `language_id`, `type`) VALUES (6, 6, 1, 'unreliable narration');
INSERT INTO `FIPOP`.`martinez_scheffel_unreliable_narration_translation` (`id`, `martinez_scheffel_unreliable_narration_analysis_method_id`, `language_id`, `type`) VALUES (7, 1, 2, 'absence of a privileged narrator\'s speech');
INSERT INTO `FIPOP`.`martinez_scheffel_unreliable_narration_translation` (`id`, `martinez_scheffel_unreliable_narration_analysis_method_id`, `language_id`, `type`) VALUES (8, 2, 2, 'logically privileged figure speech');
INSERT INTO `FIPOP`.`martinez_scheffel_unreliable_narration_translation` (`id`, `martinez_scheffel_unreliable_narration_analysis_method_id`, `language_id`, `type`) VALUES (9, 3, 2, 'mimetically partially unreliable narration');
INSERT INTO `FIPOP`.`martinez_scheffel_unreliable_narration_translation` (`id`, `martinez_scheffel_unreliable_narration_analysis_method_id`, `language_id`, `type`) VALUES (10, 4, 2, 'mimetically undecidable narration');
INSERT INTO `FIPOP`.`martinez_scheffel_unreliable_narration_translation` (`id`, `martinez_scheffel_unreliable_narration_analysis_method_id`, `language_id`, `type`) VALUES (11, 5, 2, 'theoretically unreliable narration');
INSERT INTO `FIPOP`.`martinez_scheffel_unreliable_narration_translation` (`id`, `martinez_scheffel_unreliable_narration_analysis_method_id`, `language_id`, `type`) VALUES (12, 6, 2, 'unreliable narration');
INSERT INTO `FIPOP`.`martinez_scheffel_unreliable_narration_translation` (`id`, `martinez_scheffel_unreliable_narration_analysis_method_id`, `language_id`, `type`) VALUES (13, 1, 3, 'Fehlen einer privilegierten Erzhlerrede');
INSERT INTO `FIPOP`.`martinez_scheffel_unreliable_narration_translation` (`id`, `martinez_scheffel_unreliable_narration_analysis_method_id`, `language_id`, `type`) VALUES (14, 2, 3, 'Logisch privilegierte Figurenrede');
INSERT INTO `FIPOP`.`martinez_scheffel_unreliable_narration_translation` (`id`, `martinez_scheffel_unreliable_narration_analysis_method_id`, `language_id`, `type`) VALUES (15, 3, 3, 'Mimetisch teilweise unzuverlssiges Erzhlen');
INSERT INTO `FIPOP`.`martinez_scheffel_unreliable_narration_translation` (`id`, `martinez_scheffel_unreliable_narration_analysis_method_id`, `language_id`, `type`) VALUES (16, 4, 3, 'Mimetisch unentscheidbares Erzhlen');
INSERT INTO `FIPOP`.`martinez_scheffel_unreliable_narration_translation` (`id`, `martinez_scheffel_unreliable_narration_analysis_method_id`, `language_id`, `type`) VALUES (17, 5, 3, 'Theoretisch unzuverlssiges Erzhlen');
INSERT INTO `FIPOP`.`martinez_scheffel_unreliable_narration_translation` (`id`, `martinez_scheffel_unreliable_narration_analysis_method_id`, `language_id`, `type`) VALUES (18, 6, 3, 'Unzuverlssiges Erzhlen');

COMMIT;


-- -----------------------------------------------------
-- Data for table `FIPOP`.`media_collection_type`
-- -----------------------------------------------------
START TRANSACTION;
USE `FIPOP`;
INSERT INTO `FIPOP`.`media_collection_type` (`id`) VALUES (1);
INSERT INTO `FIPOP`.`media_collection_type` (`id`) VALUES (2);
INSERT INTO `FIPOP`.`media_collection_type` (`id`) VALUES (3);

COMMIT;


-- -----------------------------------------------------
-- Data for table `FIPOP`.`media_collection_type_translation`
-- -----------------------------------------------------
START TRANSACTION;
USE `FIPOP`;
INSERT INTO `FIPOP`.`media_collection_type_translation` (`id`, `media_collection_type_id`, `language_id`, `type`) VALUES (1, 1, 1, 'Album');
INSERT INTO `FIPOP`.`media_collection_type_translation` (`id`, `media_collection_type_id`, `language_id`, `type`) VALUES (2, 2, 1, 'Collection');
INSERT INTO `FIPOP`.`media_collection_type_translation` (`id`, `media_collection_type_id`, `language_id`, `type`) VALUES (3, 3, 1, 'Series');

COMMIT;


-- -----------------------------------------------------
-- Data for table `FIPOP`.`media_type`
-- -----------------------------------------------------
START TRANSACTION;
USE `FIPOP`;
INSERT INTO `FIPOP`.`media_type` (`id`, `has_visual`, `has_audio`, `has_content`) VALUES (1, 0, 1, 1);
INSERT INTO `FIPOP`.`media_type` (`id`, `has_visual`, `has_audio`, `has_content`) VALUES (2, 1, 0, 1);
INSERT INTO `FIPOP`.`media_type` (`id`, `has_visual`, `has_audio`, `has_content`) VALUES (3, 1, 0, 1);
INSERT INTO `FIPOP`.`media_type` (`id`, `has_visual`, `has_audio`, `has_content`) VALUES (4, 1, 1, 1);
INSERT INTO `FIPOP`.`media_type` (`id`, `has_visual`, `has_audio`, `has_content`) VALUES (5, 1, 0, 1);
INSERT INTO `FIPOP`.`media_type` (`id`, `has_visual`, `has_audio`, `has_content`) VALUES (6, 1, 1, 1);
INSERT INTO `FIPOP`.`media_type` (`id`, `has_visual`, `has_audio`, `has_content`) VALUES (7, 1, 1, 1);

COMMIT;


-- -----------------------------------------------------
-- Data for table `FIPOP`.`media_type_translation`
-- -----------------------------------------------------
START TRANSACTION;
USE `FIPOP`;
INSERT INTO `FIPOP`.`media_type_translation` (`id`, `media_type_id`, `language_id`, `type`) VALUES (1, 1, 1, 'audio');
INSERT INTO `FIPOP`.`media_type_translation` (`id`, `media_type_id`, `language_id`, `type`) VALUES (2, 2, 1, 'document');
INSERT INTO `FIPOP`.`media_type_translation` (`id`, `media_type_id`, `language_id`, `type`) VALUES (3, 3, 1, 'image');
INSERT INTO `FIPOP`.`media_type_translation` (`id`, `media_type_id`, `language_id`, `type`) VALUES (4, 4, 1, 'software');
INSERT INTO `FIPOP`.`media_type_translation` (`id`, `media_type_id`, `language_id`, `type`) VALUES (5, 5, 1, 'text');
INSERT INTO `FIPOP`.`media_type_translation` (`id`, `media_type_id`, `language_id`, `type`) VALUES (6, 6, 1, 'video');
INSERT INTO `FIPOP`.`media_type_translation` (`id`, `media_type_id`, `language_id`, `type`) VALUES (7, 7, 1, 'videogame');

COMMIT;


-- -----------------------------------------------------
-- Data for table `FIPOP`.`medium_language_type`
-- -----------------------------------------------------
START TRANSACTION;
USE `FIPOP`;
INSERT INTO `FIPOP`.`medium_language_type` (`id`) VALUES (1);
INSERT INTO `FIPOP`.`medium_language_type` (`id`) VALUES (2);

COMMIT;


-- -----------------------------------------------------
-- Data for table `FIPOP`.`medium_language_type_translation`
-- -----------------------------------------------------
START TRANSACTION;
USE `FIPOP`;
INSERT INTO `FIPOP`.`medium_language_type_translation` (`id`, `medium_language_type_id`, `language_id`, `type`) VALUES (1, 1, 1, 'Audio Track');
INSERT INTO `FIPOP`.`medium_language_type_translation` (`id`, `medium_language_type_id`, `language_id`, `type`) VALUES (2, 2, 1, 'Subtitle');
INSERT INTO `FIPOP`.`medium_language_type_translation` (`id`, `medium_language_type_id`, `language_id`, `type`) VALUES (3, 1, 2, 'Audio Track');
INSERT INTO `FIPOP`.`medium_language_type_translation` (`id`, `medium_language_type_id`, `language_id`, `type`) VALUES (4, 2, 2, 'Subtitle');
INSERT INTO `FIPOP`.`medium_language_type_translation` (`id`, `medium_language_type_id`, `language_id`, `type`) VALUES (5, 1, 3, 'Tonspur');
INSERT INTO `FIPOP`.`medium_language_type_translation` (`id`, `medium_language_type_id`, `language_id`, `type`) VALUES (6, 2, 3, 'Untertitel');

COMMIT;


-- -----------------------------------------------------
-- Data for table `FIPOP`.`motivation`
-- -----------------------------------------------------
START TRANSACTION;
USE `FIPOP`;
INSERT INTO `FIPOP`.`motivation` (`id`) VALUES (1);
INSERT INTO `FIPOP`.`motivation` (`id`) VALUES (2);
INSERT INTO `FIPOP`.`motivation` (`id`) VALUES (3);
INSERT INTO `FIPOP`.`motivation` (`id`) VALUES (4);
INSERT INTO `FIPOP`.`motivation` (`id`) VALUES (5);
INSERT INTO `FIPOP`.`motivation` (`id`) VALUES (6);
INSERT INTO `FIPOP`.`motivation` (`id`) VALUES (7);
INSERT INTO `FIPOP`.`motivation` (`id`) VALUES (8);
INSERT INTO `FIPOP`.`motivation` (`id`) VALUES (9);
INSERT INTO `FIPOP`.`motivation` (`id`) VALUES (10);
INSERT INTO `FIPOP`.`motivation` (`id`) VALUES (11);
INSERT INTO `FIPOP`.`motivation` (`id`) VALUES (12);
INSERT INTO `FIPOP`.`motivation` (`id`) VALUES (13);

COMMIT;


-- -----------------------------------------------------
-- Data for table `FIPOP`.`motivation_translation`
-- -----------------------------------------------------
START TRANSACTION;
USE `FIPOP`;
INSERT INTO `FIPOP`.`motivation_translation` (`id`, `motivation_id`, `language_id`, `type`) VALUES (1, 1, 1, 'assessing');
INSERT INTO `FIPOP`.`motivation_translation` (`id`, `motivation_id`, `language_id`, `type`) VALUES (2, 2, 1, 'bookmarking');
INSERT INTO `FIPOP`.`motivation_translation` (`id`, `motivation_id`, `language_id`, `type`) VALUES (3, 3, 1, 'classifying');
INSERT INTO `FIPOP`.`motivation_translation` (`id`, `motivation_id`, `language_id`, `type`) VALUES (4, 4, 1, 'commenting');
INSERT INTO `FIPOP`.`motivation_translation` (`id`, `motivation_id`, `language_id`, `type`) VALUES (5, 5, 1, 'describing');
INSERT INTO `FIPOP`.`motivation_translation` (`id`, `motivation_id`, `language_id`, `type`) VALUES (6, 6, 1, 'editing');
INSERT INTO `FIPOP`.`motivation_translation` (`id`, `motivation_id`, `language_id`, `type`) VALUES (7, 7, 1, 'highlighting');
INSERT INTO `FIPOP`.`motivation_translation` (`id`, `motivation_id`, `language_id`, `type`) VALUES (8, 8, 1, 'identifying');
INSERT INTO `FIPOP`.`motivation_translation` (`id`, `motivation_id`, `language_id`, `type`) VALUES (9, 9, 1, 'linking');
INSERT INTO `FIPOP`.`motivation_translation` (`id`, `motivation_id`, `language_id`, `type`) VALUES (10, 10, 1, 'moderating');
INSERT INTO `FIPOP`.`motivation_translation` (`id`, `motivation_id`, `language_id`, `type`) VALUES (11, 11, 1, 'questioning');
INSERT INTO `FIPOP`.`motivation_translation` (`id`, `motivation_id`, `language_id`, `type`) VALUES (12, 12, 1, 'replying');
INSERT INTO `FIPOP`.`motivation_translation` (`id`, `motivation_id`, `language_id`, `type`) VALUES (13, 13, 1, 'tagging');
INSERT INTO `FIPOP`.`motivation_translation` (`id`, `motivation_id`, `language_id`, `type`) VALUES (14, 1, 2, 'assessing');
INSERT INTO `FIPOP`.`motivation_translation` (`id`, `motivation_id`, `language_id`, `type`) VALUES (15, 2, 2, 'bookmarking');
INSERT INTO `FIPOP`.`motivation_translation` (`id`, `motivation_id`, `language_id`, `type`) VALUES (16, 3, 2, 'classifying');
INSERT INTO `FIPOP`.`motivation_translation` (`id`, `motivation_id`, `language_id`, `type`) VALUES (17, 4, 2, 'commenting');
INSERT INTO `FIPOP`.`motivation_translation` (`id`, `motivation_id`, `language_id`, `type`) VALUES (18, 5, 2, 'describing');
INSERT INTO `FIPOP`.`motivation_translation` (`id`, `motivation_id`, `language_id`, `type`) VALUES (19, 6, 2, 'editing');
INSERT INTO `FIPOP`.`motivation_translation` (`id`, `motivation_id`, `language_id`, `type`) VALUES (20, 7, 2, 'highlighting');
INSERT INTO `FIPOP`.`motivation_translation` (`id`, `motivation_id`, `language_id`, `type`) VALUES (21, 8, 2, 'identifying');
INSERT INTO `FIPOP`.`motivation_translation` (`id`, `motivation_id`, `language_id`, `type`) VALUES (22, 9, 2, 'linking');
INSERT INTO `FIPOP`.`motivation_translation` (`id`, `motivation_id`, `language_id`, `type`) VALUES (23, 10, 2, 'moderating');
INSERT INTO `FIPOP`.`motivation_translation` (`id`, `motivation_id`, `language_id`, `type`) VALUES (24, 11, 2, 'questioning');
INSERT INTO `FIPOP`.`motivation_translation` (`id`, `motivation_id`, `language_id`, `type`) VALUES (25, 12, 2, 'replying');
INSERT INTO `FIPOP`.`motivation_translation` (`id`, `motivation_id`, `language_id`, `type`) VALUES (26, 13, 2, 'tagging');

COMMIT;


-- -----------------------------------------------------
-- Data for table `FIPOP`.`musical_key`
-- -----------------------------------------------------
START TRANSACTION;
USE `FIPOP`;
INSERT INTO `FIPOP`.`musical_key` (`id`) VALUES (1);
INSERT INTO `FIPOP`.`musical_key` (`id`) VALUES (2);
INSERT INTO `FIPOP`.`musical_key` (`id`) VALUES (3);
INSERT INTO `FIPOP`.`musical_key` (`id`) VALUES (4);
INSERT INTO `FIPOP`.`musical_key` (`id`) VALUES (5);
INSERT INTO `FIPOP`.`musical_key` (`id`) VALUES (6);
INSERT INTO `FIPOP`.`musical_key` (`id`) VALUES (7);
INSERT INTO `FIPOP`.`musical_key` (`id`) VALUES (8);
INSERT INTO `FIPOP`.`musical_key` (`id`) VALUES (9);
INSERT INTO `FIPOP`.`musical_key` (`id`) VALUES (10);
INSERT INTO `FIPOP`.`musical_key` (`id`) VALUES (11);
INSERT INTO `FIPOP`.`musical_key` (`id`) VALUES (12);
INSERT INTO `FIPOP`.`musical_key` (`id`) VALUES (13);
INSERT INTO `FIPOP`.`musical_key` (`id`) VALUES (14);
INSERT INTO `FIPOP`.`musical_key` (`id`) VALUES (15);
INSERT INTO `FIPOP`.`musical_key` (`id`) VALUES (16);
INSERT INTO `FIPOP`.`musical_key` (`id`) VALUES (17);
INSERT INTO `FIPOP`.`musical_key` (`id`) VALUES (18);
INSERT INTO `FIPOP`.`musical_key` (`id`) VALUES (19);
INSERT INTO `FIPOP`.`musical_key` (`id`) VALUES (20);
INSERT INTO `FIPOP`.`musical_key` (`id`) VALUES (21);
INSERT INTO `FIPOP`.`musical_key` (`id`) VALUES (22);
INSERT INTO `FIPOP`.`musical_key` (`id`) VALUES (23);
INSERT INTO `FIPOP`.`musical_key` (`id`) VALUES (24);
INSERT INTO `FIPOP`.`musical_key` (`id`) VALUES (25);
INSERT INTO `FIPOP`.`musical_key` (`id`) VALUES (26);
INSERT INTO `FIPOP`.`musical_key` (`id`) VALUES (27);
INSERT INTO `FIPOP`.`musical_key` (`id`) VALUES (28);
INSERT INTO `FIPOP`.`musical_key` (`id`) VALUES (29);
INSERT INTO `FIPOP`.`musical_key` (`id`) VALUES (30);
INSERT INTO `FIPOP`.`musical_key` (`id`) VALUES (31);
INSERT INTO `FIPOP`.`musical_key` (`id`) VALUES (32);
INSERT INTO `FIPOP`.`musical_key` (`id`) VALUES (33);
INSERT INTO `FIPOP`.`musical_key` (`id`) VALUES (34);

COMMIT;


-- -----------------------------------------------------
-- Data for table `FIPOP`.`musical_key_translation`
-- -----------------------------------------------------
START TRANSACTION;
USE `FIPOP`;
INSERT INTO `FIPOP`.`musical_key_translation` (`id`, `musical_key_id`, `language_id`, `type`) VALUES (1, 1, 1, 'C');
INSERT INTO `FIPOP`.`musical_key_translation` (`id`, `musical_key_id`, `language_id`, `type`) VALUES (2, 2, 1, 'Am');
INSERT INTO `FIPOP`.`musical_key_translation` (`id`, `musical_key_id`, `language_id`, `type`) VALUES (3, 3, 1, 'F');
INSERT INTO `FIPOP`.`musical_key_translation` (`id`, `musical_key_id`, `language_id`, `type`) VALUES (4, 4, 1, 'Dm');
INSERT INTO `FIPOP`.`musical_key_translation` (`id`, `musical_key_id`, `language_id`, `type`) VALUES (5, 5, 1, 'B');
INSERT INTO `FIPOP`.`musical_key_translation` (`id`, `musical_key_id`, `language_id`, `type`) VALUES (6, 6, 1, 'Gm');
INSERT INTO `FIPOP`.`musical_key_translation` (`id`, `musical_key_id`, `language_id`, `type`) VALUES (7, 7, 1, 'E');
INSERT INTO `FIPOP`.`musical_key_translation` (`id`, `musical_key_id`, `language_id`, `type`) VALUES (8, 8, 1, 'Cm');
INSERT INTO `FIPOP`.`musical_key_translation` (`id`, `musical_key_id`, `language_id`, `type`) VALUES (9, 9, 1, 'A');
INSERT INTO `FIPOP`.`musical_key_translation` (`id`, `musical_key_id`, `language_id`, `type`) VALUES (10, 10, 1, 'Fm');
INSERT INTO `FIPOP`.`musical_key_translation` (`id`, `musical_key_id`, `language_id`, `type`) VALUES (11, 11, 1, 'D');
INSERT INTO `FIPOP`.`musical_key_translation` (`id`, `musical_key_id`, `language_id`, `type`) VALUES (12, 12, 1, 'Bm');
INSERT INTO `FIPOP`.`musical_key_translation` (`id`, `musical_key_id`, `language_id`, `type`) VALUES (13, 13, 1, 'G');
INSERT INTO `FIPOP`.`musical_key_translation` (`id`, `musical_key_id`, `language_id`, `type`) VALUES (14, 14, 1, 'Em');
INSERT INTO `FIPOP`.`musical_key_translation` (`id`, `musical_key_id`, `language_id`, `type`) VALUES (15, 15, 1, 'C');
INSERT INTO `FIPOP`.`musical_key_translation` (`id`, `musical_key_id`, `language_id`, `type`) VALUES (16, 16, 1, 'Am');
INSERT INTO `FIPOP`.`musical_key_translation` (`id`, `musical_key_id`, `language_id`, `type`) VALUES (17, 17, 1, 'F');
INSERT INTO `FIPOP`.`musical_key_translation` (`id`, `musical_key_id`, `language_id`, `type`) VALUES (18, 18, 1, 'Dm');
INSERT INTO `FIPOP`.`musical_key_translation` (`id`, `musical_key_id`, `language_id`, `type`) VALUES (19, 19, 1, 'G');
INSERT INTO `FIPOP`.`musical_key_translation` (`id`, `musical_key_id`, `language_id`, `type`) VALUES (20, 20, 1, 'Em');
INSERT INTO `FIPOP`.`musical_key_translation` (`id`, `musical_key_id`, `language_id`, `type`) VALUES (21, 21, 1, 'D');
INSERT INTO `FIPOP`.`musical_key_translation` (`id`, `musical_key_id`, `language_id`, `type`) VALUES (22, 22, 1, 'Bm');
INSERT INTO `FIPOP`.`musical_key_translation` (`id`, `musical_key_id`, `language_id`, `type`) VALUES (23, 23, 1, 'A');
INSERT INTO `FIPOP`.`musical_key_translation` (`id`, `musical_key_id`, `language_id`, `type`) VALUES (24, 24, 1, 'Fm');
INSERT INTO `FIPOP`.`musical_key_translation` (`id`, `musical_key_id`, `language_id`, `type`) VALUES (25, 25, 1, 'E');
INSERT INTO `FIPOP`.`musical_key_translation` (`id`, `musical_key_id`, `language_id`, `type`) VALUES (26, 26, 1, 'Cm');
INSERT INTO `FIPOP`.`musical_key_translation` (`id`, `musical_key_id`, `language_id`, `type`) VALUES (27, 27, 1, 'B');
INSERT INTO `FIPOP`.`musical_key_translation` (`id`, `musical_key_id`, `language_id`, `type`) VALUES (28, 28, 1, 'Gm');
INSERT INTO `FIPOP`.`musical_key_translation` (`id`, `musical_key_id`, `language_id`, `type`) VALUES (29, 29, 1, 'F');
INSERT INTO `FIPOP`.`musical_key_translation` (`id`, `musical_key_id`, `language_id`, `type`) VALUES (30, 30, 1, 'Dm');
INSERT INTO `FIPOP`.`musical_key_translation` (`id`, `musical_key_id`, `language_id`, `type`) VALUES (31, 31, 1, 'C');
INSERT INTO `FIPOP`.`musical_key_translation` (`id`, `musical_key_id`, `language_id`, `type`) VALUES (32, 32, 1, 'Am');
INSERT INTO `FIPOP`.`musical_key_translation` (`id`, `musical_key_id`, `language_id`, `type`) VALUES (33, 33, 1, 'G');
INSERT INTO `FIPOP`.`musical_key_translation` (`id`, `musical_key_id`, `language_id`, `type`) VALUES (34, 34, 1, 'Em');
INSERT INTO `FIPOP`.`musical_key_translation` (`id`, `musical_key_id`, `language_id`, `type`) VALUES (35, 1, 2, 'C');
INSERT INTO `FIPOP`.`musical_key_translation` (`id`, `musical_key_id`, `language_id`, `type`) VALUES (36, 2, 2, 'Am');
INSERT INTO `FIPOP`.`musical_key_translation` (`id`, `musical_key_id`, `language_id`, `type`) VALUES (37, 3, 2, 'F');
INSERT INTO `FIPOP`.`musical_key_translation` (`id`, `musical_key_id`, `language_id`, `type`) VALUES (38, 4, 2, 'Dm');
INSERT INTO `FIPOP`.`musical_key_translation` (`id`, `musical_key_id`, `language_id`, `type`) VALUES (39, 5, 2, 'B');
INSERT INTO `FIPOP`.`musical_key_translation` (`id`, `musical_key_id`, `language_id`, `type`) VALUES (40, 6, 2, 'Gm');
INSERT INTO `FIPOP`.`musical_key_translation` (`id`, `musical_key_id`, `language_id`, `type`) VALUES (41, 7, 2, 'E');
INSERT INTO `FIPOP`.`musical_key_translation` (`id`, `musical_key_id`, `language_id`, `type`) VALUES (42, 8, 2, 'Cm');
INSERT INTO `FIPOP`.`musical_key_translation` (`id`, `musical_key_id`, `language_id`, `type`) VALUES (43, 9, 2, 'A');
INSERT INTO `FIPOP`.`musical_key_translation` (`id`, `musical_key_id`, `language_id`, `type`) VALUES (44, 10, 2, 'Fm');
INSERT INTO `FIPOP`.`musical_key_translation` (`id`, `musical_key_id`, `language_id`, `type`) VALUES (45, 11, 2, 'D');
INSERT INTO `FIPOP`.`musical_key_translation` (`id`, `musical_key_id`, `language_id`, `type`) VALUES (46, 12, 2, 'Bm');
INSERT INTO `FIPOP`.`musical_key_translation` (`id`, `musical_key_id`, `language_id`, `type`) VALUES (47, 13, 2, 'G');
INSERT INTO `FIPOP`.`musical_key_translation` (`id`, `musical_key_id`, `language_id`, `type`) VALUES (48, 14, 2, 'Em');
INSERT INTO `FIPOP`.`musical_key_translation` (`id`, `musical_key_id`, `language_id`, `type`) VALUES (49, 15, 2, 'C');
INSERT INTO `FIPOP`.`musical_key_translation` (`id`, `musical_key_id`, `language_id`, `type`) VALUES (50, 16, 2, 'Am');
INSERT INTO `FIPOP`.`musical_key_translation` (`id`, `musical_key_id`, `language_id`, `type`) VALUES (51, 17, 2, 'F');
INSERT INTO `FIPOP`.`musical_key_translation` (`id`, `musical_key_id`, `language_id`, `type`) VALUES (52, 18, 2, 'Dm');
INSERT INTO `FIPOP`.`musical_key_translation` (`id`, `musical_key_id`, `language_id`, `type`) VALUES (53, 19, 2, 'G');
INSERT INTO `FIPOP`.`musical_key_translation` (`id`, `musical_key_id`, `language_id`, `type`) VALUES (54, 20, 2, 'Em');
INSERT INTO `FIPOP`.`musical_key_translation` (`id`, `musical_key_id`, `language_id`, `type`) VALUES (55, 21, 2, 'D');
INSERT INTO `FIPOP`.`musical_key_translation` (`id`, `musical_key_id`, `language_id`, `type`) VALUES (56, 22, 2, 'Bm');
INSERT INTO `FIPOP`.`musical_key_translation` (`id`, `musical_key_id`, `language_id`, `type`) VALUES (57, 23, 2, 'A');
INSERT INTO `FIPOP`.`musical_key_translation` (`id`, `musical_key_id`, `language_id`, `type`) VALUES (58, 24, 2, 'Fm');
INSERT INTO `FIPOP`.`musical_key_translation` (`id`, `musical_key_id`, `language_id`, `type`) VALUES (59, 25, 2, 'E');
INSERT INTO `FIPOP`.`musical_key_translation` (`id`, `musical_key_id`, `language_id`, `type`) VALUES (60, 26, 2, 'Cm');
INSERT INTO `FIPOP`.`musical_key_translation` (`id`, `musical_key_id`, `language_id`, `type`) VALUES (61, 27, 2, 'B');
INSERT INTO `FIPOP`.`musical_key_translation` (`id`, `musical_key_id`, `language_id`, `type`) VALUES (62, 28, 2, 'Gm');
INSERT INTO `FIPOP`.`musical_key_translation` (`id`, `musical_key_id`, `language_id`, `type`) VALUES (63, 29, 2, 'F');
INSERT INTO `FIPOP`.`musical_key_translation` (`id`, `musical_key_id`, `language_id`, `type`) VALUES (64, 30, 2, 'Dm');
INSERT INTO `FIPOP`.`musical_key_translation` (`id`, `musical_key_id`, `language_id`, `type`) VALUES (65, 31, 2, 'C');
INSERT INTO `FIPOP`.`musical_key_translation` (`id`, `musical_key_id`, `language_id`, `type`) VALUES (66, 32, 2, 'Am');
INSERT INTO `FIPOP`.`musical_key_translation` (`id`, `musical_key_id`, `language_id`, `type`) VALUES (67, 33, 2, 'G');
INSERT INTO `FIPOP`.`musical_key_translation` (`id`, `musical_key_id`, `language_id`, `type`) VALUES (68, 34, 2, 'Em');
INSERT INTO `FIPOP`.`musical_key_translation` (`id`, `musical_key_id`, `language_id`, `type`) VALUES (69, 1, 3, 'C');
INSERT INTO `FIPOP`.`musical_key_translation` (`id`, `musical_key_id`, `language_id`, `type`) VALUES (70, 2, 3, 'a');
INSERT INTO `FIPOP`.`musical_key_translation` (`id`, `musical_key_id`, `language_id`, `type`) VALUES (71, 3, 3, 'F');
INSERT INTO `FIPOP`.`musical_key_translation` (`id`, `musical_key_id`, `language_id`, `type`) VALUES (72, 4, 3, 'd');
INSERT INTO `FIPOP`.`musical_key_translation` (`id`, `musical_key_id`, `language_id`, `type`) VALUES (73, 5, 3, 'B');
INSERT INTO `FIPOP`.`musical_key_translation` (`id`, `musical_key_id`, `language_id`, `type`) VALUES (74, 6, 3, 'g');
INSERT INTO `FIPOP`.`musical_key_translation` (`id`, `musical_key_id`, `language_id`, `type`) VALUES (75, 7, 3, 'Es');
INSERT INTO `FIPOP`.`musical_key_translation` (`id`, `musical_key_id`, `language_id`, `type`) VALUES (76, 8, 3, 'c');
INSERT INTO `FIPOP`.`musical_key_translation` (`id`, `musical_key_id`, `language_id`, `type`) VALUES (77, 9, 3, 'As');
INSERT INTO `FIPOP`.`musical_key_translation` (`id`, `musical_key_id`, `language_id`, `type`) VALUES (78, 10, 3, 'f');
INSERT INTO `FIPOP`.`musical_key_translation` (`id`, `musical_key_id`, `language_id`, `type`) VALUES (79, 11, 3, 'Des');
INSERT INTO `FIPOP`.`musical_key_translation` (`id`, `musical_key_id`, `language_id`, `type`) VALUES (80, 12, 3, 'b');
INSERT INTO `FIPOP`.`musical_key_translation` (`id`, `musical_key_id`, `language_id`, `type`) VALUES (81, 13, 3, 'Ges');
INSERT INTO `FIPOP`.`musical_key_translation` (`id`, `musical_key_id`, `language_id`, `type`) VALUES (82, 14, 3, 'es');
INSERT INTO `FIPOP`.`musical_key_translation` (`id`, `musical_key_id`, `language_id`, `type`) VALUES (83, 15, 3, 'Ces');
INSERT INTO `FIPOP`.`musical_key_translation` (`id`, `musical_key_id`, `language_id`, `type`) VALUES (84, 16, 3, 'as');
INSERT INTO `FIPOP`.`musical_key_translation` (`id`, `musical_key_id`, `language_id`, `type`) VALUES (85, 17, 3, 'Fes');
INSERT INTO `FIPOP`.`musical_key_translation` (`id`, `musical_key_id`, `language_id`, `type`) VALUES (86, 18, 3, 'des');
INSERT INTO `FIPOP`.`musical_key_translation` (`id`, `musical_key_id`, `language_id`, `type`) VALUES (87, 19, 3, 'G');
INSERT INTO `FIPOP`.`musical_key_translation` (`id`, `musical_key_id`, `language_id`, `type`) VALUES (88, 20, 3, 'e');
INSERT INTO `FIPOP`.`musical_key_translation` (`id`, `musical_key_id`, `language_id`, `type`) VALUES (89, 21, 3, 'D');
INSERT INTO `FIPOP`.`musical_key_translation` (`id`, `musical_key_id`, `language_id`, `type`) VALUES (90, 22, 3, 'h');
INSERT INTO `FIPOP`.`musical_key_translation` (`id`, `musical_key_id`, `language_id`, `type`) VALUES (91, 23, 3, 'A');
INSERT INTO `FIPOP`.`musical_key_translation` (`id`, `musical_key_id`, `language_id`, `type`) VALUES (92, 24, 3, 'fis');
INSERT INTO `FIPOP`.`musical_key_translation` (`id`, `musical_key_id`, `language_id`, `type`) VALUES (93, 25, 3, 'E');
INSERT INTO `FIPOP`.`musical_key_translation` (`id`, `musical_key_id`, `language_id`, `type`) VALUES (94, 26, 3, 'cis');
INSERT INTO `FIPOP`.`musical_key_translation` (`id`, `musical_key_id`, `language_id`, `type`) VALUES (95, 27, 3, 'H');
INSERT INTO `FIPOP`.`musical_key_translation` (`id`, `musical_key_id`, `language_id`, `type`) VALUES (96, 28, 3, 'gis');
INSERT INTO `FIPOP`.`musical_key_translation` (`id`, `musical_key_id`, `language_id`, `type`) VALUES (97, 29, 3, 'Fis');
INSERT INTO `FIPOP`.`musical_key_translation` (`id`, `musical_key_id`, `language_id`, `type`) VALUES (98, 30, 3, 'dis');
INSERT INTO `FIPOP`.`musical_key_translation` (`id`, `musical_key_id`, `language_id`, `type`) VALUES (99, 31, 3, 'Cis');
INSERT INTO `FIPOP`.`musical_key_translation` (`id`, `musical_key_id`, `language_id`, `type`) VALUES (100, 32, 3, 'ais');
INSERT INTO `FIPOP`.`musical_key_translation` (`id`, `musical_key_id`, `language_id`, `type`) VALUES (101, 33, 3, 'Gis');
INSERT INTO `FIPOP`.`musical_key_translation` (`id`, `musical_key_id`, `language_id`, `type`) VALUES (102, 34, 3, 'eis');

COMMIT;


-- -----------------------------------------------------
-- Data for table `FIPOP`.`phone_number_type`
-- -----------------------------------------------------
START TRANSACTION;
USE `FIPOP`;
INSERT INTO `FIPOP`.`phone_number_type` (`id`) VALUES (1);
INSERT INTO `FIPOP`.`phone_number_type` (`id`) VALUES (2);
INSERT INTO `FIPOP`.`phone_number_type` (`id`) VALUES (3);
INSERT INTO `FIPOP`.`phone_number_type` (`id`) VALUES (4);
INSERT INTO `FIPOP`.`phone_number_type` (`id`) VALUES (5);
INSERT INTO `FIPOP`.`phone_number_type` (`id`) VALUES (6);
INSERT INTO `FIPOP`.`phone_number_type` (`id`) VALUES (7);

COMMIT;


-- -----------------------------------------------------
-- Data for table `FIPOP`.`phone_number_type_translation`
-- -----------------------------------------------------
START TRANSACTION;
USE `FIPOP`;
INSERT INTO `FIPOP`.`phone_number_type_translation` (`id`, `phone_number_type_id`, `language_id`, `type`) VALUES (1, 1, 1, ' ');
INSERT INTO `FIPOP`.`phone_number_type_translation` (`id`, `phone_number_type_id`, `language_id`, `type`) VALUES (2, 2, 1, 'mobile');
INSERT INTO `FIPOP`.`phone_number_type_translation` (`id`, `phone_number_type_id`, `language_id`, `type`) VALUES (3, 3, 1, 'home');
INSERT INTO `FIPOP`.`phone_number_type_translation` (`id`, `phone_number_type_id`, `language_id`, `type`) VALUES (4, 4, 1, 'work');
INSERT INTO `FIPOP`.`phone_number_type_translation` (`id`, `phone_number_type_id`, `language_id`, `type`) VALUES (5, 5, 1, 'pager');
INSERT INTO `FIPOP`.`phone_number_type_translation` (`id`, `phone_number_type_id`, `language_id`, `type`) VALUES (6, 6, 1, 'other');
INSERT INTO `FIPOP`.`phone_number_type_translation` (`id`, `phone_number_type_id`, `language_id`, `type`) VALUES (7, 7, 1, 'custom');

COMMIT;


-- -----------------------------------------------------
-- Data for table `FIPOP`.`platform`
-- -----------------------------------------------------
START TRANSACTION;
USE `FIPOP`;
INSERT INTO `FIPOP`.`platform` (`id`, `type`) VALUES (1, 'Windows XP');
INSERT INTO `FIPOP`.`platform` (`id`, `type`) VALUES (2, 'Windows Vista');
INSERT INTO `FIPOP`.`platform` (`id`, `type`) VALUES (3, 'Windows 7');
INSERT INTO `FIPOP`.`platform` (`id`, `type`) VALUES (4, 'Windows 8');
INSERT INTO `FIPOP`.`platform` (`id`, `type`) VALUES (5, 'Windows 8.1');
INSERT INTO `FIPOP`.`platform` (`id`, `type`) VALUES (6, 'Windows 10');
INSERT INTO `FIPOP`.`platform` (`id`, `type`) VALUES (7, 'Mac OS X 10.0 \"Cheetah\"');
INSERT INTO `FIPOP`.`platform` (`id`, `type`) VALUES (8, 'Mac OS X 10.1 \"Puma\"');
INSERT INTO `FIPOP`.`platform` (`id`, `type`) VALUES (9, 'Mac OS X 10.2 \"Jaguar\"');
INSERT INTO `FIPOP`.`platform` (`id`, `type`) VALUES (10, 'Mac OS X 10.3 \"Panther\"');
INSERT INTO `FIPOP`.`platform` (`id`, `type`) VALUES (11, 'Mac OS X 10.4 \"Tiger\"');
INSERT INTO `FIPOP`.`platform` (`id`, `type`) VALUES (12, 'Mac OS X 10.5 \"Leopard\"');
INSERT INTO `FIPOP`.`platform` (`id`, `type`) VALUES (13, 'Mac OS X 10.6 \"Snow Leopard\"');
INSERT INTO `FIPOP`.`platform` (`id`, `type`) VALUES (14, 'Mac OS X 10.7 \"Lion\"');
INSERT INTO `FIPOP`.`platform` (`id`, `type`) VALUES (15, 'OS X 10.8 \"Mountain Lion\"');
INSERT INTO `FIPOP`.`platform` (`id`, `type`) VALUES (16, 'OS X 10.9 \"Mavericks\"');
INSERT INTO `FIPOP`.`platform` (`id`, `type`) VALUES (17, 'OS X 10.10 \"Yosemite\"');
INSERT INTO `FIPOP`.`platform` (`id`, `type`) VALUES (18, 'OS X 10.11 \"El Capitan\"');
INSERT INTO `FIPOP`.`platform` (`id`, `type`) VALUES (19, 'macOS 10.12 \"Sierra\"');
INSERT INTO `FIPOP`.`platform` (`id`, `type`) VALUES (20, 'macOS 10.13 \"High Sierra\"');
INSERT INTO `FIPOP`.`platform` (`id`, `type`) VALUES (21, 'macOS 10.14 \"Mojave\"');
INSERT INTO `FIPOP`.`platform` (`id`, `type`) VALUES (22, 'Ubuntu 10 LTS');
INSERT INTO `FIPOP`.`platform` (`id`, `type`) VALUES (23, 'Ubuntu 12 LTS');
INSERT INTO `FIPOP`.`platform` (`id`, `type`) VALUES (24, 'Ubuntu 14 LTS');
INSERT INTO `FIPOP`.`platform` (`id`, `type`) VALUES (25, 'Ubuntu 16 LTS');
INSERT INTO `FIPOP`.`platform` (`id`, `type`) VALUES (26, 'Android 1.1 (Petit Four)');
INSERT INTO `FIPOP`.`platform` (`id`, `type`) VALUES (27, 'Android 1.5 (Cupcake)');
INSERT INTO `FIPOP`.`platform` (`id`, `type`) VALUES (28, 'Android 1.6 (Donut)');
INSERT INTO `FIPOP`.`platform` (`id`, `type`) VALUES (29, 'Android 2.0  2.1 (Eclair)');
INSERT INTO `FIPOP`.`platform` (`id`, `type`) VALUES (30, 'Android 2.2  2.2.3 (Froyo)');
INSERT INTO `FIPOP`.`platform` (`id`, `type`) VALUES (31, 'Android 2.3  2.3.7 (Gingerbread)');
INSERT INTO `FIPOP`.`platform` (`id`, `type`) VALUES (32, 'Android 3.0  3.2.6 (Honeycomb)');
INSERT INTO `FIPOP`.`platform` (`id`, `type`) VALUES (33, 'Android 4.0  4.0.4 (Ice Cream Sandwich)');
INSERT INTO `FIPOP`.`platform` (`id`, `type`) VALUES (34, 'Android 4.1  4.3.1 (Jelly Bean)');
INSERT INTO `FIPOP`.`platform` (`id`, `type`) VALUES (35, 'Android 4.4  4.4.4 (KitKat)');
INSERT INTO `FIPOP`.`platform` (`id`, `type`) VALUES (36, 'Android 5.0  5.1.1 (Lollipop)');
INSERT INTO `FIPOP`.`platform` (`id`, `type`) VALUES (37, 'Android 6.0  6.0.1 (Marshmallow)');
INSERT INTO `FIPOP`.`platform` (`id`, `type`) VALUES (38, 'Android 7.0  7.1.2 (Nougat)');
INSERT INTO `FIPOP`.`platform` (`id`, `type`) VALUES (39, 'Android 8.0  8.1 (Oreo)');
INSERT INTO `FIPOP`.`platform` (`id`, `type`) VALUES (40, 'iOS 4');
INSERT INTO `FIPOP`.`platform` (`id`, `type`) VALUES (41, 'iOS 5');
INSERT INTO `FIPOP`.`platform` (`id`, `type`) VALUES (42, 'iOS 6');
INSERT INTO `FIPOP`.`platform` (`id`, `type`) VALUES (43, 'iOS 7');
INSERT INTO `FIPOP`.`platform` (`id`, `type`) VALUES (44, 'iOS 8');
INSERT INTO `FIPOP`.`platform` (`id`, `type`) VALUES (45, 'iOS 9');
INSERT INTO `FIPOP`.`platform` (`id`, `type`) VALUES (46, 'iOS 10');
INSERT INTO `FIPOP`.`platform` (`id`, `type`) VALUES (47, 'iOS 11');
INSERT INTO `FIPOP`.`platform` (`id`, `type`) VALUES (48, 'iOS 12');
INSERT INTO `FIPOP`.`platform` (`id`, `type`) VALUES (49, 'Windows Phone 7');
INSERT INTO `FIPOP`.`platform` (`id`, `type`) VALUES (50, 'Windows Phone 7.5');
INSERT INTO `FIPOP`.`platform` (`id`, `type`) VALUES (51, 'Windows Phone 7.8');
INSERT INTO `FIPOP`.`platform` (`id`, `type`) VALUES (52, 'Windows Phone 8');
INSERT INTO `FIPOP`.`platform` (`id`, `type`) VALUES (53, 'Windows Phone 8.1');

COMMIT;


-- -----------------------------------------------------
-- Data for table `FIPOP`.`rating_category`
-- -----------------------------------------------------
START TRANSACTION;
USE `FIPOP`;
INSERT INTO `FIPOP`.`rating_category` (`id`, `rating_system_id`) VALUES (1, 1);
INSERT INTO `FIPOP`.`rating_category` (`id`, `rating_system_id`) VALUES (2, 1);
INSERT INTO `FIPOP`.`rating_category` (`id`, `rating_system_id`) VALUES (3, 1);
INSERT INTO `FIPOP`.`rating_category` (`id`, `rating_system_id`) VALUES (4, 1);
INSERT INTO `FIPOP`.`rating_category` (`id`, `rating_system_id`) VALUES (5, 1);
INSERT INTO `FIPOP`.`rating_category` (`id`, `rating_system_id`) VALUES (6, 2);
INSERT INTO `FIPOP`.`rating_category` (`id`, `rating_system_id`) VALUES (7, 2);
INSERT INTO `FIPOP`.`rating_category` (`id`, `rating_system_id`) VALUES (8, 2);
INSERT INTO `FIPOP`.`rating_category` (`id`, `rating_system_id`) VALUES (9, 2);
INSERT INTO `FIPOP`.`rating_category` (`id`, `rating_system_id`) VALUES (10, 2);
INSERT INTO `FIPOP`.`rating_category` (`id`, `rating_system_id`) VALUES (11, 3);
INSERT INTO `FIPOP`.`rating_category` (`id`, `rating_system_id`) VALUES (12, 3);
INSERT INTO `FIPOP`.`rating_category` (`id`, `rating_system_id`) VALUES (13, 3);
INSERT INTO `FIPOP`.`rating_category` (`id`, `rating_system_id`) VALUES (14, 3);
INSERT INTO `FIPOP`.`rating_category` (`id`, `rating_system_id`) VALUES (15, 3);
INSERT INTO `FIPOP`.`rating_category` (`id`, `rating_system_id`) VALUES (16, 3);
INSERT INTO `FIPOP`.`rating_category` (`id`, `rating_system_id`) VALUES (17, 3);
INSERT INTO `FIPOP`.`rating_category` (`id`, `rating_system_id`) VALUES (18, 4);
INSERT INTO `FIPOP`.`rating_category` (`id`, `rating_system_id`) VALUES (19, 4);
INSERT INTO `FIPOP`.`rating_category` (`id`, `rating_system_id`) VALUES (20, 4);
INSERT INTO `FIPOP`.`rating_category` (`id`, `rating_system_id`) VALUES (21, 4);
INSERT INTO `FIPOP`.`rating_category` (`id`, `rating_system_id`) VALUES (22, 4);
INSERT INTO `FIPOP`.`rating_category` (`id`, `rating_system_id`) VALUES (23, 4);
INSERT INTO `FIPOP`.`rating_category` (`id`, `rating_system_id`) VALUES (24, 4);
INSERT INTO `FIPOP`.`rating_category` (`id`, `rating_system_id`) VALUES (25, 4);
INSERT INTO `FIPOP`.`rating_category` (`id`, `rating_system_id`) VALUES (26, 4);
INSERT INTO `FIPOP`.`rating_category` (`id`, `rating_system_id`) VALUES (27, 4);
INSERT INTO `FIPOP`.`rating_category` (`id`, `rating_system_id`) VALUES (28, 4);
INSERT INTO `FIPOP`.`rating_category` (`id`, `rating_system_id`) VALUES (29, 4);
INSERT INTO `FIPOP`.`rating_category` (`id`, `rating_system_id`) VALUES (30, 4);
INSERT INTO `FIPOP`.`rating_category` (`id`, `rating_system_id`) VALUES (31, 4);
INSERT INTO `FIPOP`.`rating_category` (`id`, `rating_system_id`) VALUES (32, 4);
INSERT INTO `FIPOP`.`rating_category` (`id`, `rating_system_id`) VALUES (33, 4);
INSERT INTO `FIPOP`.`rating_category` (`id`, `rating_system_id`) VALUES (34, 4);
INSERT INTO `FIPOP`.`rating_category` (`id`, `rating_system_id`) VALUES (35, 4);
INSERT INTO `FIPOP`.`rating_category` (`id`, `rating_system_id`) VALUES (36, 4);
INSERT INTO `FIPOP`.`rating_category` (`id`, `rating_system_id`) VALUES (37, 5);
INSERT INTO `FIPOP`.`rating_category` (`id`, `rating_system_id`) VALUES (38, 5);
INSERT INTO `FIPOP`.`rating_category` (`id`, `rating_system_id`) VALUES (39, 5);
INSERT INTO `FIPOP`.`rating_category` (`id`, `rating_system_id`) VALUES (40, 5);
INSERT INTO `FIPOP`.`rating_category` (`id`, `rating_system_id`) VALUES (41, 5);
INSERT INTO `FIPOP`.`rating_category` (`id`, `rating_system_id`) VALUES (42, 6);
INSERT INTO `FIPOP`.`rating_category` (`id`, `rating_system_id`) VALUES (43, 6);
INSERT INTO `FIPOP`.`rating_category` (`id`, `rating_system_id`) VALUES (44, 6);
INSERT INTO `FIPOP`.`rating_category` (`id`, `rating_system_id`) VALUES (45, 6);
INSERT INTO `FIPOP`.`rating_category` (`id`, `rating_system_id`) VALUES (46, 6);
INSERT INTO `FIPOP`.`rating_category` (`id`, `rating_system_id`) VALUES (47, 6);

COMMIT;


-- -----------------------------------------------------
-- Data for table `FIPOP`.`rating_category_translation`
-- -----------------------------------------------------
START TRANSACTION;
USE `FIPOP`;
INSERT INTO `FIPOP`.`rating_category_translation` (`id`, `rating_category_id`, `language_id`, `name`) VALUES (1, 1, 1, 'FSK ab 0 freigegeben / Freigegeben ohne Altersbeschrnkung');
INSERT INTO `FIPOP`.`rating_category_translation` (`id`, `rating_category_id`, `language_id`, `name`) VALUES (2, 2, 1, 'FSK ab 6 freigegeben');
INSERT INTO `FIPOP`.`rating_category_translation` (`id`, `rating_category_id`, `language_id`, `name`) VALUES (3, 3, 1, 'FSK ab 12 freigegeben');
INSERT INTO `FIPOP`.`rating_category_translation` (`id`, `rating_category_id`, `language_id`, `name`) VALUES (4, 4, 1, 'FSK ab 16 freigegeben');
INSERT INTO `FIPOP`.`rating_category_translation` (`id`, `rating_category_id`, `language_id`, `name`) VALUES (5, 5, 1, 'FSK ab 18 / Keine Jugendfreigabe');
INSERT INTO `FIPOP`.`rating_category_translation` (`id`, `rating_category_id`, `language_id`, `name`) VALUES (6, 6, 1, 'PEGI 3');
INSERT INTO `FIPOP`.`rating_category_translation` (`id`, `rating_category_id`, `language_id`, `name`) VALUES (7, 7, 1, 'PEGI 7');
INSERT INTO `FIPOP`.`rating_category_translation` (`id`, `rating_category_id`, `language_id`, `name`) VALUES (8, 8, 1, 'PEGI 12');
INSERT INTO `FIPOP`.`rating_category_translation` (`id`, `rating_category_id`, `language_id`, `name`) VALUES (9, 9, 1, 'PEGI 16');
INSERT INTO `FIPOP`.`rating_category_translation` (`id`, `rating_category_id`, `language_id`, `name`) VALUES (10, 10, 1, 'PEGI 18');
INSERT INTO `FIPOP`.`rating_category_translation` (`id`, `rating_category_id`, `language_id`, `name`) VALUES (11, 11, 1, 'Rating Pending');
INSERT INTO `FIPOP`.`rating_category_translation` (`id`, `rating_category_id`, `language_id`, `name`) VALUES (12, 12, 1, 'Early Childhood');
INSERT INTO `FIPOP`.`rating_category_translation` (`id`, `rating_category_id`, `language_id`, `name`) VALUES (13, 13, 1, 'Everyone');
INSERT INTO `FIPOP`.`rating_category_translation` (`id`, `rating_category_id`, `language_id`, `name`) VALUES (14, 14, 1, 'Everyone 10+');
INSERT INTO `FIPOP`.`rating_category_translation` (`id`, `rating_category_id`, `language_id`, `name`) VALUES (15, 15, 1, 'Teen');
INSERT INTO `FIPOP`.`rating_category_translation` (`id`, `rating_category_id`, `language_id`, `name`) VALUES (16, 16, 1, 'Mature');
INSERT INTO `FIPOP`.`rating_category_translation` (`id`, `rating_category_id`, `language_id`, `name`) VALUES (17, 17, 1, 'Adults Only');
INSERT INTO `FIPOP`.`rating_category_translation` (`id`, `rating_category_id`, `language_id`, `name`) VALUES (18, 18, 1, 'Verrohende Wirkung');
INSERT INTO `FIPOP`.`rating_category_translation` (`id`, `rating_category_id`, `language_id`, `name`) VALUES (19, 19, 1, 'Anreizen zu Gewaltttigkeit');
INSERT INTO `FIPOP`.`rating_category_translation` (`id`, `rating_category_id`, `language_id`, `name`) VALUES (20, 20, 1, 'Anreizen zu Verbrechen');
INSERT INTO `FIPOP`.`rating_category_translation` (`id`, `rating_category_id`, `language_id`, `name`) VALUES (21, 21, 1, 'Anreizen zu Rassenhass');
INSERT INTO `FIPOP`.`rating_category_translation` (`id`, `rating_category_id`, `language_id`, `name`) VALUES (22, 22, 1, 'Selbstzweckhafte, detaillierte Gewaltdarstellungen');
INSERT INTO `FIPOP`.`rating_category_translation` (`id`, `rating_category_id`, `language_id`, `name`) VALUES (23, 23, 1, 'Nahelegung von Selbstjustiz');
INSERT INTO `FIPOP`.`rating_category_translation` (`id`, `rating_category_id`, `language_id`, `name`) VALUES (24, 24, 1, 'Unsittlichkeit');
INSERT INTO `FIPOP`.`rating_category_translation` (`id`, `rating_category_id`, `language_id`, `name`) VALUES (25, 25, 1, 'Verletzung der Menschenwrde');
INSERT INTO `FIPOP`.`rating_category_translation` (`id`, `rating_category_id`, `language_id`, `name`) VALUES (26, 26, 1, 'Diskriminierung von Menschengruppen');
INSERT INTO `FIPOP`.`rating_category_translation` (`id`, `rating_category_id`, `language_id`, `name`) VALUES (27, 27, 1, 'Verherrlichung des Nationalsozialismus');
INSERT INTO `FIPOP`.`rating_category_translation` (`id`, `rating_category_id`, `language_id`, `name`) VALUES (28, 28, 1, 'Verherrlichung von Drogenkonsum');
INSERT INTO `FIPOP`.`rating_category_translation` (`id`, `rating_category_id`, `language_id`, `name`) VALUES (29, 29, 1, 'Verherrlichung von exzessivem Alkoholkonsum');
INSERT INTO `FIPOP`.`rating_category_translation` (`id`, `rating_category_id`, `language_id`, `name`) VALUES (30, 30, 1, 'Nahelegen von selbstschdigendem Verhalten');
INSERT INTO `FIPOP`.`rating_category_translation` (`id`, `rating_category_id`, `language_id`, `name`) VALUES (31, 31, 1, 'Strafrechtlich relevante Trgermedien');
INSERT INTO `FIPOP`.`rating_category_translation` (`id`, `rating_category_id`, `language_id`, `name`) VALUES (32, 32, 1, 'Kriegsverherrlichung');
INSERT INTO `FIPOP`.`rating_category_translation` (`id`, `rating_category_id`, `language_id`, `name`) VALUES (33, 33, 1, 'Menschenwrde verletzende Realdarstellungen');
INSERT INTO `FIPOP`.`rating_category_translation` (`id`, `rating_category_id`, `language_id`, `name`) VALUES (34, 34, 1, 'Gewaltbeherrschte Medien');
INSERT INTO `FIPOP`.`rating_category_translation` (`id`, `rating_category_id`, `language_id`, `name`) VALUES (35, 35, 1, 'Posendarstellungen');
INSERT INTO `FIPOP`.`rating_category_translation` (`id`, `rating_category_id`, `language_id`, `name`) VALUES (36, 36, 1, 'Offensichtlich schwere Jugendgefhrdung');
INSERT INTO `FIPOP`.`rating_category_translation` (`id`, `rating_category_id`, `language_id`, `name`) VALUES (37, 37, 1, 'Freigegeben ohne Altersbeschrnkung gem $14 JuSchG.');
INSERT INTO `FIPOP`.`rating_category_translation` (`id`, `rating_category_id`, `language_id`, `name`) VALUES (38, 38, 1, 'Freigegeben ab 6 Jahren gem $14 JuSchG.');
INSERT INTO `FIPOP`.`rating_category_translation` (`id`, `rating_category_id`, `language_id`, `name`) VALUES (39, 39, 1, 'Freigegeben ab 12 Jahren gem $14 JuSchG.');
INSERT INTO `FIPOP`.`rating_category_translation` (`id`, `rating_category_id`, `language_id`, `name`) VALUES (40, 40, 1, 'Freigegeben ab 16 Jahren gem $14 JuSchG.');
INSERT INTO `FIPOP`.`rating_category_translation` (`id`, `rating_category_id`, `language_id`, `name`) VALUES (41, 41, 1, 'Keine Jugendfreigabe gem $14 JuSchG.');
INSERT INTO `FIPOP`.`rating_category_translation` (`id`, `rating_category_id`, `language_id`, `name`) VALUES (42, 42, 1, 'Ab 0 Jahren');
INSERT INTO `FIPOP`.`rating_category_translation` (`id`, `rating_category_id`, `language_id`, `name`) VALUES (43, 43, 1, 'Ab 6 Jahren');
INSERT INTO `FIPOP`.`rating_category_translation` (`id`, `rating_category_id`, `language_id`, `name`) VALUES (44, 44, 1, 'Ab 12 Jahren');
INSERT INTO `FIPOP`.`rating_category_translation` (`id`, `rating_category_id`, `language_id`, `name`) VALUES (45, 45, 1, 'Ab 16 Jahren');
INSERT INTO `FIPOP`.`rating_category_translation` (`id`, `rating_category_id`, `language_id`, `name`) VALUES (46, 46, 1, 'Ab 18 Jahren');
INSERT INTO `FIPOP`.`rating_category_translation` (`id`, `rating_category_id`, `language_id`, `name`) VALUES (47, 47, 1, 'Keine Ausstrahlung');

COMMIT;


-- -----------------------------------------------------
-- Data for table `FIPOP`.`rating_system`
-- -----------------------------------------------------
START TRANSACTION;
USE `FIPOP`;
INSERT INTO `FIPOP`.`rating_system` (`id`, `name`) VALUES (1, 'FSK');
INSERT INTO `FIPOP`.`rating_system` (`id`, `name`) VALUES (2, 'PEGI');
INSERT INTO `FIPOP`.`rating_system` (`id`, `name`) VALUES (3, 'ESRB');
INSERT INTO `FIPOP`.`rating_system` (`id`, `name`) VALUES (4, 'JuSchG 18');
INSERT INTO `FIPOP`.`rating_system` (`id`, `name`) VALUES (5, 'USK');
INSERT INTO `FIPOP`.`rating_system` (`id`, `name`) VALUES (6, 'FSF');

COMMIT;


-- -----------------------------------------------------
-- Data for table `FIPOP`.`reference_entry_type`
-- -----------------------------------------------------
START TRANSACTION;
USE `FIPOP`;
INSERT INTO `FIPOP`.`reference_entry_type` (`id`, `type`) VALUES (1, 'article');
INSERT INTO `FIPOP`.`reference_entry_type` (`id`, `type`) VALUES (2, 'book');
INSERT INTO `FIPOP`.`reference_entry_type` (`id`, `type`) VALUES (3, 'booklet');
INSERT INTO `FIPOP`.`reference_entry_type` (`id`, `type`) VALUES (4, 'collection');
INSERT INTO `FIPOP`.`reference_entry_type` (`id`, `type`) VALUES (5, 'inbook');
INSERT INTO `FIPOP`.`reference_entry_type` (`id`, `type`) VALUES (6, 'incollection');
INSERT INTO `FIPOP`.`reference_entry_type` (`id`, `type`) VALUES (7, 'inproceedings');
INSERT INTO `FIPOP`.`reference_entry_type` (`id`, `type`) VALUES (8, 'manual');
INSERT INTO `FIPOP`.`reference_entry_type` (`id`, `type`) VALUES (9, 'misc');
INSERT INTO `FIPOP`.`reference_entry_type` (`id`, `type`) VALUES (10, 'mvbook');
INSERT INTO `FIPOP`.`reference_entry_type` (`id`, `type`) VALUES (11, 'mvcollection');
INSERT INTO `FIPOP`.`reference_entry_type` (`id`, `type`) VALUES (12, 'mvproceedings');
INSERT INTO `FIPOP`.`reference_entry_type` (`id`, `type`) VALUES (13, 'online');
INSERT INTO `FIPOP`.`reference_entry_type` (`id`, `type`) VALUES (14, 'patent');
INSERT INTO `FIPOP`.`reference_entry_type` (`id`, `type`) VALUES (15, 'periodical');
INSERT INTO `FIPOP`.`reference_entry_type` (`id`, `type`) VALUES (16, 'proceedings');
INSERT INTO `FIPOP`.`reference_entry_type` (`id`, `type`) VALUES (17, 'report');
INSERT INTO `FIPOP`.`reference_entry_type` (`id`, `type`) VALUES (18, 'thesis');
INSERT INTO `FIPOP`.`reference_entry_type` (`id`, `type`) VALUES (19, 'unpublished');

COMMIT;


-- -----------------------------------------------------
-- Data for table `FIPOP`.`role`
-- -----------------------------------------------------
START TRANSACTION;
USE `FIPOP`;
INSERT INTO `FIPOP`.`role` (`id`, `dummy`) VALUES (1, NULL);
INSERT INTO `FIPOP`.`role` (`id`, `dummy`) VALUES (2, NULL);
INSERT INTO `FIPOP`.`role` (`id`, `dummy`) VALUES (3, NULL);
INSERT INTO `FIPOP`.`role` (`id`, `dummy`) VALUES (4, NULL);
INSERT INTO `FIPOP`.`role` (`id`, `dummy`) VALUES (5, NULL);

COMMIT;


-- -----------------------------------------------------
-- Data for table `FIPOP`.`role_group`
-- -----------------------------------------------------
START TRANSACTION;
USE `FIPOP`;
INSERT INTO `FIPOP`.`role_group` (`id`, `dummy`) VALUES (1, NULL);
INSERT INTO `FIPOP`.`role_group` (`id`, `dummy`) VALUES (2, NULL);

COMMIT;


-- -----------------------------------------------------
-- Data for table `FIPOP`.`role_group_has_role`
-- -----------------------------------------------------
START TRANSACTION;
USE `FIPOP`;
INSERT INTO `FIPOP`.`role_group_has_role` (`role_group_id`, `role_id`) VALUES (1, 1);
INSERT INTO `FIPOP`.`role_group_has_role` (`role_group_id`, `role_id`) VALUES (1, 2);
INSERT INTO `FIPOP`.`role_group_has_role` (`role_group_id`, `role_id`) VALUES (1, 3);
INSERT INTO `FIPOP`.`role_group_has_role` (`role_group_id`, `role_id`) VALUES (1, 4);
INSERT INTO `FIPOP`.`role_group_has_role` (`role_group_id`, `role_id`) VALUES (2, 5);

COMMIT;


-- -----------------------------------------------------
-- Data for table `FIPOP`.`role_group_translation`
-- -----------------------------------------------------
START TRANSACTION;
USE `FIPOP`;
INSERT INTO `FIPOP`.`role_group_translation` (`id`, `role_group_id`, `language_id`, `name`) VALUES (1, 1, 1, 'Sioc Rights');
INSERT INTO `FIPOP`.`role_group_translation` (`id`, `role_group_id`, `language_id`, `name`) VALUES (2, 2, 1, 'Media Roles');

COMMIT;


-- -----------------------------------------------------
-- Data for table `FIPOP`.`role_translation`
-- -----------------------------------------------------
START TRANSACTION;
USE `FIPOP`;
INSERT INTO `FIPOP`.`role_translation` (`id`, `role_id`, `language_id`, `name`) VALUES (1, 1, 1, 'all');
INSERT INTO `FIPOP`.`role_translation` (`id`, `role_id`, `language_id`, `name`) VALUES (2, 2, 1, 'administrator');
INSERT INTO `FIPOP`.`role_translation` (`id`, `role_id`, `language_id`, `name`) VALUES (3, 3, 1, 'moderator');
INSERT INTO `FIPOP`.`role_translation` (`id`, `role_id`, `language_id`, `name`) VALUES (4, 4, 1, 'member');
INSERT INTO `FIPOP`.`role_translation` (`id`, `role_id`, `language_id`, `name`) VALUES (5, 5, 1, 'Producer');

COMMIT;


-- -----------------------------------------------------
-- Data for table `FIPOP`.`sex`
-- -----------------------------------------------------
START TRANSACTION;
USE `FIPOP`;
INSERT INTO `FIPOP`.`sex` (`id`) VALUES (1);
INSERT INTO `FIPOP`.`sex` (`id`) VALUES (2);
INSERT INTO `FIPOP`.`sex` (`id`) VALUES (3);
INSERT INTO `FIPOP`.`sex` (`id`) VALUES (4);

COMMIT;


-- -----------------------------------------------------
-- Data for table `FIPOP`.`sex_translation`
-- -----------------------------------------------------
START TRANSACTION;
USE `FIPOP`;
INSERT INTO `FIPOP`.`sex_translation` (`id`, `sex_id`, `language_id`, `type`) VALUES (1, 1, 1, 'female');
INSERT INTO `FIPOP`.`sex_translation` (`id`, `sex_id`, `language_id`, `type`) VALUES (2, 2, 1, 'male');
INSERT INTO `FIPOP`.`sex_translation` (`id`, `sex_id`, `language_id`, `type`) VALUES (3, 3, 1, 'other');
INSERT INTO `FIPOP`.`sex_translation` (`id`, `sex_id`, `language_id`, `type`) VALUES (4, 4, 1, 'unknown');

COMMIT;


-- -----------------------------------------------------
-- Data for table `FIPOP`.`svg_shape_type`
-- -----------------------------------------------------
START TRANSACTION;
USE `FIPOP`;
INSERT INTO `FIPOP`.`svg_shape_type` (`id`) VALUES (1);
INSERT INTO `FIPOP`.`svg_shape_type` (`id`) VALUES (2);
INSERT INTO `FIPOP`.`svg_shape_type` (`id`) VALUES (3);
INSERT INTO `FIPOP`.`svg_shape_type` (`id`) VALUES (4);
INSERT INTO `FIPOP`.`svg_shape_type` (`id`) VALUES (5);

COMMIT;


-- -----------------------------------------------------
-- Data for table `FIPOP`.`svg_shape_type_translation`
-- -----------------------------------------------------
START TRANSACTION;
USE `FIPOP`;
INSERT INTO `FIPOP`.`svg_shape_type_translation` (`id`, `svg_shape_type_id`, `language_id`, `type`) VALUES (1, 1, 1, 'Ellipse');
INSERT INTO `FIPOP`.`svg_shape_type_translation` (`id`, `svg_shape_type_id`, `language_id`, `type`) VALUES (2, 2, 1, 'Line');
INSERT INTO `FIPOP`.`svg_shape_type_translation` (`id`, `svg_shape_type_id`, `language_id`, `type`) VALUES (3, 3, 1, 'Rectangle');
INSERT INTO `FIPOP`.`svg_shape_type_translation` (`id`, `svg_shape_type_id`, `language_id`, `type`) VALUES (4, 4, 1, 'Polyline');
INSERT INTO `FIPOP`.`svg_shape_type_translation` (`id`, `svg_shape_type_id`, `language_id`, `type`) VALUES (5, 5, 1, 'Polygon');
INSERT INTO `FIPOP`.`svg_shape_type_translation` (`id`, `svg_shape_type_id`, `language_id`, `type`) VALUES (6, 1, 2, 'Ellipse');
INSERT INTO `FIPOP`.`svg_shape_type_translation` (`id`, `svg_shape_type_id`, `language_id`, `type`) VALUES (7, 2, 2, 'Line');
INSERT INTO `FIPOP`.`svg_shape_type_translation` (`id`, `svg_shape_type_id`, `language_id`, `type`) VALUES (8, 3, 2, 'Rectangle');
INSERT INTO `FIPOP`.`svg_shape_type_translation` (`id`, `svg_shape_type_id`, `language_id`, `type`) VALUES (9, 4, 2, 'Polyline');
INSERT INTO `FIPOP`.`svg_shape_type_translation` (`id`, `svg_shape_type_id`, `language_id`, `type`) VALUES (10, 5, 2, 'Polygon');
INSERT INTO `FIPOP`.`svg_shape_type_translation` (`id`, `svg_shape_type_id`, `language_id`, `type`) VALUES (11, 1, 3, 'Ellipse');
INSERT INTO `FIPOP`.`svg_shape_type_translation` (`id`, `svg_shape_type_id`, `language_id`, `type`) VALUES (12, 2, 3, 'Linie');
INSERT INTO `FIPOP`.`svg_shape_type_translation` (`id`, `svg_shape_type_id`, `language_id`, `type`) VALUES (13, 3, 3, 'Rechteck');
INSERT INTO `FIPOP`.`svg_shape_type_translation` (`id`, `svg_shape_type_id`, `language_id`, `type`) VALUES (14, 4, 3, 'Polylinie');
INSERT INTO `FIPOP`.`svg_shape_type_translation` (`id`, `svg_shape_type_id`, `language_id`, `type`) VALUES (15, 5, 3, 'Polygon');

COMMIT;


-- -----------------------------------------------------
-- Data for table `FIPOP`.`tempo_marking`
-- -----------------------------------------------------
START TRANSACTION;
USE `FIPOP`;
INSERT INTO `FIPOP`.`tempo_marking` (`id`) VALUES (1);
INSERT INTO `FIPOP`.`tempo_marking` (`id`) VALUES (2);
INSERT INTO `FIPOP`.`tempo_marking` (`id`) VALUES (3);
INSERT INTO `FIPOP`.`tempo_marking` (`id`) VALUES (4);
INSERT INTO `FIPOP`.`tempo_marking` (`id`) VALUES (5);
INSERT INTO `FIPOP`.`tempo_marking` (`id`) VALUES (6);
INSERT INTO `FIPOP`.`tempo_marking` (`id`) VALUES (7);
INSERT INTO `FIPOP`.`tempo_marking` (`id`) VALUES (8);
INSERT INTO `FIPOP`.`tempo_marking` (`id`) VALUES (9);
INSERT INTO `FIPOP`.`tempo_marking` (`id`) VALUES (10);
INSERT INTO `FIPOP`.`tempo_marking` (`id`) VALUES (11);
INSERT INTO `FIPOP`.`tempo_marking` (`id`) VALUES (12);
INSERT INTO `FIPOP`.`tempo_marking` (`id`) VALUES (13);
INSERT INTO `FIPOP`.`tempo_marking` (`id`) VALUES (14);
INSERT INTO `FIPOP`.`tempo_marking` (`id`) VALUES (15);
INSERT INTO `FIPOP`.`tempo_marking` (`id`) VALUES (16);
INSERT INTO `FIPOP`.`tempo_marking` (`id`) VALUES (17);
INSERT INTO `FIPOP`.`tempo_marking` (`id`) VALUES (18);
INSERT INTO `FIPOP`.`tempo_marking` (`id`) VALUES (19);
INSERT INTO `FIPOP`.`tempo_marking` (`id`) VALUES (20);
INSERT INTO `FIPOP`.`tempo_marking` (`id`) VALUES (21);
INSERT INTO `FIPOP`.`tempo_marking` (`id`) VALUES (22);

COMMIT;


-- -----------------------------------------------------
-- Data for table `FIPOP`.`tempo_marking_translation`
-- -----------------------------------------------------
START TRANSACTION;
USE `FIPOP`;
INSERT INTO `FIPOP`.`tempo_marking_translation` (`id`, `tempo_marking_id`, `language_id`, `type`, `description`) VALUES (1, 1, 1, 'Larghissimo', '[wikipedia] very, very slow (24bpm and under)');
INSERT INTO `FIPOP`.`tempo_marking_translation` (`id`, `tempo_marking_id`, `language_id`, `type`, `description`) VALUES (2, 2, 1, 'Adagissimo', '[wikipedia] very slowly');
INSERT INTO `FIPOP`.`tempo_marking_translation` (`id`, `tempo_marking_id`, `language_id`, `type`, `description`) VALUES (3, 3, 1, 'Sostenuto', '[wikipedia] sustained');
INSERT INTO `FIPOP`.`tempo_marking_translation` (`id`, `tempo_marking_id`, `language_id`, `type`, `description`) VALUES (4, 4, 1, 'Grave', '[wikipedia] very slow (2545bpm)');
INSERT INTO `FIPOP`.`tempo_marking_translation` (`id`, `tempo_marking_id`, `language_id`, `type`, `description`) VALUES (5, 5, 1, 'Largo', '[wikipedia] broadly (4060bpm)');
INSERT INTO `FIPOP`.`tempo_marking_translation` (`id`, `tempo_marking_id`, `language_id`, `type`, `description`) VALUES (6, 6, 1, 'Lento', '[wikipedia] slowly (4560bpm)');
INSERT INTO `FIPOP`.`tempo_marking_translation` (`id`, `tempo_marking_id`, `language_id`, `type`, `description`) VALUES (7, 7, 1, 'Larghetto', '[wikipedia] rather broadly (6066bpm)');
INSERT INTO `FIPOP`.`tempo_marking_translation` (`id`, `tempo_marking_id`, `language_id`, `type`, `description`) VALUES (8, 8, 1, 'Adagio', '[wikipedia] slowly with great expression[8] (6676bpm)');
INSERT INTO `FIPOP`.`tempo_marking_translation` (`id`, `tempo_marking_id`, `language_id`, `type`, `description`) VALUES (9, 9, 1, 'Adagietto', '[wikipedia] slower than andante (7276bpm) or slightly faster than adagio (7080bpm)');
INSERT INTO `FIPOP`.`tempo_marking_translation` (`id`, `tempo_marking_id`, `language_id`, `type`, `description`) VALUES (10, 10, 1, 'Andante', '[wikipedia] at a walking pace (76108bpm)');
INSERT INTO `FIPOP`.`tempo_marking_translation` (`id`, `tempo_marking_id`, `language_id`, `type`, `description`) VALUES (11, 11, 1, 'Andantino', '[wikipedia] slightly faster than andante (although, in some cases, it can be taken to mean slightly slower than andante) (80108bpm)');
INSERT INTO `FIPOP`.`tempo_marking_translation` (`id`, `tempo_marking_id`, `language_id`, `type`, `description`) VALUES (12, 12, 1, 'Marcia moderato', '[wikipedia] moderately, in the manner of a march[9][10] (8385bpm)');
INSERT INTO `FIPOP`.`tempo_marking_translation` (`id`, `tempo_marking_id`, `language_id`, `type`, `description`) VALUES (13, 13, 1, 'Andante moderato', '[wikipedia] between andante and moderato (thus the name) (92112bpm)');
INSERT INTO `FIPOP`.`tempo_marking_translation` (`id`, `tempo_marking_id`, `language_id`, `type`, `description`) VALUES (14, 14, 1, 'Moderato', '[wikipedia] at a moderate speed (108120bpm)');
INSERT INTO `FIPOP`.`tempo_marking_translation` (`id`, `tempo_marking_id`, `language_id`, `type`, `description`) VALUES (15, 15, 1, 'Allegretto', '[wikipedia] by the mid 19th century, moderately fast (112120bpm); see paragraph above for earlier usage');
INSERT INTO `FIPOP`.`tempo_marking_translation` (`id`, `tempo_marking_id`, `language_id`, `type`, `description`) VALUES (16, 16, 1, 'Allegro moderato', '[wikipedia] close to, but not quite allegro (116120bpm)');
INSERT INTO `FIPOP`.`tempo_marking_translation` (`id`, `tempo_marking_id`, `language_id`, `type`, `description`) VALUES (17, 17, 1, 'Allegro moderato', '[wikipedia] fast, quickly, and bright (120156bpm) (molto allegro is slightly faster than allegro, but always in its range)');
INSERT INTO `FIPOP`.`tempo_marking_translation` (`id`, `tempo_marking_id`, `language_id`, `type`, `description`) VALUES (18, 18, 1, 'Vivace', '[wikipedia] lively and fast (156176bpm)');
INSERT INTO `FIPOP`.`tempo_marking_translation` (`id`, `tempo_marking_id`, `language_id`, `type`, `description`) VALUES (19, 19, 1, 'Vivacissimo', '[wikipedia] very fast and lively (172176bpm)');
INSERT INTO `FIPOP`.`tempo_marking_translation` (`id`, `tempo_marking_id`, `language_id`, `type`, `description`) VALUES (20, 20, 1, 'Allegrissimo or Allegro vivace', '[wikipedia] very fast (172176bpm)');
INSERT INTO `FIPOP`.`tempo_marking_translation` (`id`, `tempo_marking_id`, `language_id`, `type`, `description`) VALUES (21, 21, 1, 'Presto', '[wikipedia] very, very fast (168200bpm)');
INSERT INTO `FIPOP`.`tempo_marking_translation` (`id`, `tempo_marking_id`, `language_id`, `type`, `description`) VALUES (22, 22, 1, 'Prestissimo', '[wikipedia] even faster than presto (200bpm and over)');

COMMIT;


-- -----------------------------------------------------
-- Data for table `FIPOP`.`user_account`
-- -----------------------------------------------------
START TRANSACTION;
USE `FIPOP`;
INSERT INTO `FIPOP`.`user_account` (`id`, `user_password_id`, `user_account_status`, `account_name`, `display_name`, `created_at`, `recovery_email_encrypted`, `content_access_rights`, `user_settings_web_interface`) VALUES (1, 2, 'active', 'admin', 'admin', '2017-12-01 01:00:00', 'foo@bar.de', NULL, NULL);
INSERT INTO `FIPOP`.`user_account` (`id`, `user_password_id`, `user_account_status`, `account_name`, `display_name`, `created_at`, `recovery_email_encrypted`, `content_access_rights`, `user_settings_web_interface`) VALUES (2, 3, 'active', 'ms', 'Mirko Scherf', '2017-12-01 01:00:00', 'foo@bar.de', NULL, NULL);
INSERT INTO `FIPOP`.`user_account` (`id`, `user_password_id`, `user_account_status`, `account_name`, `display_name`, `created_at`, `recovery_email_encrypted`, `content_access_rights`, `user_settings_web_interface`) VALUES (3, 4, 'active', 'cg', 'Christoph Gnther', '2017-12-01 01:00:00', 'foo@bar.de', NULL, NULL);
INSERT INTO `FIPOP`.`user_account` (`id`, `user_password_id`, `user_account_status`, `account_name`, `display_name`, `created_at`, `recovery_email_encrypted`, `content_access_rights`, `user_settings_web_interface`) VALUES (4, 5, 'suspended', 'bz', 'Bernd Zywietz', '2017-12-01 01:00:00', 'foo@bar.de', NULL, NULL);
INSERT INTO `FIPOP`.`user_account` (`id`, `user_password_id`, `user_account_status`, `account_name`, `display_name`, `created_at`, `recovery_email_encrypted`, `content_access_rights`, `user_settings_web_interface`) VALUES (5, 6, 'active', 'ad', 'Alexandra Dick', '2017-12-01 01:00:00', 'foo@bar.de', NULL, NULL);
INSERT INTO `FIPOP`.`user_account` (`id`, `user_password_id`, `user_account_status`, `account_name`, `display_name`, `created_at`, `recovery_email_encrypted`, `content_access_rights`, `user_settings_web_interface`) VALUES (6, 7, 'active', 'sp', 'Simone Pfeifer', '2017-12-01 01:00:00', 'foo@bar.de', NULL, NULL);
INSERT INTO `FIPOP`.`user_account` (`id`, `user_password_id`, `user_account_status`, `account_name`, `display_name`, `created_at`, `recovery_email_encrypted`, `content_access_rights`, `user_settings_web_interface`) VALUES (7, 8, 'active', 'yb', 'Yorck Beese', '2017-12-01 01:00:00', 'foo@bar.de', NULL, NULL);
INSERT INTO `FIPOP`.`user_account` (`id`, `user_password_id`, `user_account_status`, `account_name`, `display_name`, `created_at`, `recovery_email_encrypted`, `content_access_rights`, `user_settings_web_interface`) VALUES (8, 9, 'active', 'lf', 'Larissa Fuhrmann', '2017-12-01 01:00:00', 'foo@bar.de', NULL, NULL);
INSERT INTO `FIPOP`.`user_account` (`id`, `user_password_id`, `user_account_status`, `account_name`, `display_name`, `created_at`, `recovery_email_encrypted`, `content_access_rights`, `user_settings_web_interface`) VALUES (9, 10, 'active', 'jh', 'Joshua Hirschauer', '2017-12-01 01:00:00', 'foo@bar.de', NULL, NULL);
INSERT INTO `FIPOP`.`user_account` (`id`, `user_password_id`, `user_account_status`, `account_name`, `display_name`, `created_at`, `recovery_email_encrypted`, `content_access_rights`, `user_settings_web_interface`) VALUES (10, 11, 'suspended', 'fn', 'Felicitas Nilles', '2017-12-01 01:00:00', 'foo@bar.de', NULL, NULL);
INSERT INTO `FIPOP`.`user_account` (`id`, `user_password_id`, `user_account_status`, `account_name`, `display_name`, `created_at`, `recovery_email_encrypted`, `content_access_rights`, `user_settings_web_interface`) VALUES (11, 12, 'active', 'test', 'Tester', '2017-12-01 01:00:00', 'foo@bar.de', NULL, NULL);
INSERT INTO `FIPOP`.`user_account` (`id`, `user_password_id`, `user_account_status`, `account_name`, `display_name`, `created_at`, `recovery_email_encrypted`, `content_access_rights`, `user_settings_web_interface`) VALUES (12, 13, 'active', 'lg', 'Lena Goeth', '2017-12-01 01:00:00', 'foo@bar.de', NULL, NULL);
INSERT INTO `FIPOP`.`user_account` (`id`, `user_password_id`, `user_account_status`, `account_name`, `display_name`, `created_at`, `recovery_email_encrypted`, `content_access_rights`, `user_settings_web_interface`) VALUES (13, 14, 'active', 'rd', 'Robert Drre', '2020-08-03 08:23:20', 'foo@bar.de', NULL, NULL);
INSERT INTO `FIPOP`.`user_account` (`id`, `user_password_id`, `user_account_status`, `account_name`, `display_name`, `created_at`, `recovery_email_encrypted`, `content_access_rights`, `user_settings_web_interface`) VALUES (14, 15, 'active', 'sar', 'Stefanie Acquavella-Rauch', '2020-09-29 01:00:00', 'foo@bar.de', NULL, NULL);
INSERT INTO `FIPOP`.`user_account` (`id`, `user_password_id`, `user_account_status`, `account_name`, `display_name`, `created_at`, `recovery_email_encrypted`, `content_access_rights`, `user_settings_web_interface`) VALUES (16, 17, 'active', 'mw', 'Michael W.', '2020-11-23 16:18:00', 'foo@bar.de', NULL, NULL);
INSERT INTO `FIPOP`.`user_account` (`id`, `user_password_id`, `user_account_status`, `account_name`, `display_name`, `created_at`, `recovery_email_encrypted`, `content_access_rights`, `user_settings_web_interface`) VALUES (15, 16, 'active', 'ma', 'Majd Alkatreeb', '2020-10-07 01:00:00', 'foo@bar.de', NULL, NULL);
INSERT INTO `FIPOP`.`user_account` (`id`, `user_password_id`, `user_account_status`, `account_name`, `display_name`, `created_at`, `recovery_email_encrypted`, `content_access_rights`, `user_settings_web_interface`) VALUES (17, 18, 'active', 'sptz', 'Sabrina Ptz', '2020-12-21 10:18:00', 'foo@bar.de', NULL, NULL);

COMMIT;


-- -----------------------------------------------------
-- Data for table `FIPOP`.`user_log_event_type`
-- -----------------------------------------------------
START TRANSACTION;
USE `FIPOP`;
INSERT INTO `FIPOP`.`user_log_event_type` (`id`, `type`) VALUES (1, 'login');
INSERT INTO `FIPOP`.`user_log_event_type` (`id`, `type`) VALUES (2, 'logout');
INSERT INTO `FIPOP`.`user_log_event_type` (`id`, `type`) VALUES (3, 'timeout');
INSERT INTO `FIPOP`.`user_log_event_type` (`id`, `type`) VALUES (4, 'userCreated');
INSERT INTO `FIPOP`.`user_log_event_type` (`id`, `type`) VALUES (5, 'userSuspended');
INSERT INTO `FIPOP`.`user_log_event_type` (`id`, `type`) VALUES (6, 'userDeleted');
INSERT INTO `FIPOP`.`user_log_event_type` (`id`, `type`) VALUES (7, 'userActivated');
INSERT INTO `FIPOP`.`user_log_event_type` (`id`, `type`) VALUES (8, 'mediumCreated');
INSERT INTO `FIPOP`.`user_log_event_type` (`id`, `type`) VALUES (9, 'mediumEdited');
INSERT INTO `FIPOP`.`user_log_event_type` (`id`, `type`) VALUES (10, 'mediumDeleted');
INSERT INTO `FIPOP`.`user_log_event_type` (`id`, `type`) VALUES (11, 'analysislistCreated');
INSERT INTO `FIPOP`.`user_log_event_type` (`id`, `type`) VALUES (12, 'analysislistEdited');
INSERT INTO `FIPOP`.`user_log_event_type` (`id`, `type`) VALUES (13, 'analysislistDeleted');
INSERT INTO `FIPOP`.`user_log_event_type` (`id`, `type`) VALUES (14, 'annotationCreated');
INSERT INTO `FIPOP`.`user_log_event_type` (`id`, `type`) VALUES (15, 'annotationEdited');
INSERT INTO `FIPOP`.`user_log_event_type` (`id`, `type`) VALUES (16, 'annotationDeleted');
INSERT INTO `FIPOP`.`user_log_event_type` (`id`, `type`) VALUES (17, 'categorySetCreated');
INSERT INTO `FIPOP`.`user_log_event_type` (`id`, `type`) VALUES (18, 'categorySetEdited');
INSERT INTO `FIPOP`.`user_log_event_type` (`id`, `type`) VALUES (19, 'categorySetDeleted');
INSERT INTO `FIPOP`.`user_log_event_type` (`id`, `type`) VALUES (20, 'analysisSegmentCreated');
INSERT INTO `FIPOP`.`user_log_event_type` (`id`, `type`) VALUES (21, 'analysisSegmentEdited');
INSERT INTO `FIPOP`.`user_log_event_type` (`id`, `type`) VALUES (22, 'analysisSegmentDeleted');
INSERT INTO `FIPOP`.`user_log_event_type` (`id`, `type`) VALUES (23, 'eventCreated');
INSERT INTO `FIPOP`.`user_log_event_type` (`id`, `type`) VALUES (24, 'eventEdited');
INSERT INTO `FIPOP`.`user_log_event_type` (`id`, `type`) VALUES (25, 'eventDeleted');
INSERT INTO `FIPOP`.`user_log_event_type` (`id`, `type`) VALUES (26, 'actorCreated');
INSERT INTO `FIPOP`.`user_log_event_type` (`id`, `type`) VALUES (27, 'actorEdited');
INSERT INTO `FIPOP`.`user_log_event_type` (`id`, `type`) VALUES (28, 'actorDeleted');
INSERT INTO `FIPOP`.`user_log_event_type` (`id`, `type`) VALUES (29, 'locationCreated');
INSERT INTO `FIPOP`.`user_log_event_type` (`id`, `type`) VALUES (30, 'locationEdited');
INSERT INTO `FIPOP`.`user_log_event_type` (`id`, `type`) VALUES (31, 'locationDeleted');
INSERT INTO `FIPOP`.`user_log_event_type` (`id`, `type`) VALUES (32, 'countryCreated');
INSERT INTO `FIPOP`.`user_log_event_type` (`id`, `type`) VALUES (33, 'countryEdited');
INSERT INTO `FIPOP`.`user_log_event_type` (`id`, `type`) VALUES (34, 'countryDeleted');
INSERT INTO `FIPOP`.`user_log_event_type` (`id`, `type`) VALUES (35, 'videoCreated');
INSERT INTO `FIPOP`.`user_log_event_type` (`id`, `type`) VALUES (36, 'videoEdited');
INSERT INTO `FIPOP`.`user_log_event_type` (`id`, `type`) VALUES (37, 'videoDeleted');
INSERT INTO `FIPOP`.`user_log_event_type` (`id`, `type`) VALUES (38, 'titleCreated');
INSERT INTO `FIPOP`.`user_log_event_type` (`id`, `type`) VALUES (39, 'titleEdited');
INSERT INTO `FIPOP`.`user_log_event_type` (`id`, `type`) VALUES (40, 'titleDeleted');
INSERT INTO `FIPOP`.`user_log_event_type` (`id`, `type`) VALUES (41, 'videogameCreated');
INSERT INTO `FIPOP`.`user_log_event_type` (`id`, `type`) VALUES (42, 'videogameEdited');
INSERT INTO `FIPOP`.`user_log_event_type` (`id`, `type`) VALUES (43, 'videogameDeleted');
INSERT INTO `FIPOP`.`user_log_event_type` (`id`, `type`) VALUES (44, 'audioCreated');
INSERT INTO `FIPOP`.`user_log_event_type` (`id`, `type`) VALUES (45, 'audioEdited');
INSERT INTO `FIPOP`.`user_log_event_type` (`id`, `type`) VALUES (46, 'audioDeleted');
INSERT INTO `FIPOP`.`user_log_event_type` (`id`, `type`) VALUES (47, 'documentCreated');
INSERT INTO `FIPOP`.`user_log_event_type` (`id`, `type`) VALUES (48, 'documentEdited');
INSERT INTO `FIPOP`.`user_log_event_type` (`id`, `type`) VALUES (49, 'documentDeleted');
INSERT INTO `FIPOP`.`user_log_event_type` (`id`, `type`) VALUES (50, 'imageCreated');
INSERT INTO `FIPOP`.`user_log_event_type` (`id`, `type`) VALUES (51, 'imageEdited');
INSERT INTO `FIPOP`.`user_log_event_type` (`id`, `type`) VALUES (52, 'imageDeleted');
INSERT INTO `FIPOP`.`user_log_event_type` (`id`, `type`) VALUES (53, 'softwareCreated');
INSERT INTO `FIPOP`.`user_log_event_type` (`id`, `type`) VALUES (54, 'softwareEdited');
INSERT INTO `FIPOP`.`user_log_event_type` (`id`, `type`) VALUES (55, 'softwareDeleted');
INSERT INTO `FIPOP`.`user_log_event_type` (`id`, `type`) VALUES (56, 'textCreated');
INSERT INTO `FIPOP`.`user_log_event_type` (`id`, `type`) VALUES (57, 'textEdited');
INSERT INTO `FIPOP`.`user_log_event_type` (`id`, `type`) VALUES (58, 'textDeleted');
INSERT INTO `FIPOP`.`user_log_event_type` (`id`, `type`) VALUES (59, 'provinceCreated');
INSERT INTO `FIPOP`.`user_log_event_type` (`id`, `type`) VALUES (60, 'provinceEdited');
INSERT INTO `FIPOP`.`user_log_event_type` (`id`, `type`) VALUES (61, 'provinceDeleted');
INSERT INTO `FIPOP`.`user_log_event_type` (`id`, `type`) VALUES (62, 'countyCreated');
INSERT INTO `FIPOP`.`user_log_event_type` (`id`, `type`) VALUES (63, 'countyEdited');
INSERT INTO `FIPOP`.`user_log_event_type` (`id`, `type`) VALUES (64, 'countyDeleted');
INSERT INTO `FIPOP`.`user_log_event_type` (`id`, `type`) VALUES (65, 'cityCreated');
INSERT INTO `FIPOP`.`user_log_event_type` (`id`, `type`) VALUES (66, 'cityEdited');
INSERT INTO `FIPOP`.`user_log_event_type` (`id`, `type`) VALUES (67, 'cityDeleted');
INSERT INTO `FIPOP`.`user_log_event_type` (`id`, `type`) VALUES (68, 'streetCreated');
INSERT INTO `FIPOP`.`user_log_event_type` (`id`, `type`) VALUES (69, 'streetEdited');
INSERT INTO `FIPOP`.`user_log_event_type` (`id`, `type`) VALUES (70, 'streetDeleted');
INSERT INTO `FIPOP`.`user_log_event_type` (`id`, `type`) VALUES (71, 'sourceCreated');
INSERT INTO `FIPOP`.`user_log_event_type` (`id`, `type`) VALUES (72, 'sourceEdited');
INSERT INTO `FIPOP`.`user_log_event_type` (`id`, `type`) VALUES (73, 'sourceDeleted');
INSERT INTO `FIPOP`.`user_log_event_type` (`id`, `type`) VALUES (74, 'mediaCollectionCreated');
INSERT INTO `FIPOP`.`user_log_event_type` (`id`, `type`) VALUES (75, 'mediaCollectionEdited');
INSERT INTO `FIPOP`.`user_log_event_type` (`id`, `type`) VALUES (76, 'mediaCollectionDeleted');
INSERT INTO `FIPOP`.`user_log_event_type` (`id`, `type`) VALUES (77, 'categoryCreated');
INSERT INTO `FIPOP`.`user_log_event_type` (`id`, `type`) VALUES (78, 'categoryEdited');
INSERT INTO `FIPOP`.`user_log_event_type` (`id`, `type`) VALUES (79, 'categoryDeleted');
INSERT INTO `FIPOP`.`user_log_event_type` (`id`, `type`) VALUES (80, 'collectiveCreated');
INSERT INTO `FIPOP`.`user_log_event_type` (`id`, `type`) VALUES (81, 'collectiveEdited');
INSERT INTO `FIPOP`.`user_log_event_type` (`id`, `type`) VALUES (82, 'collectiveDeleted');
INSERT INTO `FIPOP`.`user_log_event_type` (`id`, `type`) VALUES (83, 'actorNameCreated');
INSERT INTO `FIPOP`.`user_log_event_type` (`id`, `type`) VALUES (84, 'actorNameEdited');
INSERT INTO `FIPOP`.`user_log_event_type` (`id`, `type`) VALUES (85, 'actorNameDeleted');
INSERT INTO `FIPOP`.`user_log_event_type` (`id`, `type`) VALUES (86, 'addressCreated');
INSERT INTO `FIPOP`.`user_log_event_type` (`id`, `type`) VALUES (87, 'addressEdited');
INSERT INTO `FIPOP`.`user_log_event_type` (`id`, `type`) VALUES (88, 'addressDeleted');
INSERT INTO `FIPOP`.`user_log_event_type` (`id`, `type`) VALUES (89, 'emailCreated');
INSERT INTO `FIPOP`.`user_log_event_type` (`id`, `type`) VALUES (90, 'emailEdited');
INSERT INTO `FIPOP`.`user_log_event_type` (`id`, `type`) VALUES (91, 'emailDeleted');
INSERT INTO `FIPOP`.`user_log_event_type` (`id`, `type`) VALUES (92, 'phoneNumberCreated');
INSERT INTO `FIPOP`.`user_log_event_type` (`id`, `type`) VALUES (93, 'phoneNumberEdited');
INSERT INTO `FIPOP`.`user_log_event_type` (`id`, `type`) VALUES (94, 'phoneNumberDeleted');
INSERT INTO `FIPOP`.`user_log_event_type` (`id`, `type`) VALUES (95, 'personCreated');
INSERT INTO `FIPOP`.`user_log_event_type` (`id`, `type`) VALUES (96, 'personEdited');
INSERT INTO `FIPOP`.`user_log_event_type` (`id`, `type`) VALUES (97, 'personDeleted');
INSERT INTO `FIPOP`.`user_log_event_type` (`id`, `type`) VALUES (98, 'citizenshipCreated');
INSERT INTO `FIPOP`.`user_log_event_type` (`id`, `type`) VALUES (99, 'citizenshipEdited');
INSERT INTO `FIPOP`.`user_log_event_type` (`id`, `type`) VALUES (100, 'citizenshipDeleted');
INSERT INTO `FIPOP`.`user_log_event_type` (`id`, `type`) VALUES (101, 'membershipCreated');
INSERT INTO `FIPOP`.`user_log_event_type` (`id`, `type`) VALUES (102, 'membershipEdited');
INSERT INTO `FIPOP`.`user_log_event_type` (`id`, `type`) VALUES (103, 'membershipDeleted');
INSERT INTO `FIPOP`.`user_log_event_type` (`id`, `type`) VALUES (104, 'roleCreated');
INSERT INTO `FIPOP`.`user_log_event_type` (`id`, `type`) VALUES (105, 'roleEdited');
INSERT INTO `FIPOP`.`user_log_event_type` (`id`, `type`) VALUES (106, 'roleDeleted');
INSERT INTO `FIPOP`.`user_log_event_type` (`id`, `type`) VALUES (107, 'roleGroupCreated');
INSERT INTO `FIPOP`.`user_log_event_type` (`id`, `type`) VALUES (108, 'roleGroupEdited');
INSERT INTO `FIPOP`.`user_log_event_type` (`id`, `type`) VALUES (109, 'roleGroupDeleted');
INSERT INTO `FIPOP`.`user_log_event_type` (`id`, `type`) VALUES (110, 'languageCreated');
INSERT INTO `FIPOP`.`user_log_event_type` (`id`, `type`) VALUES (111, 'languageEdited');
INSERT INTO `FIPOP`.`user_log_event_type` (`id`, `type`) VALUES (112, 'languageDeleted');
INSERT INTO `FIPOP`.`user_log_event_type` (`id`, `type`) VALUES (113, 'analysisSequenceCreated');
INSERT INTO `FIPOP`.`user_log_event_type` (`id`, `type`) VALUES (114, 'analysisSequenceEdited');
INSERT INTO `FIPOP`.`user_log_event_type` (`id`, `type`) VALUES (115, 'analysisSequenceDeleted');
INSERT INTO `FIPOP`.`user_log_event_type` (`id`, `type`) VALUES (116, 'analysisSceneCreated');
INSERT INTO `FIPOP`.`user_log_event_type` (`id`, `type`) VALUES (117, 'analysisSceneEdited');
INSERT INTO `FIPOP`.`user_log_event_type` (`id`, `type`) VALUES (118, 'analysisSceneDeleted');
INSERT INTO `FIPOP`.`user_log_event_type` (`id`, `type`) VALUES (119, 'analysisActionCreated');
INSERT INTO `FIPOP`.`user_log_event_type` (`id`, `type`) VALUES (120, 'analysisActionEdited');
INSERT INTO `FIPOP`.`user_log_event_type` (`id`, `type`) VALUES (121, 'analysisActionDeleted');
INSERT INTO `FIPOP`.`user_log_event_type` (`id`, `type`) VALUES (122, 'analysisTakeCreated');
INSERT INTO `FIPOP`.`user_log_event_type` (`id`, `type`) VALUES (123, 'analysisTakeEdited');
INSERT INTO `FIPOP`.`user_log_event_type` (`id`, `type`) VALUES (124, 'analysisTakeDeleted');

COMMIT;


-- -----------------------------------------------------
-- Data for table `FIPOP`.`user_password`
-- -----------------------------------------------------
START TRANSACTION;
USE `FIPOP`;
INSERT INTO `FIPOP`.`user_password` (`id`, `user_password_hash_type_id`, `salt`, `key_stretching_iterations`, `stretched_hash_encrypted`) VALUES (1, 1, 'salzigessalt', 8, '2056e096a5bc860218bd7e6a373950c6d5d7c794e611a9791acdf0f2db782a33');
INSERT INTO `FIPOP`.`user_password` (`id`, `user_password_hash_type_id`, `salt`, `key_stretching_iterations`, `stretched_hash_encrypted`) VALUES (2, 1, 'salzigessalt', 8, '4f65822a8d988817101ead4b2d8d945df252e4862a2df324f60e042183aceba0');
INSERT INTO `FIPOP`.`user_password` (`id`, `user_password_hash_type_id`, `salt`, `key_stretching_iterations`, `stretched_hash_encrypted`) VALUES (3, 1, 'salzigessalt', 8, '63d6debccfd73a0162c4178cd84c1436c5254bcbb5bd393c28d4bef8e4ea2452');
INSERT INTO `FIPOP`.`user_password` (`id`, `user_password_hash_type_id`, `salt`, `key_stretching_iterations`, `stretched_hash_encrypted`) VALUES (4, 1, 'salzigessalt', 8, '517132d37e4e2712f6cfde4f32cd8531873ebcd168a0b3c59cc43810506faebb');
INSERT INTO `FIPOP`.`user_password` (`id`, `user_password_hash_type_id`, `salt`, `key_stretching_iterations`, `stretched_hash_encrypted`) VALUES (5, 1, 'salzigessalt', 8, '1272519adf2707be332f355a8f791ca45b543d0e8c597d20c4affdf2a9fa8c80');
INSERT INTO `FIPOP`.`user_password` (`id`, `user_password_hash_type_id`, `salt`, `key_stretching_iterations`, `stretched_hash_encrypted`) VALUES (6, 1, 'salzigessalt', 8, '072f743f17e27f67170e2c6afcbbb1278de12339ad196ab7755a87b4ea194e8f');
INSERT INTO `FIPOP`.`user_password` (`id`, `user_password_hash_type_id`, `salt`, `key_stretching_iterations`, `stretched_hash_encrypted`) VALUES (7, 1, 'salzigessalt', 8, '859074278dbafb215e82919320ff6039b714fdda3c2a771c79c9c4b41a7d3323');
INSERT INTO `FIPOP`.`user_password` (`id`, `user_password_hash_type_id`, `salt`, `key_stretching_iterations`, `stretched_hash_encrypted`) VALUES (8, 1, 'salzigessalt', 8, '254668f276590e5304c5856db71d6fd70d350357785dbf934ad4671ec6ba82fe');
INSERT INTO `FIPOP`.`user_password` (`id`, `user_password_hash_type_id`, `salt`, `key_stretching_iterations`, `stretched_hash_encrypted`) VALUES (9, 1, 'salzigessalt', 8, 'cabefce576babe1d21b71636a8a6e149c414bdba1ccbac748a4fd5d3da9a142a');
INSERT INTO `FIPOP`.`user_password` (`id`, `user_password_hash_type_id`, `salt`, `key_stretching_iterations`, `stretched_hash_encrypted`) VALUES (10, 1, 'salzigessalt', 8, 'bafff634f0b4f541d8d688ee17112bfc0d0c00f65294a54b6f94416d1c7e289a');
INSERT INTO `FIPOP`.`user_password` (`id`, `user_password_hash_type_id`, `salt`, `key_stretching_iterations`, `stretched_hash_encrypted`) VALUES (11, 1, 'salzigessalt', 8, 'f606b2f56165c864fdec94641a919db3b59b9dee562099b8b50a505f96d3f186');
INSERT INTO `FIPOP`.`user_password` (`id`, `user_password_hash_type_id`, `salt`, `key_stretching_iterations`, `stretched_hash_encrypted`) VALUES (12, 1, 'salzigessalt', 8, '074cbcdaedb5bf1792c10213b04090f404d817357d596c7921d31afee5e60f5d');
INSERT INTO `FIPOP`.`user_password` (`id`, `user_password_hash_type_id`, `salt`, `key_stretching_iterations`, `stretched_hash_encrypted`) VALUES (13, 1, 'salzigessalt', 8, 'f534d6c6445e9b5fcad6dea856de3c705c0448c63d6e01ec06ce1317502ed3ee');
INSERT INTO `FIPOP`.`user_password` (`id`, `user_password_hash_type_id`, `salt`, `key_stretching_iterations`, `stretched_hash_encrypted`) VALUES (14, 1, 'salzigessalt', 8, 'bee5580cbeb5797fdf06e3a771001c0dea5ce3c2d4dd1213a9753b78a79786e0');
INSERT INTO `FIPOP`.`user_password` (`id`, `user_password_hash_type_id`, `salt`, `key_stretching_iterations`, `stretched_hash_encrypted`) VALUES (15, 1, 'salzigessalt', 8, '9166e498805df8e84cc35bc8cc47ec99e391000d82c3d2f435d450ae800a7ddf');
INSERT INTO `FIPOP`.`user_password` (`id`, `user_password_hash_type_id`, `salt`, `key_stretching_iterations`, `stretched_hash_encrypted`) VALUES (16, 1, 'salzigessalt', 8, '2785b4149c3df37b1439acedda7932fd9ef7d74840eacdb193ddefca21b59225');
INSERT INTO `FIPOP`.`user_password` (`id`, `user_password_hash_type_id`, `salt`, `key_stretching_iterations`, `stretched_hash_encrypted`) VALUES (17, 1, 'salzigessalt', 8, 'a057bb67d7247668b9abfbacdb7a30116cbbfe274b8711c30bdb2a7486475732');
INSERT INTO `FIPOP`.`user_password` (`id`, `user_password_hash_type_id`, `salt`, `key_stretching_iterations`, `stretched_hash_encrypted`) VALUES (18, 1, 'salzigessalt', 8, DEFAULT);

COMMIT;


-- -----------------------------------------------------
-- Data for table `FIPOP`.`user_password_hash_type`
-- -----------------------------------------------------
START TRANSACTION;
USE `FIPOP`;
INSERT INTO `FIPOP`.`user_password_hash_type` (`id`, `type`) VALUES (1, 'argon2id');

COMMIT;


-- -----------------------------------------------------
-- Data for table `FIPOP`.`work`
-- -----------------------------------------------------
START TRANSACTION;
USE `FIPOP`;
INSERT INTO `FIPOP`.`work` (`id`, `title`) VALUES (1, 'PLACEHOLDER [WORK]');

COMMIT;

